# Blender 5.1.1
# www.blender.org
mtllib Chip - FPE.mtl
o Object_86
v 0.016072 0.248708 0.073365
v 0.019753 0.243958 0.072083
v 0.046460 0.296862 0.062779
v 0.013337 0.254127 0.074318
v 0.011653 0.260007 0.074905
v 0.011084 0.266122 0.075103
v 0.011654 0.272237 0.074905
v 0.013338 0.278117 0.074318
v 0.016074 0.283536 0.073365
v 0.019755 0.288285 0.072083
v 0.024241 0.292183 0.070520
v 0.029358 0.295079 0.068737
v 0.034911 0.296863 0.066803
v 0.040685 0.297465 0.064791
v 0.057129 0.292181 0.059061
v 0.052012 0.295078 0.060844
v 0.061614 0.288283 0.057499
v 0.065295 0.283533 0.056216
v 0.068030 0.278114 0.055263
v 0.069714 0.272234 0.054676
v 0.070283 0.266119 0.054478
v 0.069713 0.260004 0.054676
v 0.068029 0.254124 0.055263
v 0.065293 0.248705 0.056216
v 0.061612 0.243955 0.057499
v 0.057126 0.240058 0.059061
v 0.052009 0.237161 0.060844
v 0.046456 0.235378 0.062779
v 0.040682 0.234776 0.064791
v 0.034907 0.235379 0.066803
v 0.029355 0.237163 0.068737
v 0.024238 0.240059 0.070520
v -0.016557 0.291667 0.068203
v -0.014904 0.293417 0.068779
v -0.021726 0.296160 0.066402
v -0.012314 0.286192 0.069681
v -0.010371 0.287567 0.070358
v -0.009161 0.279945 0.070780
v -0.007002 0.280892 0.071532
v -0.007220 0.273168 0.071456
v -0.004928 0.273650 0.072255
v -0.006565 0.266119 0.071684
v -0.004228 0.266119 0.072499
v -0.004929 0.258588 0.072255
v -0.007221 0.259071 0.071456
v -0.009163 0.252293 0.070780
v -0.007004 0.251346 0.071532
v -0.012316 0.246047 0.069681
v -0.010373 0.244672 0.070358
v -0.016559 0.240572 0.068203
v -0.014907 0.238822 0.068779
v -0.021730 0.236080 0.066402
v -0.020431 0.234022 0.066854
v -0.027628 0.232741 0.064347
v -0.026734 0.230455 0.064658
v -0.034029 0.230685 0.062117
v -0.033573 0.228258 0.062276
v -0.040685 0.227517 0.059798
v -0.040685 0.229992 0.059798
v -0.047797 0.228259 0.057320
v -0.047341 0.230686 0.057479
v -0.053741 0.232743 0.055249
v -0.054635 0.230456 0.054937
v -0.060938 0.234024 0.052741
v -0.059639 0.236082 0.053194
v -0.066462 0.238825 0.050817
v -0.064809 0.240575 0.051393
v -0.070995 0.244675 0.049237
v -0.069052 0.246050 0.049914
v -0.074363 0.251350 0.048064
v -0.072204 0.252297 0.048816
v -0.076437 0.258592 0.047341
v -0.074145 0.259074 0.048139
v -0.074800 0.266123 0.047911
v -0.077137 0.266123 0.047097
v -0.076437 0.273654 0.047341
v -0.074144 0.273171 0.048139
v -0.074362 0.280896 0.048064
v -0.072203 0.279949 0.048816
v -0.070993 0.287570 0.049237
v -0.069049 0.286195 0.049914
v -0.066459 0.293420 0.050817
v -0.064806 0.291669 0.051393
v -0.059636 0.296162 0.053194
v -0.060934 0.298220 0.052741
v -0.053737 0.299501 0.055249
v -0.054631 0.301787 0.054937
v -0.047793 0.303984 0.057320
v -0.047337 0.301556 0.057479
v -0.040681 0.304725 0.059798
v -0.040681 0.302250 0.059798
v -0.034025 0.301556 0.062117
v -0.033569 0.303983 0.062276
v -0.026730 0.301786 0.064658
v -0.027625 0.299499 0.064347
v -0.020428 0.298218 0.066854
v -0.057128 0.240060 0.059061
v -0.052011 0.237164 0.060844
v -0.046456 0.296864 0.062779
v -0.061614 0.243959 0.057499
v -0.065294 0.248709 0.056216
v -0.068029 0.254128 0.055263
v -0.069713 0.260008 0.054676
v -0.070282 0.266123 0.054478
v -0.069713 0.272238 0.054676
v -0.068028 0.278118 0.055263
v -0.065293 0.283537 0.056216
v -0.061611 0.288286 0.057499
v -0.057126 0.292184 0.059061
v -0.052008 0.295080 0.060844
v -0.034907 0.296863 0.066802
v -0.040681 0.297466 0.064791
v -0.029354 0.295079 0.068737
v -0.024237 0.292182 0.070520
v -0.019752 0.288284 0.072082
v -0.016071 0.283534 0.073365
v -0.013336 0.278115 0.074318
v -0.011652 0.272235 0.074905
v -0.011084 0.266120 0.075103
v -0.011653 0.260005 0.074905
v -0.013337 0.254125 0.074318
v -0.016073 0.248706 0.073365
v -0.019754 0.243956 0.072082
v -0.024240 0.240059 0.070520
v -0.029357 0.237162 0.068737
v -0.034910 0.235379 0.066802
v -0.040684 0.234777 0.064791
v -0.046459 0.235380 0.062779
v 0.054636 0.301786 0.054938
v 0.053742 0.299499 0.055249
v 0.060938 0.298218 0.052742
v 0.047341 0.301556 0.057479
v 0.047797 0.303983 0.057320
v 0.040685 0.302250 0.059798
v 0.040686 0.304725 0.059798
v 0.034029 0.301556 0.062117
v 0.033574 0.303984 0.062276
v 0.026735 0.301787 0.064658
v 0.027629 0.299501 0.064347
v 0.020432 0.298220 0.066854
v 0.021730 0.296162 0.066402
v 0.016560 0.291669 0.068203
v 0.014908 0.293419 0.068779
v 0.012317 0.286195 0.069681
v 0.010374 0.287570 0.070358
v 0.009164 0.279949 0.070780
v 0.007005 0.280896 0.071532
v 0.004930 0.273654 0.072255
v 0.007222 0.273171 0.071456
v 0.004229 0.266123 0.072499
v 0.006566 0.266123 0.071685
v 0.007221 0.259074 0.071456
v 0.004929 0.258591 0.072255
v 0.009162 0.252296 0.070780
v 0.007003 0.251349 0.071532
v 0.010371 0.244675 0.070358
v 0.012315 0.246050 0.069681
v 0.016557 0.240575 0.068203
v 0.014905 0.238825 0.068779
v 0.021727 0.236081 0.066402
v 0.020429 0.234024 0.066854
v 0.027626 0.232742 0.064347
v 0.026731 0.230456 0.064658
v 0.034026 0.230686 0.062117
v 0.033570 0.228259 0.062276
v 0.040682 0.227517 0.059798
v 0.040682 0.229992 0.059798
v 0.047793 0.228258 0.057320
v 0.047338 0.230685 0.057479
v 0.053738 0.232741 0.055249
v 0.054632 0.230454 0.054938
v 0.060935 0.234022 0.052742
v 0.059637 0.236079 0.053194
v 0.066459 0.238822 0.050817
v 0.064807 0.240572 0.051393
v 0.069050 0.246047 0.049915
v 0.070993 0.244672 0.049238
v 0.072203 0.252293 0.048816
v 0.074362 0.251346 0.048064
v 0.076437 0.258588 0.047341
v 0.074145 0.259071 0.048140
v 0.077138 0.266119 0.047097
v 0.074801 0.266119 0.047911
v 0.076438 0.273650 0.047341
v 0.074146 0.273168 0.048140
v 0.074364 0.280892 0.048064
v 0.072205 0.279945 0.048816
v 0.070996 0.287567 0.049238
v 0.069052 0.286192 0.049915
v 0.066462 0.293417 0.050817
v 0.064810 0.291667 0.051393
v 0.059640 0.296160 0.053194
v -0.008695 0.178945 0.043686
v 0.001889 0.185578 0.041388
v 0.042273 0.142184 0.058771
v 0.018610 0.127355 0.063910
v 0.065276 0.062797 0.000000
v 0.049388 0.062797 -0.049388
v 0.000000 0.062797 -0.065276
v 0.000000 0.056331 0.000000
v -0.049388 0.062797 -0.049388
v 0.049388 0.062797 0.049388
v 0.000000 0.062797 0.065276
v -0.065276 0.062797 -0.000000
v -0.049388 0.062797 0.049388
v -0.049388 0.062797 0.049388
v -0.045127 0.093819 0.045127
v 0.000000 0.062797 0.065276
v -0.065276 0.062797 -0.000000
v -0.059645 0.093819 -0.000000
v -0.053116 0.124840 -0.000000
v -0.040188 0.124840 0.040188
v 0.000000 0.093819 0.059645
v 0.049388 0.062797 0.049388
v 0.045127 0.093819 0.045127
v 0.065276 0.062797 0.000000
v 0.059645 0.093819 0.000000
v 0.049388 0.062797 -0.049388
v 0.045127 0.093819 -0.045127
v 0.000000 0.062797 -0.065276
v 0.000000 0.093819 -0.059645
v 0.040188 0.124840 -0.040188
v 0.000000 0.124840 -0.053116
v 0.053116 0.124840 0.000000
v 0.040188 0.124840 0.040188
v -0.000000 0.124840 0.053116
v 0.034198 0.155862 -0.034198
v 0.000000 0.155862 -0.045200
v 0.045199 0.155863 0.000000
v 0.034198 0.155863 0.034198
v -0.000000 0.155863 0.045199
v -0.034198 0.155863 0.034198
v -0.045199 0.155863 -0.000000
v -0.034198 0.155863 -0.034198
v -0.040188 0.124840 -0.040188
v -0.045127 0.093819 -0.045127
v -0.049388 0.062797 -0.049388
v 0.000000 0.124840 -0.053116
v 0.000000 0.093819 -0.059645
v 0.000000 0.062797 -0.065276
v 0.028050 0.186884 -0.028050
v 0.000000 0.186884 -0.037073
v 0.037073 0.186884 -0.000000
v 0.028050 0.186884 0.028050
v 0.000000 0.186884 0.037073
v -0.028050 0.186884 0.028050
v -0.037073 0.186884 -0.000000
v -0.028050 0.186884 -0.028050
v 0.000000 0.186884 -0.037073
v 0.000000 0.155862 -0.045200
v -0.028050 0.186884 0.028050
v -0.037073 0.186884 -0.000000
v 0.000000 0.189803 -0.000000
v 0.000000 0.186884 0.037073
v 0.037073 0.186884 -0.000000
v 0.028050 0.186884 -0.028050
v 0.000000 0.186884 -0.037073
v -0.028050 0.186884 -0.028050
v 0.028050 0.186884 0.028050
v 0.028535 0.072536 -0.024649
v 0.028535 0.001778 -0.018921
v 0.043475 0.001778 -0.014940
v 0.047998 0.072536 -0.019463
v 0.047456 0.001778 -0.000000
v 0.053183 0.072536 0.000000
v 0.043475 0.001778 0.014940
v 0.047998 0.072536 0.019463
v 0.028535 0.001778 0.018921
v 0.028535 0.072536 0.024649
v 0.013594 0.001778 0.014941
v 0.009071 0.072536 0.019463
v 0.009614 0.001778 0.000000
v 0.003886 0.072536 0.000000
v 0.013594 0.001778 -0.014940
v 0.009071 0.072536 -0.019463
v 0.028535 0.001778 -0.018921
v 0.028535 0.072536 -0.024649
v -0.009071 0.072536 -0.019463
v -0.028535 0.072535 -0.024649
v -0.028535 0.001778 -0.018921
v -0.013594 0.001778 -0.014940
v -0.003886 0.072535 -0.000000
v -0.009614 0.001778 0.000000
v -0.009071 0.072536 0.019463
v -0.013594 0.001778 0.014940
v -0.028535 0.072535 0.024649
v -0.028535 0.001778 0.018921
v -0.047998 0.072536 0.019463
v -0.043475 0.001778 0.014940
v -0.053183 0.072535 -0.000000
v -0.047456 0.001778 0.000000
v -0.047998 0.072536 -0.019463
v -0.043475 0.001778 -0.014940
v -0.028535 0.072535 -0.024649
v -0.028535 0.001778 -0.018921
v 0.028535 0.001778 0.018921
v 0.043475 0.001778 0.014940
v 0.047456 0.001778 -0.000000
v 0.028535 0.001778 0.000000
v 0.013594 0.001778 0.014941
v 0.009614 0.001778 0.000000
v 0.028535 0.001778 -0.018921
v 0.013594 0.001778 -0.014940
v 0.043475 0.001778 -0.014940
v -0.028535 0.001778 0.000000
v -0.028535 0.001778 -0.018921
v -0.043475 0.001778 -0.014940
v -0.047456 0.001778 0.000000
v -0.009614 0.001778 0.000000
v -0.013594 0.001778 -0.014940
v -0.013594 0.001778 0.014940
v -0.028535 0.001778 0.018921
v -0.043475 0.001778 0.014940
v 0.042273 0.142184 0.058771
v 0.042273 0.139557 0.051190
v 0.018610 0.124728 0.056329
v 0.018610 0.127355 0.063910
v -0.008695 0.178945 0.043686
v -0.008695 0.177770 0.040296
v 0.001889 0.184403 0.037997
v 0.001889 0.185578 0.041388
v -0.008695 0.177770 0.040296
v -0.008695 0.178945 0.043686
v 0.018610 0.127355 0.063910
v 0.018610 0.124728 0.056329
v 0.001889 0.184403 0.037997
v -0.008695 0.177770 0.040296
v 0.018610 0.124728 0.056329
v 0.042273 0.139557 0.051190
v 0.001889 0.185578 0.041388
v 0.001889 0.184403 0.037997
v 0.042273 0.139557 0.051190
v 0.042273 0.142184 0.058771
v -0.078918 0.063330 -0.099031
v -0.078918 0.063330 -0.114147
v -0.247502 0.073370 -0.112967
v -0.247502 0.073370 -0.100213
v -0.212785 0.260226 -0.114148
v -0.259394 0.090861 -0.112967
v -0.256421 0.086488 -0.114950
v -0.177357 0.208118 -0.153334
v -0.253448 0.082115 -0.112967
v -0.119395 0.360785 -0.116743
v -0.141929 0.156009 -0.170346
v -0.250475 0.077743 -0.114950
v -0.075799 0.296662 -0.169388
v 0.008460 0.410651 -0.114147
v 0.194988 0.374218 -0.112965
v 0.192015 0.378591 -0.114948
v 0.142327 0.213754 -0.114146
v 0.110821 0.260094 -0.153333
v 0.044677 0.119461 -0.116742
v 0.006237 0.176000 -0.169388
v -0.078918 0.063330 -0.114147
v -0.110424 0.109669 -0.153334
v -0.247502 0.073370 -0.112967
v -0.032203 0.232539 -0.192242
v 0.043888 0.358542 -0.153333
v 0.183096 0.391709 -0.112965
v 0.186069 0.387336 -0.114948
v 0.079316 0.306433 -0.170345
v 0.189042 0.382963 -0.112965
v -0.176367 0.166673 -0.044969
v -0.183636 0.166139 -0.047551
v -0.169033 0.165727 -0.042705
v -0.155294 0.159593 -0.039466
v -0.161918 0.163336 -0.040847
v -0.165762 0.090154 -0.058985
v -0.206742 0.150429 -0.058985
v -0.196877 0.160767 -0.053268
v -0.202341 0.156135 -0.056183
v -0.190561 0.164144 -0.050354
v -0.158837 0.092148 -0.056182
v -0.152521 0.095526 -0.053268
v -0.147057 0.100157 -0.050353
v -0.142656 0.105864 -0.047551
v -0.138320 0.134627 -0.039466
v -0.144509 0.148673 -0.038329
v -0.149416 0.154642 -0.038616
v -0.140762 0.141914 -0.038616
v -0.137669 0.119594 -0.042705
v -0.139486 0.112427 -0.044968
v -0.137275 0.127090 -0.040847
v -0.187480 0.092956 -0.065689
v -0.180364 0.090566 -0.063831
v -0.194104 0.096699 -0.067070
v -0.173031 0.089619 -0.061568
v -0.211078 0.121666 -0.067070
v -0.211729 0.136698 -0.063831
v -0.209912 0.143865 -0.061568
v -0.212123 0.129202 -0.065689
v -0.199983 0.101650 -0.067920
v -0.204889 0.107620 -0.068207
v -0.208636 0.114378 -0.067920
v 0.008460 0.410651 -0.099031
v 0.183096 0.391709 -0.100211
v 0.186069 0.387336 -0.098228
v -0.247502 0.073370 -0.100213
v -0.250475 0.077742 -0.098230
v -0.078918 0.063330 -0.099031
v -0.110424 0.109669 -0.059844
v 0.044677 0.119461 -0.096435
v 0.006237 0.176000 -0.043790
v 0.142327 0.213754 -0.099030
v 0.110821 0.260093 -0.059844
v 0.194988 0.374218 -0.100211
v 0.192015 0.378591 -0.098228
v 0.079316 0.306433 -0.042832
v 0.189042 0.382963 -0.100211
v 0.043888 0.358542 -0.059844
v -0.119396 0.360785 -0.096435
v -0.256421 0.086488 -0.098230
v -0.259394 0.090861 -0.100213
v -0.177357 0.208118 -0.059845
v -0.212785 0.260226 -0.099032
v -0.075800 0.296662 -0.043790
v -0.032203 0.232539 -0.020936
v -0.141930 0.156009 -0.042833
v -0.253448 0.082115 -0.100213
v -0.149415 0.154642 -0.174563
v -0.144508 0.148673 -0.174849
v -0.155294 0.159594 -0.173713
v -0.161918 0.163336 -0.172332
v -0.169033 0.165727 -0.170474
v -0.196877 0.160767 -0.159911
v -0.190561 0.164144 -0.162825
v -0.183635 0.166139 -0.165628
v -0.176366 0.166673 -0.168210
v -0.137275 0.127090 -0.172332
v -0.137669 0.119594 -0.170474
v -0.138319 0.134627 -0.173712
v -0.140762 0.141914 -0.174562
v -0.152521 0.095526 -0.159911
v -0.211729 0.136698 -0.149348
v -0.202340 0.156135 -0.156997
v -0.206742 0.150429 -0.154194
v -0.209912 0.143865 -0.151611
v -0.139485 0.112427 -0.168210
v -0.142655 0.105864 -0.165627
v -0.147057 0.100157 -0.162825
v -0.158836 0.092148 -0.156996
v -0.165762 0.090154 -0.154194
v -0.173031 0.089619 -0.151611
v -0.180364 0.090566 -0.149348
v -0.204889 0.107620 -0.144972
v -0.208636 0.114378 -0.145259
v -0.211078 0.121666 -0.146109
v -0.212123 0.129202 -0.147490
v -0.199982 0.101650 -0.145259
v -0.194104 0.096699 -0.146109
v -0.187480 0.092956 -0.147490
v 0.142327 0.213754 -0.099030
v 0.142327 0.213754 -0.114146
v 0.044677 0.119461 -0.116742
v 0.044677 0.119461 -0.096435
v -0.078918 0.063330 -0.114147
v -0.078918 0.063330 -0.099031
v -0.212785 0.260226 -0.099032
v -0.212785 0.260226 -0.114148
v -0.119395 0.360785 -0.116743
v -0.119396 0.360785 -0.096435
v 0.008460 0.410651 -0.114147
v 0.008460 0.410651 -0.099031
v -0.164572 0.171231 -0.045005
v -0.162718 0.172492 -0.050485
v -0.171373 0.175400 -0.052745
v -0.173228 0.174139 -0.047265
v -0.180294 0.176551 -0.055499
v -0.182148 0.175291 -0.050019
v -0.189137 0.175901 -0.058641
v -0.190991 0.174641 -0.053161
v -0.197562 0.173475 -0.062050
v -0.199416 0.172215 -0.056570
v -0.205245 0.169366 -0.065595
v -0.207099 0.168106 -0.060115
v -0.141140 0.101318 -0.053161
v -0.139285 0.102579 -0.058641
v -0.135429 0.110563 -0.055499
v -0.137284 0.109302 -0.050019
v -0.133219 0.119281 -0.052745
v -0.135074 0.118021 -0.047265
v -0.132740 0.128400 -0.050485
v -0.134595 0.127139 -0.045005
v -0.134011 0.137568 -0.048806
v -0.135865 0.136307 -0.043326
v -0.136982 0.146433 -0.047772
v -0.138836 0.145172 -0.042292
v -0.141540 0.154654 -0.047422
v -0.143394 0.153394 -0.041943
v -0.147509 0.161916 -0.047772
v -0.149363 0.160655 -0.042292
v -0.154660 0.167939 -0.048806
v -0.156514 0.166678 -0.043326
v -0.210876 0.096192 -0.077939
v -0.209022 0.097453 -0.083419
v -0.201871 0.091430 -0.082385
v -0.203725 0.090169 -0.076905
v -0.193813 0.086877 -0.080705
v -0.195667 0.085616 -0.075225
v -0.185157 0.083969 -0.078445
v -0.187012 0.082708 -0.072965
v -0.176237 0.082818 -0.075692
v -0.178091 0.081557 -0.070212
v -0.167394 0.083468 -0.072550
v -0.169248 0.082207 -0.067069
v -0.158969 0.085894 -0.069140
v -0.160824 0.084633 -0.063660
v -0.151286 0.090002 -0.065595
v -0.153141 0.088742 -0.060115
v -0.144640 0.095636 -0.062050
v -0.146494 0.094376 -0.056570
v -0.207099 0.168106 -0.060115
v -0.205245 0.169366 -0.065595
v -0.211891 0.163733 -0.069141
v -0.213745 0.162472 -0.063661
v -0.217245 0.156790 -0.072550
v -0.219100 0.155530 -0.067070
v -0.221102 0.148807 -0.075692
v -0.222956 0.147546 -0.070211
v -0.223312 0.140088 -0.078446
v -0.225166 0.138827 -0.072965
v -0.223790 0.130969 -0.080705
v -0.225645 0.129708 -0.075225
v -0.222520 0.121801 -0.082385
v -0.224375 0.120540 -0.076905
v -0.219549 0.112936 -0.083419
v -0.221403 0.111675 -0.077939
v -0.214991 0.104715 -0.083768
v -0.216846 0.103454 -0.078288
v -0.092633 0.017458 -0.106589
v -0.092227 0.022770 -0.119127
v -0.106313 0.023845 -0.115128
v -0.112909 0.024349 -0.106589
v -0.071545 0.021190 -0.106589
v -0.078142 0.021694 -0.115128
v -0.078142 0.021694 -0.098050
v -0.092227 0.022770 -0.094051
v -0.106313 0.023845 -0.098050
v -0.199415 0.172215 -0.156609
v -0.198462 0.170051 -0.156434
v -0.205766 0.166145 -0.153064
v -0.190991 0.174641 -0.160018
v -0.190453 0.172357 -0.159674
v -0.182148 0.175291 -0.163160
v -0.182048 0.172975 -0.162661
v -0.173227 0.174140 -0.165914
v -0.173568 0.171881 -0.165279
v -0.164572 0.171231 -0.168174
v -0.165340 0.169117 -0.167427
v -0.156514 0.166678 -0.169853
v -0.157680 0.164788 -0.169023
v -0.149363 0.160656 -0.170887
v -0.150882 0.159063 -0.170006
v -0.143394 0.153394 -0.171236
v -0.145208 0.152160 -0.170338
v -0.138836 0.145172 -0.170887
v -0.140876 0.144345 -0.170006
v -0.135865 0.136307 -0.169853
v -0.138051 0.135918 -0.169023
v -0.134594 0.127139 -0.168174
v -0.136844 0.127203 -0.167427
v -0.135073 0.118021 -0.165913
v -0.137299 0.118535 -0.165278
v -0.137283 0.109302 -0.163160
v -0.139400 0.110247 -0.162661
v -0.141139 0.101318 -0.160018
v -0.143066 0.102657 -0.159674
v -0.146494 0.094376 -0.156609
v -0.148155 0.096058 -0.156434
v -0.153140 0.088742 -0.153064
v -0.154473 0.090703 -0.153064
v -0.160824 0.084633 -0.149518
v -0.161777 0.086797 -0.149693
v -0.169248 0.082207 -0.146109
v -0.169785 0.084491 -0.146453
v -0.178091 0.081557 -0.142968
v -0.178191 0.083873 -0.143466
v -0.187011 0.082708 -0.140214
v -0.186671 0.084967 -0.140848
v -0.195667 0.085616 -0.137954
v -0.194899 0.087731 -0.138700
v -0.203725 0.090169 -0.136274
v -0.202559 0.092059 -0.137104
v -0.210876 0.096192 -0.135240
v -0.209356 0.097785 -0.136121
v -0.216845 0.103454 -0.134891
v -0.215031 0.104688 -0.135789
v -0.221403 0.111675 -0.135240
v -0.219363 0.112503 -0.136121
v -0.224374 0.120540 -0.136275
v -0.222188 0.120930 -0.137104
v -0.225645 0.129708 -0.137954
v -0.223395 0.129645 -0.138701
v -0.225166 0.138827 -0.140214
v -0.222940 0.138313 -0.140849
v -0.222956 0.147546 -0.142968
v -0.220839 0.146601 -0.143466
v -0.219099 0.155530 -0.146110
v -0.217174 0.154190 -0.146453
v -0.213745 0.162472 -0.149519
v -0.212084 0.160790 -0.149694
v -0.207098 0.168106 -0.153064
v 0.250309 0.424619 -0.100211
v 0.250309 0.424619 -0.112965
v 0.270812 0.389432 -0.114947
v 0.270812 0.389432 -0.098228
v 0.291314 0.354244 -0.112965
v 0.291314 0.354244 -0.100211
v -0.161918 0.163336 -0.040847
v -0.160394 0.164373 -0.045352
v -0.167509 0.166763 -0.047210
v -0.169033 0.165727 -0.042705
v -0.174842 0.167709 -0.049473
v -0.176367 0.166673 -0.044969
v -0.182111 0.167175 -0.052056
v -0.183636 0.166139 -0.047551
v -0.189037 0.165181 -0.054859
v -0.190561 0.164144 -0.050354
v -0.195353 0.161803 -0.057773
v -0.196877 0.160767 -0.053268
v -0.142656 0.105864 -0.047551
v -0.141131 0.106900 -0.052056
v -0.137961 0.113464 -0.049473
v -0.139486 0.112427 -0.044968
v -0.136145 0.120631 -0.047209
v -0.137669 0.119594 -0.042705
v -0.135751 0.128127 -0.045351
v -0.137275 0.127090 -0.040847
v -0.136795 0.135663 -0.043971
v -0.138320 0.134627 -0.039466
v -0.139238 0.142951 -0.043121
v -0.140762 0.141914 -0.038616
v -0.142984 0.149709 -0.042834
v -0.144509 0.148673 -0.038329
v -0.147891 0.155678 -0.043121
v -0.149416 0.154642 -0.038616
v -0.153770 0.160630 -0.043971
v -0.155294 0.159593 -0.039466
v -0.199983 0.101650 -0.067920
v -0.198458 0.102687 -0.072425
v -0.192580 0.097736 -0.071575
v -0.194104 0.096699 -0.067070
v -0.185955 0.093993 -0.070194
v -0.187480 0.092956 -0.065689
v -0.178840 0.091602 -0.068336
v -0.180364 0.090566 -0.063831
v -0.171507 0.090656 -0.066072
v -0.173031 0.089619 -0.061568
v -0.164238 0.091190 -0.063490
v -0.165762 0.090154 -0.058985
v -0.157312 0.093185 -0.060687
v -0.158837 0.092148 -0.056182
v -0.150996 0.096562 -0.057773
v -0.152521 0.095526 -0.053268
v -0.145533 0.101194 -0.054858
v -0.147057 0.100157 -0.050353
v -0.196877 0.160767 -0.053268
v -0.195353 0.161803 -0.057773
v -0.200816 0.157172 -0.060687
v -0.202341 0.156135 -0.056183
v -0.205218 0.151465 -0.063490
v -0.206742 0.150429 -0.058985
v -0.208388 0.144902 -0.066073
v -0.209912 0.143865 -0.061568
v -0.210205 0.137734 -0.068336
v -0.211729 0.136698 -0.063831
v -0.210599 0.130239 -0.070194
v -0.212123 0.129202 -0.065689
v -0.209554 0.122702 -0.071575
v -0.211078 0.121666 -0.067070
v -0.207112 0.115415 -0.072425
v -0.208636 0.114378 -0.067920
v -0.203365 0.108656 -0.072712
v -0.204889 0.107620 -0.068207
v -0.190561 0.164144 -0.162825
v -0.196877 0.160767 -0.159911
v -0.195352 0.161803 -0.155406
v -0.189036 0.165181 -0.158321
v -0.183635 0.166139 -0.165628
v -0.182111 0.167175 -0.161123
v -0.176366 0.166673 -0.168210
v -0.174842 0.167709 -0.163706
v -0.169033 0.165727 -0.170474
v -0.167509 0.166763 -0.165969
v -0.161918 0.163336 -0.172332
v -0.160393 0.164373 -0.167827
v -0.155294 0.159594 -0.173713
v -0.153769 0.160630 -0.169208
v -0.149415 0.154642 -0.174563
v -0.147891 0.155679 -0.170058
v -0.144508 0.148673 -0.174849
v -0.142984 0.149709 -0.170345
v -0.140762 0.141914 -0.174562
v -0.139237 0.142951 -0.170058
v -0.138319 0.134627 -0.173712
v -0.136795 0.135663 -0.169208
v -0.137275 0.127090 -0.172332
v -0.135750 0.128127 -0.167827
v -0.137669 0.119594 -0.170474
v -0.136144 0.120631 -0.165969
v -0.139485 0.112427 -0.168210
v -0.137961 0.113464 -0.163705
v -0.142655 0.105864 -0.165627
v -0.141131 0.106901 -0.161123
v -0.147057 0.100157 -0.162825
v -0.145532 0.101194 -0.158320
v -0.152521 0.095526 -0.159911
v -0.150996 0.096562 -0.155406
v -0.158836 0.092148 -0.156996
v -0.157312 0.093185 -0.152491
v -0.165762 0.090154 -0.154194
v -0.164238 0.091190 -0.149689
v -0.173031 0.089619 -0.151611
v -0.171507 0.090656 -0.147106
v -0.180364 0.090566 -0.149348
v -0.178840 0.091602 -0.144843
v -0.187480 0.092956 -0.147490
v -0.185955 0.093993 -0.142985
v -0.194104 0.096699 -0.146109
v -0.192579 0.097736 -0.141604
v -0.199982 0.101650 -0.145259
v -0.198458 0.102687 -0.140754
v -0.204889 0.107620 -0.144972
v -0.203365 0.108656 -0.140467
v -0.208636 0.114378 -0.145259
v -0.207111 0.115415 -0.140754
v -0.211078 0.121666 -0.146109
v -0.209554 0.122702 -0.141604
v -0.212123 0.129202 -0.147490
v -0.210598 0.130239 -0.142985
v -0.211729 0.136698 -0.149348
v -0.210205 0.137734 -0.144843
v -0.209912 0.143865 -0.151611
v -0.208388 0.144902 -0.147107
v -0.206742 0.150429 -0.154194
v -0.205218 0.151465 -0.149689
v -0.202340 0.156135 -0.156997
v -0.200816 0.157172 -0.152492
v -0.196877 0.160767 -0.159911
v -0.195352 0.161803 -0.155406
v -0.199415 0.172215 -0.156609
v -0.207098 0.168106 -0.153064
v -0.205244 0.169367 -0.147584
v -0.197561 0.173475 -0.151129
v -0.190991 0.174641 -0.160018
v -0.189136 0.175901 -0.154538
v -0.182148 0.175291 -0.163160
v -0.180294 0.176551 -0.157680
v -0.173227 0.174140 -0.165914
v -0.171373 0.175400 -0.160434
v -0.164572 0.171231 -0.168174
v -0.162717 0.172492 -0.162694
v -0.156514 0.166678 -0.169853
v -0.154659 0.167939 -0.164373
v -0.149363 0.160656 -0.170887
v -0.147508 0.161916 -0.165407
v -0.143394 0.153394 -0.171236
v -0.141539 0.154654 -0.165756
v -0.138836 0.145172 -0.170887
v -0.136981 0.146433 -0.165407
v -0.135865 0.136307 -0.169853
v -0.134010 0.137568 -0.164373
v -0.134594 0.127139 -0.168174
v -0.132740 0.128400 -0.162694
v -0.135073 0.118021 -0.165913
v -0.133219 0.119281 -0.160434
v -0.137283 0.109302 -0.163160
v -0.135429 0.110563 -0.157680
v -0.141139 0.101318 -0.160018
v -0.139285 0.102579 -0.154538
v -0.146494 0.094376 -0.156609
v -0.144639 0.095637 -0.151129
v -0.153140 0.088742 -0.153064
v -0.151286 0.090003 -0.147584
v -0.160824 0.084633 -0.149518
v -0.158969 0.085894 -0.144038
v -0.169248 0.082207 -0.146109
v -0.167394 0.083468 -0.140629
v -0.178091 0.081557 -0.142968
v -0.176236 0.082818 -0.137487
v -0.187011 0.082708 -0.140214
v -0.185157 0.083969 -0.134733
v -0.195667 0.085616 -0.137954
v -0.193813 0.086877 -0.132474
v -0.203725 0.090169 -0.136274
v -0.201871 0.091430 -0.130794
v -0.210876 0.096192 -0.135240
v -0.209022 0.097453 -0.129760
v -0.216845 0.103454 -0.134891
v -0.214991 0.104715 -0.129411
v -0.221403 0.111675 -0.135240
v -0.219549 0.112936 -0.129760
v -0.224374 0.120540 -0.136275
v -0.222520 0.121801 -0.130795
v -0.225645 0.129708 -0.137954
v -0.223790 0.130969 -0.132474
v -0.225166 0.138827 -0.140214
v -0.223311 0.140088 -0.134734
v -0.222956 0.147546 -0.142968
v -0.221101 0.148807 -0.137488
v -0.219099 0.155530 -0.146110
v -0.217245 0.156790 -0.140629
v -0.213745 0.162472 -0.149519
v -0.211891 0.163733 -0.144039
v -0.207098 0.168106 -0.153064
v -0.205244 0.169367 -0.147584
v -0.225166 0.138827 -0.072965
v -0.225645 0.129708 -0.075225
v -0.223395 0.129645 -0.074479
v -0.222940 0.138313 -0.072331
v -0.222956 0.147546 -0.070211
v -0.220839 0.146601 -0.069713
v -0.219100 0.155530 -0.067070
v -0.217174 0.154190 -0.066726
v -0.213745 0.162472 -0.063661
v -0.212084 0.160790 -0.063486
v -0.207099 0.168106 -0.060115
v -0.205766 0.166145 -0.060115
v -0.199416 0.172215 -0.056570
v -0.198463 0.170051 -0.056745
v -0.190991 0.174641 -0.053161
v -0.190454 0.172357 -0.053505
v -0.182148 0.175291 -0.050019
v -0.182048 0.172975 -0.050518
v -0.173228 0.174139 -0.047265
v -0.173569 0.171881 -0.047900
v -0.164572 0.171231 -0.045005
v -0.165341 0.169117 -0.045752
v -0.156514 0.166678 -0.043326
v -0.157681 0.164788 -0.044155
v -0.149363 0.160655 -0.042292
v -0.150883 0.159063 -0.043172
v -0.143394 0.153394 -0.041943
v -0.145209 0.152160 -0.042840
v -0.138836 0.145172 -0.042292
v -0.140876 0.144345 -0.043172
v -0.135865 0.136307 -0.043326
v -0.138052 0.135918 -0.044155
v -0.134595 0.127139 -0.045005
v -0.136844 0.127203 -0.045752
v -0.135074 0.118021 -0.047265
v -0.137299 0.118535 -0.047900
v -0.137284 0.109302 -0.050019
v -0.139400 0.110247 -0.050518
v -0.141140 0.101318 -0.053161
v -0.143066 0.102657 -0.053504
v -0.146494 0.094376 -0.056570
v -0.148156 0.096058 -0.056745
v -0.153141 0.088742 -0.060115
v -0.154474 0.090702 -0.060115
v -0.160824 0.084633 -0.063660
v -0.161777 0.086797 -0.063485
v -0.169248 0.082207 -0.067069
v -0.169786 0.084491 -0.066726
v -0.178091 0.081557 -0.070212
v -0.178191 0.083873 -0.069713
v -0.187012 0.082708 -0.072965
v -0.186671 0.084967 -0.072330
v -0.195667 0.085616 -0.075225
v -0.194899 0.087731 -0.074479
v -0.203725 0.090169 -0.076905
v -0.202559 0.092059 -0.076075
v -0.210876 0.096192 -0.077939
v -0.209357 0.097785 -0.077058
v -0.216846 0.103454 -0.078288
v -0.215031 0.104688 -0.077390
v -0.221403 0.111675 -0.077939
v -0.219363 0.112503 -0.077058
v -0.224375 0.120540 -0.076905
v -0.222188 0.120930 -0.076075
v -0.066955 0.081817 -0.119103
v -0.087598 0.083393 -0.124964
v -0.092227 0.022770 -0.119127
v -0.078142 0.021694 -0.115128
v -0.057287 0.081079 -0.106589
v -0.071545 0.021190 -0.106589
v -0.066955 0.081817 -0.094075
v -0.078142 0.021694 -0.098050
v -0.087598 0.083393 -0.088214
v -0.092227 0.022770 -0.094051
v -0.108242 0.084969 -0.094075
v -0.106313 0.023845 -0.098050
v -0.117910 0.085708 -0.106589
v -0.112909 0.024349 -0.106589
v -0.108242 0.084969 -0.119103
v -0.106313 0.023845 -0.115128
v -0.087598 0.083393 -0.124964
v -0.092227 0.022770 -0.119127
v 0.114871 0.128179 -0.106588
v 0.109439 0.124402 -0.115127
v 0.097841 0.116337 -0.119126
v 0.100882 0.111964 -0.106588
v 0.109439 0.124402 -0.098050
v 0.097841 0.116337 -0.094051
v 0.080811 0.104495 -0.106588
v 0.086242 0.108273 -0.098050
v 0.086242 0.108273 -0.115127
v 0.008460 0.410651 -0.099031
v 0.008460 0.410651 -0.114147
v 0.183096 0.391709 -0.112965
v 0.183096 0.391709 -0.100211
v 0.291314 0.354244 -0.112965
v 0.194988 0.374218 -0.112965
v 0.194988 0.374218 -0.100211
v 0.291314 0.354244 -0.100211
v 0.199946 0.488632 -0.100211
v 0.183096 0.391709 -0.100211
v 0.183096 0.391709 -0.112965
v 0.199946 0.488632 -0.112965
v 0.199946 0.488632 -0.112965
v 0.183096 0.391709 -0.112965
v 0.186069 0.387336 -0.114948
v 0.225128 0.456625 -0.114948
v 0.189042 0.382963 -0.112965
v 0.250309 0.424619 -0.112965
v 0.192015 0.378591 -0.114948
v 0.270812 0.389432 -0.114947
v 0.194988 0.374218 -0.112965
v 0.291314 0.354244 -0.112965
v -0.259394 0.090861 -0.112967
v -0.259394 0.090861 -0.100213
v -0.256421 0.086488 -0.098230
v -0.256421 0.086488 -0.114950
v -0.253448 0.082115 -0.100213
v -0.253448 0.082115 -0.112967
v -0.250475 0.077742 -0.098230
v -0.250475 0.077743 -0.114950
v -0.247502 0.073370 -0.100213
v -0.247502 0.073370 -0.112967
v 0.199946 0.488632 -0.100211
v 0.199946 0.488632 -0.112965
v 0.225128 0.456625 -0.114948
v 0.225128 0.456625 -0.098228
v 0.250309 0.424619 -0.112965
v 0.250309 0.424619 -0.100211
v -0.222139 0.224999 -0.111564
v -0.222139 0.224999 -0.101616
v -0.217866 0.218715 -0.101616
v -0.217866 0.218715 -0.111564
v -0.219837 0.268533 -0.111564
v -0.222139 0.224999 -0.111564
v -0.217866 0.218715 -0.111564
v -0.208631 0.255575 -0.111564
v -0.131460 0.379531 -0.111564
v -0.116930 0.358091 -0.111563
v 0.007239 0.443266 -0.111563
v 0.011735 0.406120 -0.111563
v 0.100850 0.441114 -0.111563
v 0.105420 0.393682 -0.111563
v 0.007239 0.443266 -0.101615
v 0.100850 0.441114 -0.101614
v 0.105420 0.393682 -0.101614
v 0.011735 0.406120 -0.101615
v -0.131460 0.379531 -0.101615
v -0.116930 0.358091 -0.101615
v -0.219837 0.268533 -0.101616
v -0.208631 0.255575 -0.101616
v -0.222139 0.224999 -0.101616
v -0.217866 0.218715 -0.101616
v 0.100850 0.441114 -0.101614
v 0.100850 0.441114 -0.111563
v 0.105420 0.393682 -0.111563
v 0.105420 0.393682 -0.101614
v -0.222139 0.224999 -0.101616
v -0.222139 0.224999 -0.111564
v -0.219837 0.268533 -0.111564
v -0.219837 0.268533 -0.101616
v 0.007239 0.443266 -0.101615
v 0.007239 0.443266 -0.111563
v 0.100850 0.441114 -0.111563
v 0.100850 0.441114 -0.101614
v -0.131460 0.379531 -0.101615
v -0.131460 0.379531 -0.111564
v 0.007239 0.443266 -0.111563
v 0.007239 0.443266 -0.101615
v -0.219837 0.268533 -0.101616
v -0.219837 0.268533 -0.111564
v -0.131460 0.379531 -0.111564
v -0.131460 0.379531 -0.101615
v 0.080130 0.178075 -0.119102
v 0.063132 0.166256 -0.124963
v 0.097841 0.116337 -0.119126
v 0.109439 0.124402 -0.115127
v 0.088090 0.183610 -0.106588
v 0.114871 0.128179 -0.106588
v 0.080130 0.178075 -0.094074
v 0.109439 0.124402 -0.098050
v 0.063131 0.166256 -0.088214
v 0.097841 0.116337 -0.094051
v 0.046133 0.154436 -0.094075
v 0.086242 0.108273 -0.098050
v 0.038172 0.148901 -0.106588
v 0.080811 0.104495 -0.106588
v 0.046133 0.154436 -0.119103
v 0.086242 0.108273 -0.115127
v 0.063132 0.166256 -0.124963
v 0.097841 0.116337 -0.119126
v -0.259394 0.090861 -0.100213
v -0.259394 0.090861 -0.112967
v -0.212785 0.260226 -0.114148
v -0.212785 0.260226 -0.099032
v 0.194988 0.374218 -0.100211
v 0.194988 0.374218 -0.112965
v 0.142327 0.213754 -0.114146
v 0.142327 0.213754 -0.099030
v 0.291314 0.354244 -0.100211
v 0.194988 0.374218 -0.100211
v 0.192015 0.378591 -0.098228
v 0.270812 0.389432 -0.098228
v 0.189042 0.382963 -0.100211
v 0.250309 0.424619 -0.100211
v 0.186069 0.387336 -0.098228
v 0.225128 0.456625 -0.098228
v 0.183096 0.391709 -0.100211
v 0.199946 0.488632 -0.100211
v 0.015483 0.336963 -0.000466
v 0.025949 0.332072 0.012846
v 0.013858 0.348669 0.000719
v 0.039773 0.320127 0.019111
v 0.030219 0.341109 0.011418
v 0.006517 0.350370 0.004479
v 0.042447 0.316773 0.025193
v 0.038410 0.337375 0.030638
v 0.012750 0.351239 0.025846
v -0.003682 0.351223 0.000095
v -0.004475 0.349851 0.027178
v 0.022417 0.344412 0.044580
v -0.002760 0.336498 0.052156
v 0.029943 0.337131 0.056655
v 0.013858 0.326320 0.068207
v 0.044017 0.330678 0.064543
v 0.033237 0.316796 0.079422
v 0.060326 0.322272 0.065906
v 0.056494 0.307998 0.080103
v 0.077921 0.311804 0.059859
v 0.079204 0.301254 0.069075
v 0.096929 0.298779 0.040192
v 0.097784 0.296686 0.041698
v 0.042220 0.333133 0.038286
v 0.050948 0.329540 0.042601
v 0.060830 0.323123 0.045402
v 0.074429 0.313120 0.046115
v 0.049252 0.313655 0.028009
v 0.057482 0.309585 0.032125
v 0.070956 0.303928 0.037091
v 0.094660 0.297118 0.035870
v 0.095638 0.299115 0.037750
v 0.070602 0.295107 0.040405
v 0.070956 0.303928 0.037091
v 0.057482 0.309585 0.032125
v 0.054111 0.297582 0.037260
v 0.072281 0.289634 0.049475
v 0.052064 0.290548 0.050982
v 0.074548 0.285461 0.059103
v 0.050626 0.285222 0.065593
v 0.077362 0.288160 0.067677
v 0.051715 0.289427 0.078366
v 0.025660 0.296720 0.077114
v 0.004800 0.307721 0.064962
v -0.002762 0.318148 0.047193
v 0.097617 0.293958 0.041295
v 0.096630 0.293238 0.039517
v 0.095803 0.294034 0.037895
v 0.094940 0.295028 0.036432
v 0.094660 0.297118 0.035870
v 0.049252 0.313655 0.028009
v 0.042283 0.301310 0.033258
v 0.034809 0.295166 0.047814
v 0.027844 0.290935 0.063358
v 0.009738 0.300703 0.053190
v -0.000859 0.310872 0.037509
v -0.004051 0.329889 0.018190
v -0.002723 0.335369 0.022220
v 0.001142 0.337346 -0.001018
v -0.003327 0.339957 -0.000280
v 0.042447 0.316773 0.025193
v 0.032912 0.306204 0.028714
v 0.021102 0.302467 0.040479
v 0.013622 0.310085 0.028466
v 0.006757 0.327707 0.014896
v 0.006279 0.335641 -0.001262
v 0.039773 0.320127 0.019111
v 0.028383 0.311358 0.020354
v 0.017712 0.327069 0.012156
v 0.011501 0.334779 -0.001334
v 0.025949 0.332072 0.012846
v 0.015483 0.336963 -0.000466
v 0.089586 0.275883 0.046978
v 0.085583 0.256470 0.029511
v 0.051260 0.266280 0.030126
v 0.058160 0.284824 0.047440
v 0.053911 0.271181 0.012703
v 0.084965 0.262267 0.012083
v 0.121942 0.260895 0.022407
v 0.122311 0.277784 0.038070
v 0.118045 0.301915 0.035892
v 0.093078 0.303688 0.043331
v 0.068747 0.310594 0.043648
v 0.093830 0.321625 0.021431
v 0.076051 0.326695 0.021716
v 0.112076 0.317465 0.017698
v 0.136028 0.315114 0.008867
v 0.143893 0.305850 0.020069
v 0.150865 0.290967 0.020435
v 0.152257 0.280126 0.009457
v 0.118140 0.265872 0.007609
v 0.086488 0.280386 0.000435
v 0.061052 0.287704 0.000987
v 0.038221 0.300810 0.000101
v 0.028890 0.287758 0.010166
v 0.024514 0.284460 0.025445
v 0.075092 0.322053 -0.004171
v 0.091229 0.317401 -0.004525
v 0.108303 0.313753 -0.004701
v 0.132488 0.312276 -0.005965
v 0.166928 0.315598 -0.010192
v 0.167744 0.316265 -0.007509
v 0.169525 0.314975 -0.005811
v 0.171148 0.312734 -0.005948
v 0.171521 0.310857 -0.008034
v 0.147703 0.282784 -0.000103
v 0.113741 0.281547 -0.001755
v 0.047799 0.315029 -0.007901
v 0.068561 0.305450 -0.008390
v 0.055296 0.328885 -0.003997
v 0.075092 0.322053 -0.004171
v 0.088411 0.299709 -0.008856
v 0.091229 0.317401 -0.004525
v 0.109724 0.298321 -0.009050
v 0.141481 0.292172 -0.005527
v 0.170369 0.311144 -0.009879
v 0.108303 0.313753 -0.004701
v 0.135591 0.302407 -0.009532
v 0.169076 0.312472 -0.010603
v 0.132488 0.312276 -0.005965
v 0.167761 0.313805 -0.011079
v 0.166928 0.315598 -0.010192
v 0.025636 0.326328 -0.007853
v 0.017926 0.315741 -0.001852
v 0.010225 0.306180 0.005689
v 0.005872 0.304247 0.017372
v 0.031642 0.300359 0.040862
v 0.010448 0.317009 0.029052
v 0.044572 0.321345 0.037836
v 0.020519 0.332981 0.026763
v 0.054742 0.333711 0.018825
v 0.029399 0.341787 0.012394
v 0.055296 0.328885 -0.003997
v 0.031160 0.337263 -0.004843
v 0.004665 0.341652 -0.006806
v 0.002256 0.346404 -0.000356
v -0.002337 0.339600 0.011838
v -0.006721 0.329423 0.013634
v -0.007686 0.320990 0.007108
v -0.004783 0.321946 0.000099
v -0.000979 0.327813 -0.004545
v 0.002594 0.334452 -0.008288
v 0.004665 0.341652 -0.006806
v 0.031160 0.337263 -0.004843
v 0.171148 0.312734 -0.005948
v 0.170369 0.311144 -0.009879
v 0.171521 0.310857 -0.008034
v 0.169076 0.312472 -0.010603
v 0.169525 0.314975 -0.005811
v 0.167744 0.316265 -0.007509
v 0.167761 0.313805 -0.011079
v 0.166928 0.315598 -0.010192
v -0.192888 0.309397 -0.025901
v -0.191985 0.309069 -0.027484
v -0.192261 0.311265 -0.024617
v -0.190866 0.309768 -0.028322
v -0.190677 0.312819 -0.024990
v -0.189168 0.313237 -0.026619
v -0.189693 0.310501 -0.028970
v -0.188720 0.312027 -0.028636
v 0.011664 0.311543 -0.027622
v 0.015157 0.294358 -0.040942
v -0.007103 0.310412 -0.027617
v -0.008195 0.326704 -0.011417
v 0.002329 0.327717 -0.010927
v -0.018723 0.327128 -0.012318
v -0.025830 0.311184 -0.028989
v -0.025497 0.332926 -0.015342
v -0.006786 0.293551 -0.040436
v 0.015235 0.275804 -0.054032
v 0.029179 0.283093 -0.064034
v 0.026121 0.264270 -0.077605
v 0.018603 0.278798 -0.095433
v 0.014840 0.261692 -0.106238
v -0.004430 0.267203 -0.112009
v -0.005153 0.284618 -0.103603
v -0.003077 0.249222 -0.124976
v -0.008155 0.349471 -0.021729
v -0.006410 0.343611 -0.055307
v 0.004813 0.345143 -0.018670
v 0.016387 0.336866 -0.048565
v -0.005746 0.325039 -0.079496
v 0.020785 0.318306 -0.070552
v -0.005511 0.303875 -0.094204
v 0.020860 0.297736 -0.084890
v 0.029182 0.302364 -0.050532
v 0.023701 0.320261 -0.034209
v 0.009123 0.333891 -0.013074
v 0.013564 0.256883 -0.069195
v 0.021122 0.247326 -0.094256
v 0.009651 0.244990 -0.122200
v -0.000682 0.228833 -0.150153
v 0.001958 0.227876 -0.149805
v 0.013988 0.233739 -0.117005
v 0.002906 0.225191 -0.149252
v 0.007331 0.227802 -0.114749
v 0.001401 0.223626 -0.149060
v -0.002950 0.226863 -0.115039
v -0.000556 0.223441 -0.149229
v -0.013230 0.227116 -0.116033
v -0.002526 0.223490 -0.149321
v -0.019932 0.232599 -0.119116
v -0.004095 0.224948 -0.149718
v -0.015744 0.244141 -0.123782
v -0.003271 0.227694 -0.150152
v -0.003077 0.249222 -0.124976
v -0.000682 0.228833 -0.150153
v -0.030567 0.245970 -0.096843
v -0.020650 0.239032 -0.090379
v -0.037708 0.263497 -0.079895
v -0.004848 0.238705 -0.088899
v -0.025613 0.256406 -0.070603
v -0.041747 0.283129 -0.065885
v -0.028355 0.275825 -0.055171
v -0.042169 0.302566 -0.052267
v -0.006047 0.255900 -0.068928
v 0.010978 0.239859 -0.088788
v -0.006588 0.275050 -0.053487
v -0.028674 0.294483 -0.042009
v -0.037519 0.319673 -0.036437
v -0.029501 0.336425 -0.050239
v -0.032719 0.318456 -0.071854
v -0.032339 0.297763 -0.086276
v -0.029293 0.278216 -0.097144
v -0.023879 0.260681 -0.108178
v -0.004430 0.267203 -0.112009
v -0.005153 0.284618 -0.103603
v -0.005511 0.303875 -0.094204
v -0.005746 0.325039 -0.079496
v -0.006410 0.343611 -0.055307
v -0.008155 0.349471 -0.021729
v -0.021142 0.344414 -0.020370
v -0.045358 0.328031 -0.011022
v -0.019730 0.346171 -0.011794
v -0.019584 0.353175 -0.003688
v -0.058655 0.334955 -0.004580
v -0.015512 0.352017 0.007019
v -0.072237 0.314903 -0.011892
v -0.077426 0.326543 0.007425
v -0.093323 0.305010 -0.014126
v -0.041752 0.335757 0.021644
v -0.010307 0.343924 0.012859
v -0.031319 0.322793 0.031082
v -0.071686 0.321996 0.031361
v -0.099957 0.317722 0.007872
v -0.109141 0.299936 -0.016162
v -0.115442 0.312782 0.005952
v -0.126143 0.298178 -0.017778
v -0.130886 0.309298 0.001629
v -0.152072 0.301631 -0.021522
v -0.154963 0.308981 -0.008480
v -0.188720 0.312027 -0.028636
v -0.189168 0.313237 -0.026619
v -0.164260 0.304913 0.004160
v -0.190677 0.312819 -0.024990
v -0.173781 0.292441 0.008187
v -0.192261 0.311265 -0.024617
v -0.177129 0.279617 0.000675
v -0.172235 0.278645 -0.008824
v -0.144853 0.258868 0.007065
v -0.150527 0.259477 0.021977
v -0.149191 0.280261 0.031515
v -0.140726 0.301497 0.022638
v -0.119894 0.303407 0.032208
v -0.097886 0.310166 0.034914
v -0.059120 0.304566 0.043866
v -0.023495 0.307739 0.025441
v -0.047877 0.285588 0.036457
v -0.025233 0.305307 0.013284
v -0.114789 0.254138 0.036310
v -0.119673 0.278411 0.045376
v -0.088672 0.287759 0.049215
v -0.078298 0.265089 0.040918
v -0.048511 0.283488 0.020375
v -0.076957 0.263882 0.022737
v -0.055572 0.291639 0.004809
v -0.081130 0.275189 0.004982
v -0.110855 0.253644 0.018415
v -0.108772 0.266728 0.001426
v -0.137182 0.269856 -0.005926
v -0.164506 0.284731 -0.016145
v -0.031659 0.310829 0.001613
v -0.038546 0.317762 -0.008958
v -0.063434 0.301496 -0.009301
v -0.086167 0.288362 -0.011100
v -0.107340 0.281730 -0.013843
v -0.129848 0.282545 -0.017346
v -0.156937 0.292011 -0.022370
v -0.126143 0.298178 -0.017778
v -0.152072 0.301631 -0.021522
v -0.192888 0.309397 -0.025901
v -0.191985 0.309069 -0.027484
v -0.190866 0.309768 -0.028322
v -0.189693 0.310501 -0.028970
v -0.188720 0.312027 -0.028636
v -0.109141 0.299936 -0.016162
v -0.093323 0.305010 -0.014126
v -0.072237 0.314903 -0.011892
v -0.045358 0.328031 -0.011022
v -0.019730 0.346171 -0.011794
v -0.016718 0.339543 -0.010214
v -0.013006 0.335350 -0.003957
v -0.009398 0.332169 0.002859
v -0.007544 0.334093 0.009962
v -0.176556 0.202300 -0.041539
v -0.175788 0.201552 -0.042915
v -0.176887 0.204528 -0.041549
v -0.175293 0.201993 -0.044281
v -0.176426 0.206000 -0.043071
v -0.175563 0.205947 -0.045071
v -0.174782 0.202594 -0.045544
v -0.174769 0.204164 -0.046273
v -0.056644 0.248861 0.016062
v -0.038281 0.279060 0.014412
v -0.038103 0.280911 -0.008292
v -0.055652 0.252156 -0.011603
v -0.040078 0.284563 -0.030678
v -0.057247 0.257621 -0.038875
v -0.068793 0.256095 0.034858
v -0.048116 0.285307 0.029879
v -0.092669 0.229245 0.032173
v -0.080272 0.221219 0.012271
v -0.077731 0.226295 -0.016602
v -0.077674 0.233901 -0.045007
v -0.093835 0.277757 0.027203
v -0.069434 0.302090 0.023489
v -0.115460 0.255932 0.024884
v -0.135190 0.237115 0.014272
v -0.120385 0.209298 0.019196
v -0.110062 0.201553 0.001277
v -0.105683 0.207607 -0.023795
v -0.103166 0.216229 -0.048334
v -0.104679 0.291437 -0.004780
v -0.079327 0.311999 -0.002839
v -0.123681 0.273772 -0.008163
v -0.137801 0.256463 -0.013770
v -0.153209 0.234690 -0.024229
v -0.155156 0.220311 -0.007050
v -0.149510 0.200137 -0.005276
v -0.143081 0.194697 -0.017255
v -0.138467 0.199355 -0.033079
v -0.134898 0.205904 -0.048449
v -0.175293 0.201993 -0.044281
v -0.174782 0.202594 -0.045544
v -0.175788 0.201552 -0.042915
v -0.176556 0.202300 -0.041539
v -0.176887 0.204528 -0.041549
v -0.176426 0.206000 -0.043071
v -0.175563 0.205947 -0.045071
v -0.145228 0.234040 -0.045146
v -0.126839 0.254947 -0.046115
v -0.112326 0.271357 -0.044802
v -0.094582 0.288437 -0.039669
v -0.071635 0.308814 -0.031477
v -0.109230 0.233061 -0.061247
v -0.088471 0.249796 -0.060673
v -0.136253 0.218372 -0.056035
v -0.174769 0.204164 -0.046273
v -0.145228 0.234040 -0.045146
v -0.175563 0.205947 -0.045071
v -0.126839 0.254947 -0.046115
v -0.112326 0.271357 -0.044802
v -0.094582 0.288437 -0.039669
v -0.069768 0.270308 -0.054233
v -0.071635 0.308814 -0.031477
v -0.051034 0.294257 -0.043379
v -0.043944 0.329961 -0.021889
v -0.030845 0.318299 -0.030274
v -0.013263 0.344983 -0.012860
v -0.007867 0.336979 -0.017550
v -0.023719 0.310806 -0.021457
v -0.004883 0.331817 -0.012703
v -0.022300 0.308339 -0.006066
v -0.004330 0.330260 -0.004455
v -0.048600 0.332953 -0.002037
v -0.042094 0.325713 0.016127
v -0.028382 0.312637 0.020444
v -0.022212 0.307344 0.009553
v -0.004280 0.329791 0.003940
v -0.006853 0.333621 0.010077
v -0.012503 0.342463 0.007849
v -0.015155 0.347177 -0.002000
v -0.043944 0.329961 -0.021889
v -0.013263 0.344983 -0.012860
v 0.037641 0.268707 -0.038905
v 0.044656 0.246284 -0.049498
v 0.024536 0.269104 -0.048448
v 0.017714 0.291458 -0.038498
v 0.029224 0.291340 -0.029932
v 0.007172 0.292661 -0.048160
v 0.058294 0.250611 -0.049230
v 0.063357 0.230406 -0.064140
v 0.051033 0.272976 -0.038652
v 0.040963 0.295828 -0.029363
v 0.035917 0.310408 -0.059146
v 0.045810 0.288008 -0.072838
v 0.045656 0.305646 -0.043585
v 0.056683 0.282898 -0.055174
v 0.063789 0.261606 -0.065623
v 0.067375 0.242687 -0.077150
v 0.068152 0.225317 -0.092832
v 0.066420 0.214583 -0.085908
v 0.051376 0.225892 -0.064781
v 0.031134 0.247150 -0.058997
v 0.012591 0.270562 -0.059306
v 0.004752 0.297992 -0.059287
v 0.052413 0.267687 -0.083201
v 0.056564 0.249822 -0.091713
v 0.059904 0.231634 -0.101511
v 0.065477 0.209292 -0.119232
v 0.067340 0.207786 -0.117765
v 0.067172 0.205092 -0.116786
v 0.058306 0.210737 -0.086947
v 0.039100 0.227210 -0.072862
v 0.018789 0.249116 -0.069820
v 0.010063 0.276011 -0.072023
v 0.018521 0.307272 -0.066016
v 0.025959 0.285178 -0.080208
v 0.035917 0.310408 -0.059146
v 0.016006 0.255237 -0.082461
v 0.027828 0.229699 -0.082027
v 0.049611 0.211994 -0.092087
v 0.065351 0.203999 -0.117202
v 0.045810 0.288008 -0.072838
v 0.032058 0.265080 -0.090572
v 0.024807 0.236629 -0.092382
v 0.041576 0.214267 -0.097868
v 0.063662 0.204278 -0.118183
v 0.052413 0.267687 -0.083201
v 0.038455 0.247369 -0.098369
v 0.038845 0.220411 -0.103944
v 0.062013 0.204793 -0.119105
v 0.056564 0.249822 -0.091713
v 0.047486 0.229704 -0.106364
v 0.061244 0.206493 -0.120179
v 0.059904 0.231634 -0.101511
v 0.062915 0.208842 -0.120303
v 0.065477 0.209292 -0.119232
v -0.013712 0.305738 0.079256
v -0.014220 0.301163 0.072334
v -0.017492 0.316612 0.056457
v -0.017259 0.322266 0.062386
v -0.003191 0.310347 0.081286
v -0.006780 0.326084 0.064991
v -0.016411 0.334200 0.037948
v -0.009180 0.336310 0.050658
v -0.016567 0.328365 0.033687
v -0.011643 0.323096 0.030157
v -0.011903 0.312052 0.050839
v -0.008978 0.298381 0.065265
v -0.006236 0.284256 0.082817
v -0.005317 0.287262 0.089561
v 0.003636 0.292352 0.090906
v 0.011985 0.294003 0.084102
v 0.007265 0.309625 0.074909
v 0.004238 0.323182 0.060332
v 0.000826 0.333890 0.048233
v -0.004624 0.346297 0.027230
v 0.002829 0.346178 0.022074
v -0.011441 0.345726 0.020580
v -0.012647 0.342533 0.017694
v -0.008868 0.337530 0.016137
v -0.004460 0.333238 0.014819
v -0.005907 0.318466 0.027062
v -0.005402 0.308160 0.045766
v -0.002797 0.296226 0.058783
v -0.002339 0.283559 0.075674
v 0.006582 0.267654 0.086342
v 0.007892 0.269069 0.091500
v 0.013896 0.273592 0.092286
v 0.008484 0.268494 0.080828
v 0.024567 0.252958 0.078607
v 0.002439 0.283407 0.069058
v 0.005183 0.297484 0.056892
v 0.002749 0.308260 0.044733
v 0.001325 0.317801 0.026963
v 0.001334 0.332388 0.015322
v -0.000735 0.343683 -0.002002
v -0.002977 0.343817 -0.002191
v -0.004885 0.344264 -0.002355
v -0.006359 0.345108 -0.001685
v 0.009081 0.285794 0.066764
v 0.011118 0.269736 0.075729
v 0.024971 0.253574 0.076726
v 0.015457 0.272559 0.073774
v 0.025433 0.254443 0.074942
v 0.026887 0.256031 0.074160
v -0.006704 0.349246 0.000289
v -0.002506 0.351460 0.001139
v 0.001378 0.349138 0.000509
v 0.005594 0.338540 0.019056
v 0.000858 0.345873 -0.001092
v 0.001334 0.332388 0.015322
v -0.000735 0.343683 -0.002002
v 0.018832 0.276591 0.086941
v 0.019619 0.276225 0.078955
v 0.014449 0.291230 0.073747
v 0.011007 0.304146 0.064458
v 0.008415 0.315612 0.051657
v 0.006401 0.324907 0.032518
v 0.001325 0.317801 0.026963
v 0.002749 0.308260 0.044733
v 0.005183 0.297484 0.056892
v 0.009081 0.285794 0.066764
v 0.015457 0.272559 0.073774
v 0.026887 0.256031 0.074160
v 0.028622 0.257367 0.076215
v 0.028726 0.256974 0.079086
v 0.027412 0.255331 0.080984
v 0.025340 0.253347 0.080670
v 0.001958 0.227876 -0.149805
v 0.001401 0.223626 -0.149060
v 0.002906 0.225191 -0.149252
v -0.000556 0.223441 -0.149229
v -0.000682 0.228833 -0.150153
v -0.003271 0.227694 -0.150152
v -0.002526 0.223490 -0.149321
v -0.004095 0.224948 -0.149718
v -0.103142 0.293961 0.038896
v -0.102135 0.293226 0.037135
v -0.103312 0.296678 0.039291
v -0.101297 0.294017 0.035512
v -0.102545 0.298597 0.037872
v -0.101190 0.298640 0.035066
v -0.100410 0.295021 0.034035
v -0.100223 0.296677 0.033524
v 0.028686 0.233454 0.060469
v 0.051962 0.235167 0.049322
v 0.045636 0.217775 0.043958
v 0.027116 0.212095 0.049618
v 0.029744 0.264181 0.062330
v 0.054467 0.264003 0.051034
v 0.000000 0.264336 0.065205
v 0.000000 0.231966 0.063813
v 0.000000 0.209268 0.052339
v 0.027540 0.295408 0.057827
v 0.050037 0.293386 0.047278
v 0.000000 0.297141 0.060924
v -0.027540 0.295408 0.057827
v -0.029743 0.264181 0.062330
v -0.028686 0.233454 0.060469
v -0.027116 0.212095 0.049618
v 0.025122 0.319033 0.046128
v 0.042752 0.312537 0.041136
v 0.000000 0.322235 0.048536
v -0.025122 0.319033 0.046128
v -0.042751 0.312537 0.041136
v -0.050036 0.293386 0.047278
v -0.054467 0.264004 0.051034
v -0.051961 0.235167 0.049322
v -0.045635 0.217775 0.043958
v -0.052369 0.212095 0.026875
v -0.066144 0.233454 0.028354
v -0.069803 0.264181 0.029195
v -0.063501 0.295408 0.027127
v -0.048519 0.319033 0.024901
v -0.026129 0.332475 0.025874
v 0.000000 0.336890 0.026944
v 0.026130 0.332475 0.025874
v 0.027252 0.336890 0.000000
v 0.051360 0.322235 0.000000
v 0.048519 0.319033 0.024902
v 0.067955 0.297141 0.000000
v -0.074903 0.264336 -0.000000
v -0.067954 0.297141 -0.000000
v -0.051359 0.322235 0.000000
v -0.027251 0.336890 0.000000
v 0.000000 0.341608 0.000000
v 0.063501 0.295408 0.027128
v 0.074903 0.264336 0.000000
v 0.069804 0.264181 0.029195
v 0.070969 0.231966 0.000000
v 0.066144 0.233454 0.028355
v 0.055753 0.209268 0.000000
v 0.052369 0.212095 0.026876
v 0.030526 0.198290 0.000000
v 0.028959 0.201577 0.028399
v 0.000000 0.195483 0.000000
v 0.000000 0.198290 0.029686
v -0.030525 0.198290 0.000000
v -0.028958 0.201577 0.028399
v -0.055753 0.209268 -0.000000
v -0.070968 0.231966 -0.000000
v -0.049389 0.331933 -0.018078
v -0.012369 0.348476 -0.000523
v -0.015097 0.345134 0.009864
v -0.052899 0.327077 0.002088
v -0.012197 0.336390 0.015410
v -0.076391 0.304475 -0.030259
v -0.043689 0.314300 0.014188
v -0.007559 0.331546 0.011619
v -0.079477 0.300310 -0.003153
v -0.092598 0.274206 -0.036223
v -0.094967 0.271715 -0.006692
v -0.064270 0.288381 0.014020
v -0.033264 0.307388 0.008141
v -0.003714 0.330773 0.004170
v -0.025713 0.306241 -0.005890
v -0.000263 0.331106 -0.003499
v -0.019368 0.306586 -0.020545
v -0.000071 0.335660 -0.009709
v -0.020943 0.312991 -0.032780
v -0.006016 0.344587 -0.008947
v -0.035858 0.326092 -0.033090
v -0.012369 0.348476 -0.000523
v -0.049389 0.331933 -0.018078
v -0.057525 0.298429 -0.049472
v -0.076391 0.304475 -0.030259
v -0.072106 0.268045 -0.056862
v -0.031205 0.280117 -0.031079
v -0.039201 0.280202 -0.011648
v -0.035009 0.285885 -0.047778
v -0.046650 0.257104 -0.054606
v -0.059064 0.229340 -0.054020
v -0.082328 0.239450 -0.056095
v -0.074213 0.204687 -0.047701
v -0.091170 0.213955 -0.049243
v -0.092777 0.183820 -0.038311
v -0.101734 0.190375 -0.039188
v -0.115310 0.164490 -0.029008
v -0.117088 0.166083 -0.029236
v -0.092598 0.274206 -0.036223
v -0.100626 0.246121 -0.037136
v -0.104324 0.220555 -0.034784
v -0.108546 0.195006 -0.031015
v -0.118341 0.167117 -0.027635
v -0.075311 0.204525 -0.020198
v -0.081911 0.207467 -0.006309
v -0.061189 0.228170 -0.017875
v -0.070436 0.230929 0.000466
v -0.093036 0.213081 -0.000980
v -0.085614 0.236873 0.007408
v -0.060397 0.255883 0.004738
v -0.077124 0.261995 0.012294
v -0.049157 0.281655 0.006804
v -0.049870 0.253829 -0.015263
v -0.041658 0.252874 -0.036411
v -0.054125 0.226293 -0.037285
v -0.070390 0.202318 -0.034919
v -0.090615 0.182173 -0.030914
v -0.093077 0.183733 -0.022707
v -0.096526 0.185786 -0.014997
v -0.102634 0.189830 -0.011939
v -0.109081 0.194855 -0.019428
v -0.105315 0.220260 -0.014198
v -0.102253 0.245100 -0.010024
v -0.114812 0.163970 -0.027290
v -0.115296 0.164236 -0.025832
v -0.115810 0.164691 -0.024439
v -0.117142 0.165808 -0.023778
v -0.118452 0.167065 -0.025355
v -0.118341 0.167117 -0.027635
v -0.108546 0.195006 -0.031015
v -0.104324 0.220555 -0.034784
v -0.100626 0.246121 -0.037136
v -0.103312 0.296678 0.039291
v -0.102545 0.298597 0.037872
v -0.084745 0.301248 0.069058
v -0.083430 0.311772 0.059947
v -0.101190 0.298640 0.035066
v -0.062017 0.307998 0.080102
v -0.100223 0.296677 0.033524
v -0.089577 0.313621 0.031675
v -0.065788 0.322284 0.065946
v -0.038759 0.316796 0.079421
v -0.031183 0.296719 0.077114
v -0.057238 0.289427 0.078366
v -0.082902 0.288166 0.067667
v -0.103142 0.293961 0.038896
v -0.076109 0.303161 0.037154
v -0.100410 0.295021 0.034035
v -0.073164 0.321000 0.029451
v -0.049522 0.330681 0.064547
v -0.019381 0.326320 0.068207
v -0.010323 0.307721 0.064962
v -0.015260 0.300702 0.053190
v -0.033367 0.290935 0.063358
v -0.056149 0.285222 0.065592
v -0.080069 0.285461 0.059110
v -0.102135 0.293226 0.037135
v -0.002762 0.318148 0.047193
v -0.004663 0.310871 0.037510
v -0.019144 0.310084 0.028466
v -0.026624 0.302467 0.040479
v -0.040331 0.295166 0.047814
v -0.057587 0.290548 0.050981
v -0.077769 0.289640 0.049468
v -0.101297 0.294017 0.035512
v -0.012221 0.327707 0.014896
v -0.001411 0.329901 0.018175
v -0.002723 0.335369 0.022220
v -0.003327 0.339957 -0.000280
v -0.006602 0.337414 -0.001034
v -0.011801 0.335641 -0.001263
v -0.002760 0.336498 0.052156
v -0.035459 0.337148 0.056617
v -0.063612 0.325442 0.026604
v -0.062600 0.308860 0.032143
v -0.076067 0.295112 0.040405
v -0.101297 0.294017 0.035512
v -0.077769 0.289640 0.049468
v -0.059634 0.297582 0.037259
v -0.057587 0.290548 0.050981
v -0.047806 0.301310 0.033258
v -0.040331 0.295166 0.047814
v -0.038434 0.306204 0.028714
v -0.026624 0.302467 0.040479
v -0.033897 0.311342 0.020368
v -0.044927 0.319979 0.018888
v -0.047575 0.316273 0.025074
v -0.042509 0.335299 0.020007
v -0.023144 0.327053 0.012168
v -0.032076 0.332307 0.012071
v -0.033055 0.341315 0.014174
v -0.018266 0.351227 0.025864
v -0.027935 0.344424 0.044547
v -0.052920 0.330393 0.023204
v -0.054416 0.313020 0.028002
v -0.016989 0.334772 -0.001332
v -0.021121 0.337074 -0.000424
v -0.024253 0.349267 0.004885
v -0.016318 0.349977 0.005255
v -0.003682 0.351223 0.000095
v -0.004475 0.349851 0.027178
v -0.019144 0.310084 0.028466
v -0.012221 0.327707 0.014896
v -0.011801 0.335641 -0.001263
v 0.085425 0.276256 -0.157590
v 0.083965 0.273631 -0.159381
v 0.085460 0.274233 -0.158668
v 0.082524 0.274121 -0.159573
v 0.083746 0.277675 -0.157290
v 0.081597 0.277736 -0.157896
v 0.081138 0.274692 -0.159598
v 0.080350 0.276158 -0.159095
v 0.008310 0.329067 -0.046926
v -0.002064 0.319699 -0.042584
v 0.000363 0.314386 -0.034099
v 0.008924 0.313284 -0.026380
v 0.018178 0.313284 -0.019415
v 0.027327 0.317872 -0.018351
v 0.030322 0.327705 -0.028784
v 0.022064 0.332317 -0.040894
v 0.010485 0.346578 -0.009021
v 0.003976 0.350607 -0.017331
v 0.009225 0.337954 -0.002639
v 0.002841 0.333828 -0.004020
v -0.003885 0.333790 -0.009093
v -0.010200 0.334747 -0.014588
v -0.012494 0.339481 -0.020248
v -0.005793 0.347723 -0.022219
v 0.003976 0.350607 -0.017331
v 0.022064 0.332317 -0.040894
v 0.061470 0.262299 -0.137672
v 0.057046 0.272097 -0.137325
v 0.040792 0.275775 -0.119021
v 0.081138 0.274692 -0.159598
v 0.080350 0.276158 -0.159095
v 0.082524 0.274121 -0.159573
v 0.081597 0.277736 -0.157896
v 0.066428 0.283028 -0.132091
v 0.057034 0.292393 -0.116896
v 0.050678 0.303456 -0.104992
v 0.081806 0.282341 -0.127308
v 0.083746 0.277675 -0.157290
v 0.080430 0.291321 -0.108846
v 0.078006 0.302592 -0.094397
v 0.071716 0.318544 -0.077077
v 0.044109 0.318215 -0.089625
v 0.058969 0.339738 -0.055578
v 0.029637 0.286004 -0.102033
v 0.045842 0.261122 -0.114262
v 0.072066 0.256661 -0.135367
v 0.083965 0.273631 -0.159381
v 0.034666 0.337067 -0.069491
v 0.035530 0.359928 -0.030382
v 0.021477 0.301952 -0.084340
v 0.033786 0.270893 -0.091171
v 0.061172 0.252457 -0.107382
v 0.083314 0.252484 -0.132783
v 0.085460 0.274233 -0.158668
v 0.024504 0.288718 -0.070073
v 0.050702 0.262044 -0.079521
v 0.077631 0.245873 -0.100688
v 0.092805 0.255928 -0.129268
v 0.085425 0.276256 -0.157590
v 0.093253 0.270900 -0.126048
v 0.083746 0.277675 -0.157290
v 0.081806 0.282341 -0.127308
v 0.095820 0.273769 -0.100239
v 0.080430 0.291321 -0.108846
v 0.093794 0.284475 -0.077498
v 0.078006 0.302592 -0.094397
v 0.086223 0.303171 -0.055350
v 0.071716 0.318544 -0.077077
v 0.071245 0.327636 -0.033361
v 0.092530 0.250925 -0.096851
v 0.087115 0.260722 -0.065446
v 0.069136 0.255345 -0.068700
v 0.040925 0.281565 -0.055478
v 0.016432 0.309599 -0.051351
v 0.014175 0.320917 -0.065551
v 0.005314 0.337402 -0.045591
v 0.018648 0.354591 -0.044980
v -0.006356 0.357715 -0.027911
v -0.008771 0.344397 -0.032312
v -0.010320 0.356588 -0.028672
v -0.008066 0.342681 -0.033373
v -0.025859 0.336405 -0.044271
v -0.028599 0.327299 -0.033976
v 0.007763 0.327548 -0.034549
v -0.005803 0.337542 -0.016631
v -0.011640 0.335388 -0.017249
v 0.030665 0.304768 -0.036061
v 0.018132 0.324938 -0.020785
v -0.000693 0.336366 -0.007112
v -0.017162 0.334388 -0.007164
v -0.038257 0.325386 -0.021107
v -0.051706 0.306534 -0.036419
v 0.059028 0.276405 -0.042018
v 0.046405 0.301875 -0.021777
v 0.029347 0.324265 -0.007495
v 0.004558 0.336539 0.002516
v -0.022554 0.334880 0.003256
v -0.048563 0.325320 -0.008691
v -0.066349 0.304386 -0.023513
v -0.079273 0.279458 -0.043337
v 0.077613 0.281925 -0.038704
v 0.063005 0.308395 -0.017427
v 0.040637 0.332269 -0.001277
v 0.008198 0.343090 0.009148
v -0.024839 0.342157 0.010575
v -0.058448 0.333315 -0.002679
v -0.072573 0.313863 -0.009174
v -0.096780 0.285012 -0.040650
v -0.106354 0.263481 -0.066815
v -0.112235 0.286244 -0.079124
v -0.114184 0.275064 -0.101688
v -0.104146 0.305162 -0.056655
v -0.088348 0.329204 -0.034287
v -0.061681 0.350817 -0.012303
v -0.023451 0.355852 0.006559
v 0.006547 0.356366 0.005630
v 0.045036 0.350588 -0.011743
v 0.058969 0.339738 -0.055578
v 0.035530 0.359928 -0.030382
v 0.000280 0.362515 -0.006017
v -0.016819 0.361989 -0.006024
v -0.052461 0.359064 -0.029651
v -0.076342 0.339987 -0.054618
v -0.089658 0.319277 -0.076860
v -0.096290 0.303343 -0.095209
v -0.098667 0.292077 -0.110102
v -0.099463 0.282827 -0.127905
v -0.110948 0.271512 -0.126658
v -0.100936 0.277672 -0.157308
v -0.102619 0.276254 -0.157607
v -0.110496 0.256509 -0.129512
v -0.102653 0.274227 -0.158677
v -0.100974 0.252960 -0.132712
v -0.101163 0.273624 -0.159380
v -0.089691 0.257014 -0.135117
v -0.099723 0.274110 -0.159572
v -0.079053 0.262534 -0.137291
v -0.098335 0.274679 -0.159597
v -0.074603 0.272272 -0.137065
v -0.097543 0.276139 -0.159100
v -0.084030 0.283339 -0.132321
v -0.098783 0.277724 -0.157912
v -0.099463 0.282827 -0.127905
v -0.100936 0.277672 -0.157308
v -0.059307 0.276382 -0.118211
v -0.075330 0.292858 -0.117198
v -0.098667 0.292077 -0.110102
v -0.079873 0.253793 -0.106847
v -0.096334 0.247540 -0.100670
v -0.070692 0.264263 -0.079150
v -0.053906 0.272497 -0.089951
v -0.064507 0.262096 -0.113301
v -0.049414 0.286894 -0.100565
v -0.069519 0.303829 -0.104489
v -0.096290 0.303343 -0.095209
v -0.045876 0.290318 -0.068874
v -0.042425 0.302705 -0.082332
v -0.063321 0.318406 -0.087977
v -0.089658 0.319277 -0.076860
v -0.035584 0.320948 -0.063402
v -0.053863 0.336664 -0.067217
v -0.076342 0.339987 -0.054618
v -0.037207 0.353194 -0.043462
v -0.052461 0.359064 -0.029651
v -0.016819 0.361989 -0.006024
v -0.111135 0.252663 -0.097579
v -0.088901 0.258107 -0.069232
v -0.061830 0.283950 -0.055521
v -0.038246 0.310519 -0.050348
v 0.000280 0.362515 -0.006017
v 0.067340 0.207786 -0.117765
v 0.065351 0.203999 -0.117202
v 0.067172 0.205092 -0.116786
v 0.063662 0.204278 -0.118183
v 0.065477 0.209292 -0.119232
v 0.062915 0.208842 -0.120303
v 0.062013 0.204793 -0.119105
v 0.061244 0.206493 -0.120179
v 0.051962 0.235167 -0.051961
v 0.054467 0.264004 -0.054467
v 0.028687 0.233454 -0.066144
v 0.029744 0.264181 -0.069804
v 0.000001 0.231966 -0.070969
v 0.050037 0.293386 -0.050036
v 0.000000 0.209268 -0.055753
v -0.027115 0.212095 -0.052369
v 0.027116 0.212095 -0.052369
v 0.045636 0.217775 -0.045635
v 0.052370 0.212095 -0.027115
v 0.066144 0.233454 -0.028686
v 0.028959 0.201577 -0.028958
v 0.000000 0.198290 -0.030525
v -0.028958 0.201577 -0.028958
v -0.045635 0.217775 -0.045636
v -0.028686 0.233454 -0.066144
v 0.000001 0.264336 -0.074903
v 0.027540 0.295408 -0.063501
v 0.042752 0.312537 -0.042751
v 0.025122 0.319033 -0.048519
v 0.000001 0.297141 -0.067955
v -0.029743 0.264181 -0.069804
v -0.051961 0.235167 -0.051962
v -0.052369 0.212095 -0.027116
v -0.030525 0.198290 0.000000
v 0.000000 0.195483 0.000000
v 0.030526 0.198290 0.000000
v 0.055753 0.209268 0.000000
v 0.070969 0.231966 0.000000
v -0.066144 0.233454 -0.028686
v -0.054466 0.264004 -0.054467
v -0.027539 0.295408 -0.063501
v 0.000001 0.322235 -0.051360
v 0.000001 0.336890 -0.027251
v 0.026130 0.332475 -0.026129
v 0.048519 0.319033 -0.025122
v 0.063502 0.295408 -0.027540
v 0.069804 0.264181 -0.029743
v -0.069803 0.264181 -0.029744
v -0.050036 0.293386 -0.050037
v -0.025121 0.319034 -0.048519
v -0.026129 0.332475 -0.026129
v -0.063501 0.295408 -0.027540
v -0.042751 0.312537 -0.042752
v -0.048518 0.319033 -0.025122
v 0.074903 0.264336 0.000000
v 0.067955 0.297141 0.000000
v 0.051360 0.322235 0.000000
v 0.027252 0.336890 0.000000
v 0.000000 0.341608 0.000000
v -0.027251 0.336890 0.000000
v -0.051359 0.322235 0.000000
v -0.067954 0.297141 -0.000000
v -0.074903 0.264336 -0.000000
v -0.070968 0.231966 -0.000000
v -0.055753 0.209268 -0.000000
v 0.151125 0.206495 -0.054059
v 0.151066 0.203661 -0.053913
v 0.122238 0.203444 -0.017279
v 0.126639 0.220999 -0.020765
v 0.150153 0.208209 -0.056038
v 0.123052 0.232171 -0.036334
v 0.115609 0.197813 -0.026642
v 0.150139 0.202611 -0.055527
v 0.084907 0.208690 -0.005088
v 0.096969 0.216254 0.008660
v 0.111529 0.239158 -0.000324
v 0.111632 0.253497 -0.027334
v 0.149304 0.203027 -0.057256
v 0.110062 0.200667 -0.040086
v 0.078233 0.212165 -0.027208
v 0.054598 0.234656 -0.018603
v 0.060696 0.232323 0.007876
v 0.076143 0.239568 0.023342
v 0.099305 0.259685 0.010434
v 0.104047 0.271570 -0.022847
v 0.105412 0.205197 -0.053364
v 0.148424 0.203649 -0.058869
v 0.073482 0.217795 -0.049347
v 0.051185 0.238939 -0.045302
v 0.036704 0.264490 -0.040296
v 0.038964 0.261987 -0.013834
v 0.044017 0.261150 0.012360
v 0.059513 0.267701 0.027393
v 0.084652 0.283496 0.014004
v 0.091382 0.291866 -0.019205
v 0.105659 0.215583 -0.060958
v 0.148045 0.205493 -0.059850
v 0.078458 0.231012 -0.063209
v 0.060733 0.250285 -0.062931
v 0.047650 0.273124 -0.058046
v 0.035647 0.297565 -0.048563
v 0.026432 0.290152 -0.033612
v 0.027934 0.288700 -0.011388
v 0.031684 0.288835 0.010625
v 0.044202 0.295423 0.023414
v 0.064933 0.309355 0.012241
v 0.070874 0.315868 -0.015668
v 0.020818 0.319438 -0.035619
v 0.015754 0.312382 -0.025248
v 0.016850 0.311294 -0.009737
v 0.019162 0.311780 0.005670
v 0.026397 0.318457 0.014955
v 0.038184 0.331941 0.007497
v 0.041279 0.337818 -0.011911
v -0.002065 0.328541 -0.015779
v -0.001231 0.327759 -0.007451
v -0.000160 0.328178 0.000876
v 0.002130 0.333124 0.006290
v 0.005116 0.342733 0.002644
v 0.005314 0.346863 -0.007780
v 0.148867 0.207892 -0.058506
v 0.150153 0.208209 -0.056038
v 0.123052 0.232171 -0.036334
v 0.114188 0.230053 -0.053507
v 0.097678 0.250221 -0.054237
v 0.087756 0.267715 -0.054313
v 0.075762 0.287569 -0.050121
v 0.058530 0.310968 -0.041749
v 0.034010 0.332680 -0.030393
v 0.002751 0.343185 -0.018062
v -0.001028 0.333726 -0.021355
v 0.005314 0.346863 -0.007780
v 0.041279 0.337818 -0.011911
v 0.070874 0.315868 -0.015668
v 0.091382 0.291866 -0.019205
v 0.104047 0.271570 -0.022847
v 0.111632 0.253497 -0.027334
v -0.117142 0.165808 -0.023778
v -0.115810 0.164691 -0.024439
v -0.118452 0.167065 -0.025355
v -0.115296 0.164236 -0.025832
v -0.118341 0.167117 -0.027635
v -0.117088 0.166083 -0.029236
v -0.114812 0.163970 -0.027290
v -0.115310 0.164490 -0.029008
v -0.068339 0.205092 -0.116787
v -0.066518 0.203999 -0.117203
v -0.068507 0.207786 -0.117766
v -0.064829 0.204279 -0.118183
v -0.066644 0.209292 -0.119233
v -0.064083 0.208843 -0.120304
v -0.063181 0.204793 -0.119106
v -0.062411 0.206493 -0.120180
v -0.102653 0.274227 -0.158677
v -0.101163 0.273624 -0.159380
v -0.102619 0.276254 -0.157607
v -0.099723 0.274110 -0.159572
v -0.100936 0.277672 -0.157308
v -0.098783 0.277724 -0.157912
v -0.098335 0.274679 -0.159597
v -0.097543 0.276139 -0.159100
v -0.066644 0.209292 -0.119233
v -0.061072 0.231634 -0.101511
v -0.069320 0.225317 -0.092832
v -0.068507 0.207786 -0.117766
v -0.068543 0.242687 -0.077151
v -0.057732 0.249823 -0.091714
v -0.064525 0.230407 -0.064141
v -0.067588 0.214584 -0.085908
v -0.068339 0.205092 -0.116787
v -0.066518 0.203999 -0.117203
v -0.059474 0.210738 -0.086947
v -0.052544 0.225892 -0.064782
v -0.045823 0.246284 -0.049499
v -0.059462 0.250611 -0.049231
v -0.064956 0.261606 -0.065623
v -0.053581 0.267687 -0.083202
v -0.057850 0.282898 -0.055175
v -0.046978 0.288009 -0.072838
v -0.052201 0.272976 -0.038653
v -0.038809 0.268707 -0.038905
v -0.025704 0.269104 -0.048448
v -0.032302 0.247150 -0.058998
v -0.040267 0.227210 -0.072862
v -0.050778 0.211994 -0.092087
v -0.064829 0.204279 -0.118183
v -0.046823 0.305646 -0.043586
v -0.037084 0.310408 -0.059146
v -0.042130 0.295828 -0.029364
v -0.030392 0.291340 -0.029932
v -0.018882 0.291458 -0.038498
v -0.008340 0.292661 -0.048160
v -0.013758 0.270562 -0.059306
v -0.019956 0.249116 -0.069821
v -0.028995 0.229700 -0.082027
v -0.042744 0.214267 -0.097869
v -0.063181 0.204793 -0.119106
v -0.025975 0.236629 -0.092383
v -0.040012 0.220411 -0.103945
v -0.062411 0.206493 -0.120180
v -0.023231 0.332317 -0.040894
v -0.031490 0.327705 -0.028785
v -0.028495 0.317872 -0.018351
v -0.019345 0.313284 -0.019416
v -0.010091 0.313284 -0.026380
v -0.001530 0.314386 -0.034099
v 0.000896 0.319699 -0.042584
v -0.005920 0.297992 -0.059287
v -0.011230 0.276012 -0.072024
v -0.017173 0.255237 -0.082461
v -0.011653 0.346578 -0.009021
v -0.005144 0.350607 -0.017331
v -0.010393 0.337954 -0.002639
v -0.004009 0.333828 -0.004020
v 0.002717 0.333790 -0.009093
v 0.009033 0.334747 -0.014588
v 0.011327 0.339481 -0.020248
v 0.004626 0.347723 -0.022218
v -0.009478 0.329067 -0.046926
v -0.019688 0.307272 -0.066016
v -0.027127 0.285178 -0.080208
v -0.005144 0.350607 -0.017331
v -0.023231 0.332317 -0.040894
v -0.037084 0.310408 -0.059146
v -0.046978 0.288009 -0.072838
v -0.033225 0.265081 -0.090572
v -0.053581 0.267687 -0.083202
v -0.039623 0.247369 -0.098369
v -0.057732 0.249823 -0.091714
v -0.048654 0.229704 -0.106364
v -0.061072 0.231634 -0.101511
v -0.064083 0.208843 -0.120304
v -0.066644 0.209292 -0.119233
v 0.027412 0.255331 0.080984
v 0.024567 0.252958 0.078607
v 0.025340 0.253347 0.080670
v 0.024971 0.253574 0.076726
v 0.028726 0.256974 0.079086
v 0.028622 0.257367 0.076215
v 0.025433 0.254443 0.074942
v 0.026887 0.256031 0.074160
v 0.151125 0.206495 -0.054059
v 0.150139 0.202611 -0.055527
v 0.151066 0.203661 -0.053913
v 0.149304 0.203027 -0.057256
v 0.150153 0.208209 -0.056038
v 0.148867 0.207892 -0.058506
v 0.148424 0.203649 -0.058869
v 0.148045 0.205493 -0.059850
v 0.097784 0.296686 0.041698
v 0.096630 0.293238 0.039517
v 0.097617 0.293958 0.041295
v 0.095803 0.294034 0.037895
v 0.096929 0.298779 0.040192
v 0.095638 0.299115 0.037750
v 0.094940 0.295028 0.036432
v 0.094660 0.297118 0.035870
v 0.018386 0.222946 0.060743
v 0.018386 0.224304 0.060743
v 0.012257 0.222946 0.060743
v -0.012257 0.225665 0.060743
v -0.018386 0.225665 0.060743
v -0.018386 0.224306 0.060743
v -0.012257 0.224306 0.060743
v -0.006128 0.225665 0.060743
v -0.006128 0.224306 0.060743
v 0.000000 0.225664 0.060743
v 0.000000 0.224305 0.060743
v 0.006129 0.225664 0.060743
v 0.006129 0.224305 0.060743
v 0.012257 0.225664 0.060743
v 0.012257 0.224305 0.060743
v 0.018386 0.225663 0.060743
v 0.006129 0.222946 0.060743
v -0.018386 0.222948 0.060743
v -0.012257 0.222947 0.060743
v -0.006128 0.222947 0.060743
v 0.000000 0.222947 0.060743
v -0.000684 0.214697 0.060277
v 0.000877 0.214697 0.060277
v -0.000647 0.222805 0.060277
v 0.000850 0.222805 0.060277
v -0.000004 0.223530 0.060277
v 0.005374 0.223530 0.060277
v 0.005243 0.222805 0.060277
v 0.009698 0.222805 0.060277
v 0.010751 0.223530 0.060277
v 0.012222 0.216154 0.060277
v 0.010993 0.215885 0.060277
v 0.012925 0.208780 0.060277
v 0.011672 0.208707 0.060277
v 0.011574 0.201754 0.060277
v 0.012804 0.201405 0.060277
v 0.010038 0.195427 0.060277
v 0.011014 0.194030 0.060277
v 0.005506 0.192662 0.060277
v 0.005247 0.194237 0.060277
v -0.000001 0.193661 0.060277
v -0.000002 0.192058 0.060277
v -0.005509 0.192663 0.060277
v -0.005249 0.194238 0.060277
v -0.010040 0.195428 0.060277
v -0.011017 0.194031 0.060277
v -0.012806 0.201406 0.060277
v -0.011575 0.201756 0.060277
v -0.012926 0.208781 0.060277
v -0.011673 0.208708 0.060277
v -0.010989 0.215887 0.060277
v -0.012219 0.216156 0.060277
v -0.009705 0.222806 0.060277
v -0.010759 0.223531 0.060277
v -0.005381 0.223530 0.060277
v -0.005250 0.222805 0.060277
vn 0.3290 -0.0000 0.9443
vn -0.3290 -0.0000 0.9443
vn 0.0200 -0.3557 -0.9344
vn -0.0801 0.9967 0.0149
vn -0.0000 1.0000 -0.0000
vn -0.0149 0.9967 0.0801
vn 0.0652 0.9957 0.0652
vn -0.0652 0.9957 -0.0652
vn 0.0149 0.9967 -0.0801
vn 0.0801 0.9967 -0.0149
vn 0.6941 -0.1907 -0.6941
vn 0.6922 -0.2043 -0.6922
vn -0.0000 -0.1786 -0.9839
vn 0.9839 -0.1786 -0.0000
vn 0.9814 -0.1918 -0.0000
vn 0.9742 -0.2257 -0.0000
vn 0.6864 -0.2401 -0.6864
vn -0.0000 -0.1918 -0.9814
vn -0.6941 -0.1907 -0.6941
vn -0.6922 -0.2043 -0.6922
vn -0.9839 -0.1786 -0.0000
vn -0.9814 -0.1918 -0.0000
vn -0.6941 -0.1907 0.6941
vn -0.6922 -0.2043 0.6922
vn -0.0000 -0.1786 0.9839
vn -0.0000 -0.1918 0.9814
vn -0.6864 -0.2401 0.6864
vn -0.0001 -0.2257 0.9742
vn -0.9742 -0.2257 -0.0000
vn -0.6864 -0.2401 -0.6864
vn -0.0000 -0.2257 -0.9742
vn -0.6816 -0.2664 0.6816
vn -0.0000 -0.2502 0.9682
vn -0.9682 -0.2502 -0.0000
vn -0.6816 -0.2664 -0.6816
vn -0.0000 -0.2502 -0.9682
vn 0.6816 -0.2664 -0.6816
vn 0.9682 -0.2502 -0.0000
vn 0.6816 -0.2664 0.6816
vn 0.6864 -0.2401 0.6864
vn 0.6922 -0.2043 0.6922
vn 0.6941 -0.1907 0.6941
vn -0.0000 -0.2258 0.9742
vn -0.6809 -0.2699 0.6809
vn -0.0001 -0.2534 0.9674
vn -0.9674 -0.2534 -0.0000
vn -0.6809 -0.2699 -0.6809
vn -0.0000 -0.2534 -0.9674
vn 0.6809 -0.2699 -0.6809
vn 0.9674 -0.2534 -0.0000
vn 0.6809 -0.2699 0.6809
vn 0.0001 -0.2534 0.9674
vn 0.0001 -0.2502 0.9682
vn 0.0519 -0.9973 -0.0519
vn 0.0637 -0.9979 0.0119
vn -0.0000 -1.0000 -0.0000
vn -0.0119 -0.9979 -0.0637
vn -0.0637 -0.9979 -0.0119
vn -0.0519 -0.9973 0.0519
vn 0.0119 -0.9979 0.0637
vn -0.0000 0.0807 0.9967
vn -0.0001 0.0807 0.9967
vn -0.7042 0.0900 0.7042
vn -0.9967 0.0807 -0.0000
vn -0.7042 0.0900 -0.7042
vn -0.0000 0.0807 -0.9967
vn 0.7042 0.0900 -0.7042
vn 0.9967 0.0807 -0.0000
vn 0.7042 0.0900 0.7042
vn 0.0001 0.0807 0.9967
vn -0.5527 0.7874 -0.2728
vn -0.5527 0.7874 -0.2729
vn 0.5527 -0.7874 0.2729
vn 0.8969 0.4179 -0.1448
vn 0.0200 0.2987 0.9541
vn -0.7564 -0.6181 0.2142
vn 0.0594 0.9982 -0.0000
vn 0.4865 -0.2872 0.8251
vn 0.4315 -0.1125 0.8951
vn 0.1457 0.1791 0.9730
vn 0.4480 -0.1671 0.8783
vn 0.2849 0.1095 0.9523
vn 0.3179 -0.4566 0.8309
vn 0.2144 0.1597 0.9636
vn 0.3253 0.2183 0.9201
vn 0.2454 -0.3507 0.9038
vn 0.0835 -0.5710 0.8167
vn -0.4123 0.1287 0.9019
vn -0.1516 -0.1696 0.9738
vn -0.5037 0.3294 0.7986
vn -0.4629 0.2043 0.8625
vn -0.3458 0.4959 0.7965
vn -0.2677 0.3826 0.8843
vn -0.1170 0.6027 0.7893
vn -0.0190 0.5059 0.8624
vn 0.1129 0.5172 0.8484
vn -0.0087 0.0124 0.9999
vn -0.0100 -0.4786 0.8780
vn -0.1238 -0.5138 0.8489
vn -0.3301 -0.2213 0.9176
vn -0.2331 -0.1319 0.9635
vn -0.2896 -0.1131 0.9504
vn -0.3132 -0.2131 0.9255
vn -0.3132 -0.2130 0.9255
vn -0.3132 -0.2129 0.9255
vn -0.3131 -0.2127 0.9256
vn -0.3133 -0.2127 0.9255
vn -0.3131 -0.2130 0.9255
vn -0.3133 -0.2129 0.9255
vn -0.3133 -0.2131 0.9255
vn -0.3131 -0.2129 0.9255
vn -0.3134 -0.2129 0.9255
vn 0.0882 -0.5581 -0.8251
vn -0.0541 -0.4427 -0.8950
vn -0.2202 -0.0697 -0.9730
vn 0.0320 0.4308 -0.9019
vn 0.2134 0.0786 -0.9738
vn -0.1210 0.5895 -0.7986
vn -0.0198 0.5056 -0.8625
vn -0.3340 0.5040 -0.7965
vn -0.2573 0.3896 -0.8843
vn -0.5175 0.3305 -0.7893
vn -0.4634 0.2037 -0.8624
vn -0.5225 0.0853 -0.8484
vn -0.3227 -0.2222 -0.9201
vn -0.2273 -0.1406 -0.9636
vn -0.2066 -0.2247 -0.9523
vn -0.0094 -0.4781 -0.8783
vn 0.3077 -0.4635 -0.8309
vn 0.3272 0.2256 -0.9176
vn 0.5233 -0.0739 -0.8489
vn 0.4487 -0.1667 -0.8780
vn 0.5003 -0.2876 -0.8167
vn 0.2359 -0.3571 -0.9038
vn -0.0084 0.0126 -0.9999
vn 0.2084 0.1682 -0.9635
vn 0.2117 0.2277 -0.9504
vn -0.3132 -0.2129 -0.9255
vn -0.3132 -0.2130 -0.9255
vn -0.3127 -0.2130 -0.9257
vn -0.3133 -0.2129 -0.9255
vn -0.3131 -0.2130 -0.9255
vn -0.3137 -0.2120 -0.9256
vn -0.3131 -0.2131 -0.9255
vn -0.3133 -0.2130 -0.9255
vn -0.3135 -0.2129 -0.9254
vn -0.3131 -0.2129 -0.9255
vn -0.6946 0.7194 -0.0000
vn -0.5623 0.8270 -0.0000
vn -0.4135 0.9105 -0.0000
vn 0.7327 -0.6805 -0.0000
vn 0.5623 -0.8270 -0.0000
vn 0.3634 -0.9316 -0.0000
vn 0.3240 0.8921 0.3149
vn 0.1436 0.9527 0.2678
vn -0.0423 0.9767 0.2104
vn -0.2265 0.9632 0.1449
vn -0.4021 0.9126 0.0739
vn -0.5622 0.8270 -0.0000
vn 0.8123 -0.5649 0.1449
vn 0.8927 -0.3985 0.2104
vn 0.9388 -0.2168 0.2678
vn 0.9487 -0.0268 0.3149
vn 0.9223 0.1643 0.3499
vn 0.8604 0.3490 0.3714
vn 0.7654 0.5204 0.3787
vn 0.6410 0.6717 0.3715
vn 0.4920 0.7972 0.3499
vn -0.6410 -0.6717 -0.3715
vn -0.4919 -0.7972 -0.3499
vn -0.3240 -0.8921 -0.3149
vn -0.1436 -0.9527 -0.2678
vn 0.0423 -0.9767 -0.2104
vn 0.2266 -0.9632 -0.1449
vn 0.4021 -0.9126 -0.0739
vn 0.5622 -0.8270 -0.0000
vn 0.7008 -0.7096 0.0739
vn -0.5623 0.8269 -0.0000
vn -0.7008 0.7095 -0.0739
vn -0.8123 0.5649 -0.1449
vn -0.8927 0.3985 -0.2104
vn -0.9388 0.2168 -0.2678
vn -0.9487 0.0268 -0.3149
vn -0.9223 -0.1643 -0.3499
vn -0.8603 -0.3490 -0.3714
vn -0.8603 -0.3490 -0.3715
vn -0.7654 -0.5204 -0.3787
vn 0.0761 0.9971 -0.0000
vn 0.0320 0.9349 0.3534
vn 0.2714 0.9271 0.2586
vn 0.2738 0.9614 -0.0267
vn -0.1247 0.9918 0.0267
vn -0.1275 0.9575 -0.2587
vn 0.1103 0.9289 -0.3534
vn -0.3131 -0.2129 -0.9256
vn -0.8640 -0.5034 -0.0000
vn -0.2266 0.9631 0.1450
vn 0.8124 -0.5649 0.1449
vn 0.9488 -0.0268 0.3149
vn 0.8603 0.3490 0.3714
vn 0.6410 0.6717 0.3714
vn -0.7008 0.7096 -0.0739
vn -0.8604 -0.3490 -0.3714
vn -0.4021 0.9126 -0.0739
vn -0.2266 0.9631 -0.1450
vn -0.0423 0.9767 -0.2104
vn 0.1436 0.9527 -0.2678
vn 0.3240 0.8921 -0.3149
vn 0.4920 0.7972 -0.3499
vn 0.6410 0.6717 -0.3714
vn 0.7654 0.5204 -0.3787
vn 0.8604 0.3490 -0.3714
vn 0.9223 0.1643 -0.3499
vn 0.9488 -0.0268 -0.3149
vn 0.9388 -0.2168 -0.2678
vn 0.8927 -0.3985 -0.2104
vn 0.8124 -0.5649 -0.1449
vn 0.7008 -0.7096 -0.0738
vn 0.7008 -0.7096 -0.0739
vn 0.4021 -0.9126 0.0739
vn 0.2266 -0.9632 0.1449
vn 0.0423 -0.9767 0.2104
vn -0.1436 -0.9527 0.2678
vn -0.3240 -0.8921 0.3149
vn -0.4919 -0.7972 0.3499
vn -0.6410 -0.6717 0.3714
vn -0.7654 -0.5204 0.3787
vn -0.7654 -0.5203 0.3787
vn -0.8604 -0.3490 0.3714
vn -0.9223 -0.1643 0.3499
vn -0.9488 0.0268 0.3149
vn -0.9388 0.2168 0.2678
vn -0.8927 0.3985 0.2104
vn -0.8123 0.5649 0.1449
vn -0.7008 0.7096 0.0739
vn -0.5622 0.8270 -0.0001
vn -0.2265 0.9632 -0.1449
vn 0.4919 0.7972 -0.3499
vn 0.9487 -0.0268 -0.3149
vn 0.8123 -0.5649 -0.1449
vn -0.6410 -0.6717 0.3715
vn -0.9487 0.0268 0.3149
vn -0.7008 0.7095 0.0739
vn -0.3134 -0.2132 0.9254
vn -0.5538 0.1571 0.8177
vn 0.0072 0.0953 0.9954
vn -0.5367 0.1547 0.8295
vn -0.9728 0.2316 -0.0000
vn -0.5537 0.1571 -0.8177
vn -0.5367 0.1547 -0.8295
vn 0.0073 0.0953 -0.9954
vn 0.5712 0.0712 -0.8177
vn 0.5539 0.0714 -0.8295
vn 0.9967 0.0812 -0.0000
vn 0.5712 0.0712 0.8177
vn 0.5539 0.0714 0.8295
vn 0.0073 0.0953 0.9954
vn -0.7232 0.6901 0.0267
vn -0.5709 0.8210 -0.0000
vn -0.5658 0.7450 0.3534
vn -0.7037 0.6617 -0.2587
vn -0.5014 0.7898 -0.3534
vn -0.3951 0.9182 -0.0267
vn -0.3753 0.8901 0.2587
vn -0.1078 -0.9942 -0.0000
vn 0.2030 0.9792 -0.0000
vn 0.9852 -0.1713 -0.0000
vn 0.0665 -0.0286 0.9974
vn 0.4675 -0.0813 0.8802
vn -0.0967 0.1035 0.9899
vn 0.0121 0.0021 0.9999
vn -0.0224 -0.0770 0.9968
vn -0.0053 -0.0120 0.9999
vn 0.0798 -0.0084 0.9968
vn 0.0096 0.0272 0.9996
vn -0.0416 0.3302 0.9430
vn 0.0133 0.0640 0.9979
vn 0.8270 0.5623 -0.0000
vn 0.8270 0.5622 -0.0000
vn 0.8269 0.5623 -0.0000
vn -0.7859 -0.6183 -0.0000
vn -0.0000 -0.0000 1.0000
vn -0.0000 -0.0000 -1.0000
vn -0.9954 -0.0959 -0.0000
vn 0.9986 -0.0528 -0.0000
vn -0.0230 -0.9997 -0.0000
vn 0.4175 -0.9087 -0.0000
vn 0.7823 -0.6229 -0.0000
vn -0.5285 -0.2280 0.8177
vn -0.0546 0.0785 0.9954
vn -0.0546 0.0784 0.9954
vn -0.5138 -0.2191 0.8295
vn -0.9004 -0.4350 -0.0000
vn -0.5285 -0.2280 -0.8177
vn -0.5138 -0.2191 -0.8295
vn -0.0545 0.0785 -0.9954
vn -0.0546 0.0785 -0.9954
vn 0.3978 0.4160 -0.8177
vn 0.3843 0.4053 -0.8295
vn 0.7213 0.6926 -0.0000
vn 0.3978 0.4160 0.8177
vn 0.3843 0.4053 0.8295
vn -0.0545 0.0785 0.9954
vn 0.9642 -0.2653 -0.0000
vn -0.9501 0.3118 -0.0000
vn -0.0022 0.0724 -0.9974
vn 0.0964 0.4647 -0.8802
vn 0.0607 -0.1279 -0.9899
vn 0.0064 0.0105 -0.9999
vn -0.0799 0.0075 -0.9968
vn -0.0131 -0.0005 -0.9999
vn 0.0216 0.0773 -0.9968
vn 0.0289 -0.0011 -0.9996
vn 0.2918 -0.1601 -0.9430
vn 0.0644 -0.0112 -0.9979
vn -0.3341 0.0272 0.9421
vn -0.3503 0.3358 0.8744
vn -0.1374 -0.6499 0.7475
vn -0.6900 0.1823 0.7005
vn -0.6578 -0.4242 0.6224
vn -0.1679 -0.7832 0.5987
vn -0.6555 0.1190 0.7457
vn -0.7583 -0.6440 0.1011
vn -0.1898 -0.9765 -0.1022
vn -0.0003 -0.6462 0.7632
vn -0.0090 -0.9668 -0.2554
vn -0.2064 -0.9166 -0.3424
vn 0.0016 -0.6409 -0.7677
vn -0.1699 -0.8858 -0.4319
vn 0.4075 -0.4675 -0.7844
vn -0.2752 -0.8444 -0.4596
vn 0.1069 -0.3560 -0.9283
vn -0.4708 -0.7696 -0.4313
vn -0.2773 -0.2400 -0.9303
vn -0.6220 -0.7218 -0.3035
vn -0.6527 -0.1855 -0.7345
vn -0.8466 -0.5162 0.1296
vn -0.9778 -0.1619 -0.1332
vn -0.6401 -0.7487 0.1722
vn -0.5377 -0.7943 0.2827
vn -0.5685 -0.7617 0.3108
vn -0.4798 -0.7926 0.3764
vn -0.4273 -0.0471 0.9029
vn -0.4136 -0.0620 0.9083
vn -0.2161 -0.1444 0.9656
vn -0.4009 -0.1224 0.9079
vn -0.6288 -0.5572 0.5423
vn 0.0348 0.6749 0.7371
vn -0.2162 -0.1444 0.9656
vn -0.4137 -0.0620 0.9083
vn -0.0186 0.7066 0.7074
vn 0.0563 0.8985 0.4353
vn 0.1208 0.9070 0.4034
vn -0.1401 0.9888 0.0512
vn 0.1183 0.9928 -0.0197
vn -0.4860 0.6305 -0.6052
vn -0.0279 0.6211 -0.7832
vn 0.4166 0.4999 -0.7593
vn 0.7873 0.2898 -0.5442
vn -0.0001 0.5498 -0.8353
vn -0.9021 0.4292 -0.0450
vn -0.6070 0.6908 0.3928
vn -0.5268 0.5787 0.6226
vn -0.3874 0.4532 0.8029
vn -0.4009 -0.1225 0.9079
vn -0.4273 -0.0472 0.9029
vn 0.0186 0.7149 0.6989
vn 0.2109 0.8902 0.4039
vn 0.3588 0.9334 -0.0043
vn 0.5229 0.8485 0.0815
vn 0.7309 0.6327 0.2559
vn 0.8990 0.2884 0.3297
vn -0.0012 -1.0000 -0.0046
vn 0.3052 0.3398 0.8896
vn -0.0067 0.0979 0.9952
vn -0.6556 0.1190 0.7457
vn -0.0265 0.7808 0.6242
vn 0.2418 0.8784 0.4122
vn 0.3039 0.7749 0.5542
vn 0.2750 0.7820 0.5594
vn 0.1032 0.3460 0.9325
vn -0.0410 0.6706 0.7407
vn -0.0670 0.6737 0.7360
vn -0.0924 0.3063 0.9474
vn -0.3502 0.3359 0.8743
vn -0.3341 0.0271 0.9421
vn -0.0981 0.3332 -0.9378
vn 0.0511 0.9620 -0.2683
vn 0.4213 0.8640 -0.2757
vn 0.2046 0.2489 -0.9467
vn 0.3229 0.7444 0.5845
vn 0.1168 0.8027 0.5849
vn -0.3690 0.9089 -0.1943
vn -0.4277 0.2846 -0.8580
vn -0.3409 -0.4660 -0.8165
vn -0.2162 -0.4334 -0.8749
vn -0.0805 -0.4735 -0.8771
vn -0.2683 -0.9267 -0.2632
vn -0.2728 -0.9264 -0.2595
vn -0.2186 -0.9456 -0.2408
vn -0.1154 -0.9710 -0.2094
vn -0.4136 -0.5545 -0.7221
vn -0.6871 0.1136 -0.7176
vn -0.7107 0.7006 -0.0639
vn -0.1292 0.7725 0.6218
vn 0.1050 0.4817 0.8700
vn 0.1889 0.4583 0.8685
vn 0.2213 0.4307 0.8750
vn 0.4386 0.6644 0.6051
vn 0.6650 0.7076 -0.2387
vn -0.2087 -0.6910 0.6920
vn -0.1600 -0.7052 0.6907
vn -0.0773 -0.7303 0.6788
vn 0.0644 -0.7519 0.6561
vn -0.2242 -0.7606 0.6093
vn -0.3690 -0.9276 0.0579
vn -0.6503 -0.7123 -0.2639
vn -0.9199 -0.2996 -0.2531
vn -0.9690 0.1202 0.2159
vn -0.3321 0.6492 0.6843
vn 0.0007 0.4628 0.8865
vn 0.0537 0.0896 0.9945
vn 0.0644 0.1090 0.9920
vn -0.2490 -0.6833 0.6864
vn -0.2087 -0.6911 0.6920
vn 0.0417 0.1205 0.9918
vn 0.0125 0.0943 0.9955
vn -0.0776 0.4015 0.9126
vn -0.6705 0.0918 0.7362
vn -0.0773 -0.7303 0.6787
vn 0.0208 0.0388 0.9990
vn -0.5260 -0.1283 0.8407
vn 0.0643 -0.7519 0.6561
vn -0.3525 -0.2808 0.8927
vn -0.2242 -0.7606 0.6092
vn 0.0263 0.0850 0.9960
vn 0.1954 0.4406 0.8762
vn 0.4550 0.6355 0.6238
vn 0.7806 0.5962 -0.1878
vn 0.4209 0.1046 -0.9011
vn 0.5725 -0.0190 -0.8197
vn 0.0322 -0.5512 -0.8338
vn 0.1702 -0.6352 -0.7533
vn -0.2596 -0.9367 -0.2350
vn -0.1726 -0.9654 -0.1954
vn -0.2375 -0.6825 0.6912
vn 0.4174 -0.5008 0.7583
vn 0.4952 -0.8431 0.2095
vn 0.7347 -0.6161 -0.2840
vn 0.9394 -0.2361 -0.2486
vn 0.9859 0.1178 0.1186
vn 0.8097 0.1310 0.5720
vn 0.7317 0.0157 0.6814
vn 0.5979 -0.1205 0.7924
vn -0.9199 -0.2995 -0.2531
vn -0.6705 0.0918 0.7363
vn -0.5260 -0.1282 0.8408
vn -0.6503 -0.7123 -0.2640
vn -0.3524 -0.2808 0.8927
vn 0.9852 0.0108 0.1710
vn 0.7141 0.1753 0.6777
vn 0.8486 -0.4990 -0.1760
vn 0.5415 0.0132 0.8406
vn 0.5098 -0.8561 -0.0848
vn 0.1971 -0.9371 0.2880
vn 0.3297 -0.0894 0.9398
vn 0.1000 -0.6050 0.7899
vn -0.3854 0.5283 -0.7566
vn -0.3883 0.5212 -0.7600
vn 0.0207 0.6564 -0.7542
vn 0.0680 0.0276 -0.9973
vn -0.1082 0.0443 -0.9931
vn 0.2082 0.0279 -0.9777
vn 0.4197 0.5364 -0.7323
vn 0.4993 -0.2628 -0.8256
vn 0.0212 0.5910 -0.8064
vn -0.3785 0.5665 -0.7320
vn -0.9644 0.2003 -0.1728
vn -0.9473 0.3020 -0.1069
vn -0.7303 -0.2536 0.6343
vn -0.7227 -0.2990 0.6231
vn -0.0339 -0.5124 0.8581
vn -0.0281 -0.4411 0.8970
vn -0.0272 -0.6824 0.7305
vn 0.0423 -0.8802 -0.4726
vn -0.0121 -0.9110 0.4123
vn -0.3455 -0.7295 -0.5903
vn -0.6804 -0.7086 0.1871
vn -0.0210 -0.6886 0.7248
vn -0.7258 -0.5035 0.4688
vn -0.0223 -0.5084 0.8608
vn -0.7342 -0.3287 0.5941
vn -0.9665 0.0607 -0.2496
vn -0.9153 -0.0747 -0.3959
vn -0.4395 -0.2840 -0.8522
vn -0.3730 0.6650 -0.6470
vn -0.9332 0.3594 -0.0049
vn -0.7112 -0.4295 0.5566
vn -0.0464 -0.4447 0.8945
vn -0.5061 -0.2770 0.8168
vn -0.9244 0.3569 0.1347
vn -0.6998 0.3127 0.6422
vn -0.3953 0.8959 -0.2029
vn -0.3379 0.7785 0.5289
vn -0.0161 0.9649 -0.2620
vn -0.0668 0.8034 0.5917
vn 0.3553 0.9219 -0.1547
vn 0.2049 0.7977 0.5672
vn 0.8703 0.4232 0.2518
vn 0.5780 0.3564 0.7341
vn 0.6566 -0.3796 0.6518
vn 0.4052 -0.2429 0.8814
vn -0.0271 -0.6823 0.7305
vn 0.9107 0.4057 0.0777
vn 0.3829 0.8155 -0.4339
vn 0.9475 0.3160 -0.0494
vn 0.0048 0.8428 -0.5381
vn 0.4043 0.6714 -0.6211
vn 0.9727 0.1954 -0.1252
vn 0.4183 0.5649 -0.7112
vn 0.9777 0.0592 -0.2016
vn 0.0174 0.6959 -0.7179
vn -0.3790 0.7974 -0.4695
vn 0.0212 0.6026 -0.7978
vn 0.4255 0.5201 -0.7405
vn 0.9387 -0.0585 -0.3398
vn 0.6704 -0.7030 0.2375
vn 0.6977 -0.5060 0.5072
vn 0.7032 -0.3335 0.6280
vn 0.6921 -0.2497 0.6772
vn 0.6716 -0.2712 0.6895
vn -0.0338 -0.5124 0.8581
vn -0.0280 -0.4411 0.8970
vn -0.0209 -0.6887 0.7248
vn -0.0120 -0.9110 0.4123
vn 0.0422 -0.8802 -0.4726
vn 0.4179 -0.7088 -0.5683
vn 0.0628 -0.1631 0.9846
vn -0.3593 -0.4926 0.7926
vn -0.2192 -0.9212 0.3213
vn 0.3917 -0.8097 0.4370
vn -0.3908 -0.8912 -0.2301
vn 0.1564 -0.3296 0.9311
vn 0.4140 -0.9039 0.1076
vn 0.0487 -0.3972 0.9164
vn 0.1743 -0.8017 -0.5718
vn -0.7786 -0.4905 -0.3914
vn -0.3381 -0.2965 -0.8932
vn 0.2151 -0.7720 -0.5981
vn 0.3278 -0.9357 0.1305
vn -0.0242 -0.4118 0.9110
vn 0.2384 -0.9641 0.1172
vn -0.1109 -0.4551 0.8835
vn 0.0826 -0.9916 0.0996
vn -0.2375 -0.4940 0.8364
vn -0.0921 -0.9928 0.0763
vn 0.1000 -0.6049 0.7900
vn 0.2934 -0.8020 -0.5203
vn 0.6950 -0.2123 -0.6870
vn 0.8206 0.5303 -0.2131
vn 0.4320 0.7532 0.4961
vn 0.2032 0.9074 0.3679
vn 0.5243 0.7492 -0.4047
vn 0.5415 -0.0574 -0.8388
vn 0.3319 -0.7434 -0.5807
vn 0.3270 -0.7052 -0.6291
vn 0.2756 -0.7225 -0.6341
vn -0.1721 -0.2122 -0.9619
vn -0.7734 0.3931 -0.4974
vn -0.5911 0.5390 -0.6001
vn -0.6913 0.6654 0.2816
vn 0.0801 0.8232 -0.5621
vn 0.2823 0.0046 -0.9593
vn 0.0161 -0.0756 -0.9970
vn -0.3344 0.7090 -0.6209
vn -0.5805 0.7777 0.2414
vn -0.4290 0.8753 0.2231
vn -0.4326 0.6604 0.6138
vn -0.3679 0.7057 0.6054
vn -0.1333 0.9568 0.2583
vn -0.1976 0.7529 0.6278
vn 0.0071 0.7209 0.6930
vn 0.1421 0.6270 0.7660
vn -0.4906 0.6060 0.6262
vn -0.2999 0.3967 0.8676
vn -0.2834 0.4005 0.8714
vn -0.2792 0.4301 0.8585
vn -0.1925 0.4608 0.8664
vn -0.0793 0.4203 0.9039
vn -0.0310 0.3313 0.9430
vn -0.1108 -0.4551 0.8835
vn -0.2375 -0.4941 0.8364
vn 0.7141 0.1752 0.6778
vn 0.5416 0.0132 0.8406
vn 0.3297 -0.0895 0.9398
vn 0.0487 -0.3973 0.9164
vn 0.1563 -0.3296 0.9311
vn 0.0628 -0.1630 0.9846
vn -0.3593 -0.4927 0.7926
vn -0.7502 -0.0550 0.6589
vn -0.8874 -0.0766 0.4546
vn -0.9249 -0.0239 0.3795
vn -0.9963 -0.0780 -0.0363
vn 0.8679 0.4783 -0.1339
vn 0.5908 0.7695 0.2426
vn 0.9888 -0.0759 -0.1282
vn 0.5413 0.6924 0.4770
vn 0.9146 -0.3611 0.1820
vn 0.7538 -0.3298 0.5684
vn 0.4512 0.6007 0.6599
vn 0.5528 0.0989 0.8275
vn -0.7661 0.5657 -0.3050
vn -0.8351 0.4557 -0.3081
vn -0.8601 0.5013 0.0945
vn -0.8128 0.5739 0.0995
vn -0.8086 0.3598 0.4656
vn -0.7656 0.4378 0.4714
vn -0.2901 0.1979 -0.9363
vn -0.3822 0.0391 -0.9232
vn -0.1023 0.4161 -0.9036
vn -0.5960 0.7553 -0.2725
vn -0.6776 0.7241 0.1286
vn -0.6355 0.5887 0.4996
vn 0.4148 -0.4269 -0.8035
vn 0.3299 -0.5331 -0.7791
vn 0.5396 -0.2872 -0.7914
vn 0.6937 -0.1760 -0.6984
vn 0.1900 0.5912 -0.7839
vn -0.3105 0.9319 -0.1875
vn -0.4442 0.8745 0.1947
vn -0.4027 0.7284 0.5543
vn 0.6614 -0.7384 -0.1315
vn 0.5976 -0.7920 -0.1254
vn 0.7400 -0.6613 -0.1225
vn 0.8038 -0.5890 -0.0831
vn 0.7999 -0.5991 -0.0345
vn 0.8139 -0.1634 -0.5575
vn 0.5009 0.6299 -0.5936
vn 0.0231 0.9982 -0.0553
vn -0.1677 0.9424 0.2893
vn -0.1367 0.7689 0.6246
vn 0.4513 0.6007 0.6599
vn 0.5818 -0.5456 0.6031
vn 0.5716 -0.5303 0.6262
vn 0.4944 -0.5989 0.6300
vn 0.4249 -0.6681 0.6108
vn 0.3824 -0.7098 0.5916
vn -0.0075 0.1138 0.9935
vn -0.1867 0.0080 0.9824
vn 0.1689 0.1089 0.9796
vn 0.5528 0.0989 0.8274
vn 0.5818 -0.5456 0.6032
vn 0.5715 -0.5302 0.6263
vn 0.4944 -0.5988 0.6301
vn -0.2854 -0.1176 0.9512
vn 0.3823 -0.7097 0.5917
vn -0.3182 -0.1946 0.9278
vn 0.2946 -0.7640 0.5740
vn -0.3378 -0.2099 0.9175
vn -0.3864 -0.8526 0.3518
vn -0.7347 -0.4198 0.5330
vn -0.7819 0.4035 0.4753
vn -0.9726 -0.0728 0.2208
vn -0.8223 0.5599 0.1022
vn -0.9969 -0.0746 0.0239
vn 0.4805 -0.8683 -0.1229
vn 0.2280 -0.6127 -0.7567
vn -0.4228 -0.0084 -0.9062
vn -0.8187 0.4890 -0.3010
vn -0.9867 -0.0394 -0.1577
vn -0.7791 -0.2938 -0.5538
vn -0.4220 -0.7467 -0.5141
vn -0.2679 -0.9576 -0.1058
vn 0.2947 -0.7641 0.5739
vn -0.3864 -0.8526 0.3519
vn 0.2191 0.4505 -0.8655
vn 0.1881 0.5506 -0.8133
vn 0.5745 0.4806 -0.6625
vn 0.5627 0.5189 -0.6435
vn 0.2148 0.4672 -0.8577
vn 0.8327 0.4309 -0.3478
vn -0.6326 0.2558 -0.7310
vn -0.6840 0.4317 -0.5881
vn -0.6012 0.1181 -0.7903
vn -0.5833 0.0586 -0.8101
vn -0.5017 -0.6619 0.5570
vn -0.5512 -0.5566 0.6216
vn -0.8813 -0.4655 -0.0821
vn -0.9314 -0.3624 -0.0334
vn -0.9664 -0.2569 0.0088
vn -0.9821 -0.1745 0.0704
vn -0.9742 -0.1776 0.1392
vn -0.7537 0.5523 -0.3563
vn 0.1113 0.7370 -0.6667
vn 0.5503 0.5543 -0.6244
vn 0.8392 0.4052 -0.3628
vn 0.9069 -0.0290 0.4203
vn -0.5769 -0.4850 0.6573
vn -0.5797 -0.4641 0.6698
vn -0.5499 -0.5383 0.6386
vn -0.5345 -0.2569 0.8052
vn -0.8468 -0.0083 0.5318
vn -0.7768 0.5679 0.2720
vn -0.0128 0.9137 -0.4063
vn 0.4814 0.7192 -0.5010
vn 0.8118 0.4835 -0.3274
vn 0.9020 0.0070 0.4317
vn 0.2085 -0.5314 0.8211
vn 0.1808 -0.4465 0.8763
vn 0.8843 0.0933 0.4576
vn 0.7383 0.6408 -0.2106
vn 0.3624 0.8917 -0.2712
vn -0.2873 0.9055 0.3121
vn -0.5511 -0.5566 0.6216
vn 0.1680 -0.3817 0.9089
vn 0.8275 0.2040 0.5231
vn 0.6133 0.7899 0.0052
vn -0.0710 0.8717 0.4849
vn -0.5768 -0.4850 0.6573
vn 0.1528 -0.3535 0.9229
vn 0.7249 0.2641 0.6363
vn 0.1594 0.7988 0.5801
vn -0.5796 -0.4641 0.6698
vn 0.1408 -0.4039 0.9039
vn 0.2703 0.3226 0.9071
vn -0.5499 -0.5383 0.6387
vn -0.0989 -0.1718 0.9802
vn -0.5345 -0.2570 0.8052
vn 0.7826 -0.1883 -0.5934
vn 0.9277 0.3684 0.0597
vn 0.9562 0.2620 0.1306
vn 0.8178 -0.4400 -0.3710
vn -0.0181 -0.6064 -0.7950
vn 0.0273 -0.7937 -0.6077
vn 0.9102 -0.3959 -0.1213
vn 0.3144 -0.7874 -0.5302
vn 0.9381 0.2150 0.2715
vn 0.7367 0.5024 0.4527
vn 0.7319 0.5808 0.3563
vn 0.7191 0.5774 0.3867
vn 0.8527 0.5221 -0.0142
vn 0.6473 0.1272 -0.7516
vn -0.1213 -0.3364 -0.9339
vn -0.7493 -0.4437 -0.4916
vn -0.7127 -0.5451 -0.4415
vn -0.7167 -0.6006 -0.3545
vn -0.6480 -0.6650 -0.3712
vn 0.0268 -0.9454 -0.3247
vn -0.6633 -0.7175 -0.2129
vn 0.6473 -0.7597 -0.0623
vn 0.9517 -0.0657 0.3000
vn 0.7272 0.4896 0.4811
vn 0.3961 0.6695 0.6284
vn 0.4007 0.6965 0.5953
vn 0.4123 0.7613 0.5004
vn 0.4055 0.6903 0.5993
vn 0.6930 0.6074 0.3885
vn 0.7085 0.7032 -0.0590
vn 0.3636 0.4893 -0.7927
vn -0.3346 -0.0065 -0.9423
vn 0.6712 0.6273 0.3949
vn 0.0761 0.9921 0.0992
vn 0.4088 0.6347 0.6558
vn -0.4721 0.5454 0.6925
vn -0.4887 0.6853 0.5400
vn -0.4340 0.6857 0.5844
vn -0.4987 0.6192 0.6066
vn -0.3307 0.2748 0.9028
vn -0.0146 0.3110 0.9503
vn 0.2668 0.2832 0.9212
vn 0.6261 0.0643 0.7771
vn -0.4342 0.3828 0.8154
vn 0.4665 0.5311 0.7073
vn -0.0148 0.9265 0.3760
vn -0.2953 0.0986 0.9503
vn -0.0372 0.7606 0.6481
vn -0.4806 0.3240 0.8149
vn 0.5603 -0.5840 0.5874
vn -0.0123 -0.8836 0.4680
vn -0.6232 -0.5245 0.5801
vn -0.9933 -0.0051 0.1158
vn -0.5727 -0.1390 0.8079
vn -0.4987 0.6191 0.6066
vn -0.8175 -0.3199 -0.4790
vn -0.8967 -0.3365 0.2876
vn -0.9587 -0.1821 0.2187
vn -0.9818 -0.0984 0.1623
vn -0.9913 -0.0583 0.1181
vn -0.9904 0.0675 0.1209
vn -0.4721 0.5454 0.6926
vn -0.4342 0.3828 0.8155
vn -0.4805 0.3241 0.8149
vn -0.9324 0.0468 0.3584
vn -0.9729 0.1415 -0.1829
vn -0.7197 0.4469 -0.5314
vn -0.2142 0.8697 -0.4446
vn -0.3379 0.7786 0.5288
vn -0.0668 0.8034 0.5916
vn 0.2050 0.7977 0.5671
vn 0.5781 0.3564 0.7340
vn 0.9039 0.4271 -0.0246
vn 0.5929 0.6993 0.3993
vn 0.9808 -0.1581 -0.1141
vn 0.5027 0.6029 0.6196
vn 0.8310 -0.5348 0.1533
vn 0.8049 -0.3926 0.4450
vn 0.3324 0.4845 0.8091
vn 0.4044 0.1087 0.9081
vn -0.2718 0.2540 -0.9282
vn -0.6339 0.2609 -0.7281
vn -0.5492 0.5853 -0.5965
vn -0.2567 0.6864 -0.6804
vn -0.2669 -0.0386 -0.9630
vn -0.6451 -0.0404 -0.7630
vn -0.0000 -0.0435 -0.9991
vn -0.0039 0.2590 -0.9659
vn -0.0035 0.7126 -0.7016
vn -0.2753 -0.3032 -0.9123
vn -0.6174 -0.3101 -0.7229
vn 0.0043 -0.2968 -0.9549
vn 0.2707 -0.2968 -0.9158
vn 0.2667 -0.0494 -0.9625
vn 0.2770 0.2620 -0.9245
vn 0.2665 0.6818 -0.6812
vn -0.2863 -0.6412 -0.7120
vn -0.5309 -0.5752 -0.6223
vn 0.0012 -0.6622 -0.7493
vn 0.2753 -0.6392 -0.7180
vn 0.5629 -0.5565 -0.6111
vn 0.6215 -0.3119 -0.7186
vn 0.6450 -0.0477 -0.7627
vn 0.6274 0.2594 -0.7342
vn 0.5192 0.5924 -0.6160
vn 0.6214 0.7239 -0.2998
vn 0.8787 0.3170 -0.3568
vn 0.9242 -0.0442 -0.3795
vn 0.8584 -0.3653 -0.3602
vn 0.6616 -0.6783 -0.3197
vn 0.3269 -0.8778 -0.3501
vn -0.0000 -0.9281 -0.3723
vn -0.3306 -0.8745 -0.3548
vn -0.3496 -0.9369 -0.0004
vn -0.6933 -0.7206 -0.0001
vn -0.6528 -0.6870 -0.3192
vn -0.9228 -0.3853 -0.0009
vn 0.9990 -0.0436 -0.0016
vn 0.9227 -0.3854 -0.0016
vn 0.6934 -0.7205 -0.0016
vn 0.3496 -0.9369 -0.0013
vn -0.0000 -1.0000 -0.0010
vn -0.8631 -0.3596 -0.3546
vn -0.9991 -0.0434 -0.0014
vn -0.9241 -0.0429 -0.3798
vn -0.9381 0.3465 -0.0016
vn -0.8738 0.3233 -0.3633
vn -0.6470 0.7625 -0.0042
vn -0.6253 0.7184 -0.3047
vn -0.2561 0.9666 -0.0069
vn -0.2597 0.9236 -0.2819
vn 0.0001 1.0000 -0.0012
vn -0.0054 0.9612 -0.2757
vn 0.2562 0.9666 0.0045
vn 0.2639 0.9210 -0.2866
vn 0.6468 0.7626 0.0025
vn 0.9380 0.3465 -0.0005
vn 0.4793 -0.8402 0.2537
vn -0.2693 -0.9574 -0.1046
vn -0.1769 -0.7951 -0.5801
vn 0.5812 -0.6735 -0.4567
vn -0.4255 -0.3035 -0.8526
vn 0.7000 -0.6177 0.3584
vn 0.1221 -0.0947 -0.9880
vn -0.7893 0.0336 -0.6131
vn 0.7671 -0.5066 -0.3935
vn 0.8285 -0.3818 0.4096
vn 0.8777 -0.3095 -0.3659
vn 0.1775 -0.0737 -0.9813
vn -0.5131 0.4820 -0.7102
vn -0.8989 0.0200 -0.4378
vn -0.7132 0.6003 -0.3620
vn -0.9690 0.0443 -0.2430
vn -0.8643 0.5029 0.0130
vn -0.9408 -0.2792 0.1922
vn -0.7034 -0.0443 0.7094
vn -0.5885 -0.7716 0.2414
vn -0.0090 -0.6405 0.7679
vn -0.2693 -0.9573 -0.1047
vn 0.4792 -0.8402 0.2538
vn 0.1690 -0.4476 0.8781
vn 0.7000 -0.6176 0.3585
vn 0.2796 -0.2139 0.9360
vn -0.9230 0.3849 -0.0037
vn -0.8043 0.4407 -0.3986
vn -0.6435 0.0084 0.7654
vn -0.5822 0.1632 0.7965
vn -0.5022 0.3611 0.7858
vn 0.3558 0.0033 0.9345
vn -0.3889 0.5356 0.7496
vn 0.4211 0.1374 0.8965
vn -0.2781 0.6223 0.7317
vn 0.4621 0.1294 0.8773
vn 0.1604 0.8169 0.5540
vn 0.6494 0.4160 0.6366
vn 0.8285 -0.3818 0.4097
vn 0.8914 -0.1847 0.4138
vn 0.9146 -0.0967 0.3927
vn 0.9081 -0.1728 0.3814
vn 0.9401 0.1882 0.2844
vn -0.7263 0.5639 -0.3931
vn -0.4865 0.5182 -0.7034
vn -0.7973 0.4524 -0.3995
vn -0.5565 0.4126 -0.7212
vn 0.2949 0.2636 -0.9185
vn 0.2562 0.1719 -0.9512
vn -0.5875 0.3391 -0.7348
vn 0.2224 0.0348 -0.9743
vn -0.5796 0.3513 -0.7353
vn -0.8241 0.3972 -0.4039
vn -0.9196 0.3928 0.0016
vn -0.8695 0.4940 0.0034
vn -0.7718 0.6359 0.0006
vn -0.6565 0.7544 0.0009
vn -0.6301 0.6739 -0.3859
vn -0.3989 0.6001 -0.6934
vn 0.3370 0.2596 -0.9050
vn 0.9256 -0.1453 -0.3496
vn 0.9354 -0.0637 -0.3479
vn 0.9252 -0.1357 -0.3544
vn -0.0722 0.9971 0.0252
vn 0.0488 0.9725 -0.2276
vn 0.1079 0.8686 -0.4837
vn 0.5750 0.5246 -0.6279
vn 0.9534 0.2031 -0.2233
vn 0.9400 0.1882 0.2844
vn 0.9082 -0.1728 0.3813
vn 0.9146 -0.0967 0.3926
vn 0.8915 -0.1848 0.4137
vn 0.8310 -0.5347 0.1533
vn 0.6648 -0.1806 -0.7249
vn 0.6443 -0.6573 -0.3910
vn 0.2773 -0.2395 -0.9305
vn 0.5042 -0.5076 0.6986
vn 0.4504 -0.7685 -0.4545
vn -0.1071 -0.3559 -0.9284
vn -0.4166 0.5000 -0.7593
vn 0.0281 0.6212 -0.7832
vn 0.4974 0.6267 -0.5999
vn -0.0044 0.3590 0.9333
vn 0.3325 0.4845 0.8092
vn 0.4384 -0.4906 0.7530
vn 0.2744 -0.8522 -0.4455
vn -0.4075 -0.4677 -0.7844
vn -0.7873 0.2897 -0.5442
vn -0.5229 0.8485 0.0815
vn -0.3588 0.9334 -0.0043
vn -0.1182 0.9928 -0.0197
vn 0.1417 0.9888 0.0462
vn 0.5929 0.6993 0.3994
vn -0.0002 0.5498 -0.8353
vn -0.7306 0.6333 0.2554
vn -0.3039 0.7752 0.5538
vn -0.2418 0.8785 0.4121
vn -0.2109 0.8902 0.4039
vn -0.1207 0.9070 0.4034
vn -0.0750 0.8997 0.4301
vn 0.5028 0.6029 0.6195
vn -0.2756 0.7819 0.5592
vn -0.8987 0.2899 0.3291
vn -0.0011 -1.0000 -0.0046
vn -0.3493 0.3069 0.8853
vn -0.1164 0.3512 0.9290
vn 0.1865 -0.8901 -0.4159
vn 0.4788 -0.4981 0.7229
vn 0.1946 0.3898 0.9001
vn -0.0705 0.6879 0.7224
vn 0.5028 0.6028 0.6196
vn 0.0157 0.7120 0.7020
vn -0.0224 0.7199 0.6937
vn 0.0214 0.7827 0.6221
vn 0.0367 0.6787 0.7335
vn 0.6682 0.2062 0.7148
vn 0.4068 0.3998 0.8214
vn 0.6310 -0.5817 0.5134
vn 0.0339 0.6813 0.7313
vn 0.5146 0.1733 0.8398
vn 0.7017 -0.5835 0.4090
vn 0.2147 -0.9703 -0.1119
vn 0.2354 -0.9201 -0.3130
vn 0.4918 -0.5066 0.7081
vn 0.2165 0.3729 0.9022
vn 0.0877 0.3325 0.9390
vn 0.3055 -0.0477 0.9510
vn 0.2749 -0.8623 0.4253
vn 0.3082 -0.7125 0.6304
vn -0.0012 -0.6462 0.7632
vn -0.0091 -0.9668 -0.2554
vn -0.2755 0.7819 0.5592
vn -0.7112 -0.5159 0.4775
vn -0.2456 0.3097 0.9186
vn -0.7031 0.0373 0.7101
vn -0.0072 0.1960 0.9806
vn -0.3710 -0.8122 0.4501
vn 0.0462 -0.8099 0.5848
vn 0.2136 0.1168 0.9699
vn 0.3499 -0.4053 0.8446
vn 0.2657 -0.6255 0.7336
vn 0.9088 -0.0161 0.4169
vn 0.7907 0.5426 -0.2834
vn 0.5091 0.6460 -0.5687
vn 0.1688 0.5816 -0.7958
vn -0.5817 0.0753 -0.8099
vn -0.8145 -0.5583 -0.1575
vn -0.4194 -0.7889 0.4491
vn -0.2618 -0.7801 -0.5683
vn 0.0384 -0.9900 -0.1355
vn -0.1133 -0.2460 -0.9626
vn 0.4124 0.0837 -0.9072
vn 0.6323 0.0475 -0.7732
vn 0.8089 0.0588 -0.5851
vn 0.9449 -0.3111 -0.1021
vn 0.5385 -0.8377 0.0909
vn -0.4193 -0.7889 0.4491
vn 0.5363 0.6155 0.5775
vn 0.7028 -0.1658 0.6918
vn 0.7922 -0.0425 0.6088
vn 0.2135 0.1168 0.9699
vn 0.1835 -0.8601 0.4759
vn 0.1466 -0.7479 0.6474
vn 0.1421 -0.6928 0.7070
vn -0.4755 -0.8496 0.2282
vn -0.3710 -0.8122 0.4502
vn -0.5563 -0.7361 0.3856
vn -0.5938 -0.6844 0.4230
vn -0.5904 -0.7047 0.3936
vn 0.1354 -0.6882 0.7127
vn -0.5304 -0.7894 0.3091
vn 0.8616 -0.0465 0.5055
vn 0.6630 0.7051 0.2516
vn 0.2717 0.8468 0.4572
vn -0.2457 0.3097 0.9186
vn 0.1432 -0.7198 0.6793
vn -0.3048 -0.9469 0.1025
vn 0.8793 -0.0957 0.4665
vn 0.7718 0.6353 -0.0259
vn 0.4043 0.9121 0.0685
vn -0.1178 0.9063 0.4058
vn -0.7030 0.0373 0.7102
vn 0.8311 0.5336 -0.1567
vn 0.5180 0.8168 -0.2540
vn 0.0228 0.9990 -0.0377
vn -0.8111 0.5296 0.2483
vn -0.9368 -0.3259 0.1272
vn -0.3709 -0.8123 0.4502
vn -0.4756 -0.8496 0.2281
vn -0.9764 -0.2078 0.0587
vn -0.5564 -0.7361 0.3856
vn -0.9771 -0.2022 -0.0657
vn -0.5939 -0.6844 0.4230
vn -0.9394 -0.2923 -0.1791
vn -0.5904 -0.7047 0.3935
vn -0.8450 -0.4438 -0.2983
vn -0.7378 0.6632 -0.1257
vn -0.6495 0.5925 -0.4765
vn 0.1517 0.8964 -0.4164
vn 0.5846 0.6962 -0.4167
vn 0.8422 0.5151 -0.1591
vn 0.8691 -0.1164 0.4807
vn 0.8036 -0.0177 0.5950
vn 0.2123 -0.7938 0.5700
vn 0.1721 -0.8249 0.5384
vn -0.9384 0.1110 0.3271
vn -0.0827 -0.7490 0.6574
vn -0.8462 0.1188 0.5194
vn -0.7503 0.0587 0.6585
vn -0.6573 0.7536 0.0042
vn 0.7355 0.6769 -0.0297
vn 0.0520 0.9825 0.1786
vn -0.3571 0.9258 0.1239
vn 0.6019 0.6677 -0.4380
vn 0.5073 0.8030 -0.3126
vn 0.1337 0.9894 -0.0571
vn -0.1981 0.9764 -0.0859
vn -0.4379 0.8523 -0.2861
vn -0.5693 0.6936 -0.4413
vn 0.2331 0.7434 -0.6269
vn 0.2697 0.6651 -0.6963
vn 0.2294 0.7307 -0.6430
vn 0.0635 0.8677 -0.4930
vn -0.0713 0.8666 -0.4938
vn -0.2335 0.7561 -0.6114
vn -0.3505 0.7420 -0.5715
vn -0.2060 0.7356 -0.6453
vn -0.5769 0.4196 -0.7008
vn -0.5024 0.2448 -0.8292
vn -0.3740 0.1209 -0.9195
vn -0.1753 0.1869 -0.9666
vn 0.1612 0.1935 -0.9678
vn 0.3861 0.0525 -0.9210
vn 0.3360 0.3438 -0.8769
vn 0.6016 0.3831 -0.7010
vn 0.6673 0.5668 -0.4831
vn 0.9723 -0.2278 -0.0519
vn 0.9729 -0.2151 0.0849
vn 0.9279 -0.3271 -0.1790
vn 0.8393 -0.4556 -0.2967
vn 0.5848 -0.6511 -0.4838
vn 0.2074 -0.6442 -0.7362
vn -0.2148 -0.6386 -0.7389
vn -0.5942 -0.6344 -0.4945
vn -0.0610 -0.9860 -0.1549
vn 0.0880 -0.9878 -0.1285
vn 0.2780 -0.9535 0.1162
vn 0.4963 -0.8109 0.3101
vn 0.5583 -0.7305 0.3934
vn 0.5654 -0.7061 0.4263
vn 0.5351 -0.7406 0.4064
vn 0.4651 -0.8461 0.2605
vn 0.9322 -0.3254 0.1582
vn 0.3660 -0.8069 0.4636
vn 0.7041 -0.5140 0.4900
vn 0.8055 0.5352 0.2546
vn 0.6973 0.0405 0.7156
vn 0.1102 0.9160 0.3858
vn 0.2413 0.3169 0.9172
vn -0.2795 0.8587 0.4296
vn 0.0034 0.2058 0.9786
vn -0.5497 0.6317 0.5466
vn -0.2191 0.1271 0.9674
vn -0.7265 -0.1428 0.6722
vn -0.3576 -0.3956 0.8460
vn -0.2041 -0.8475 0.4901
vn -0.0498 -0.8036 0.5931
vn 0.4650 -0.8461 0.2605
vn 0.3660 -0.8070 0.4636
vn -0.8279 -0.0331 0.5599
vn -0.1872 -0.7471 0.6378
vn 0.5350 -0.7406 0.4065
vn -0.4059 0.9137 0.0210
vn -0.0201 0.9970 -0.0750
vn -0.5060 0.8099 -0.2966
vn -0.7721 0.6306 -0.0785
vn -0.6756 0.7106 0.1968
vn -0.8911 -0.0522 0.4507
vn -0.1860 -0.7070 0.6823
vn 0.5653 -0.7062 0.4263
vn -0.8204 0.5385 -0.1924
vn -0.8999 -0.0955 0.4255
vn -0.1750 -0.7011 0.6913
vn -0.8791 -0.0864 0.4688
vn -0.1766 -0.7187 0.6725
vn 0.4962 -0.8109 0.3101
vn -0.2170 -0.7715 0.5980
vn 0.2779 -0.9535 0.1163
vn 0.0879 -0.9878 -0.1284
vn 0.7438 0.6557 -0.1298
vn -0.1332 0.8829 -0.4502
vn -0.5628 0.6982 -0.4425
vn -0.8180 0.5498 -0.1689
vn -0.0609 -0.9861 -0.1548
vn -0.2872 0.9056 0.3121
vn -0.0710 0.8717 0.4848
vn 0.2704 0.3226 0.9071
vn -0.6727 0.2882 0.6815
vn -0.7066 -0.0424 0.7064
vn -0.3404 0.3282 0.8811
vn -0.3540 -0.0433 0.9343
vn -0.0004 0.3466 0.9380
vn -0.6690 -0.3379 0.6620
vn 0.0016 0.7625 0.6469
vn 0.2807 0.7291 0.6242
vn -0.2913 0.7200 0.6299
vn -0.5446 0.6130 0.5724
vn -0.6259 0.7264 0.2840
vn -0.8854 0.3217 0.3356
vn -0.2676 0.9257 0.2676
vn 0.0058 0.9666 0.2563
vn 0.2638 0.9278 0.2638
vn 0.5729 0.6120 0.5451
vn 0.3356 0.3217 0.8854
vn 0.0002 -0.0435 0.9991
vn -0.3324 -0.3642 0.8700
vn -0.5851 -0.5868 0.5598
vn -0.2975 -0.6888 0.6611
vn 0.0003 -0.3855 0.9227
vn 0.3539 -0.0427 0.9343
vn 0.6815 0.2882 0.6727
vn 0.6282 0.7228 0.2880
vn 0.2562 0.9666 0.0046
vn -0.2561 0.9666 -0.0068
vn -0.9381 0.3465 -0.0015
vn 0.8811 0.3282 0.3404
vn 0.7064 -0.0424 0.7066
vn 0.3367 -0.3696 0.8661
vn 0.0005 -0.7206 0.6934
vn -0.0005 -0.9369 0.3496
vn -0.3301 -0.8843 0.3301
vn -0.6642 -0.6835 0.3029
vn -0.8661 -0.3695 0.3367
vn -0.9343 -0.0427 0.3539
vn 0.9343 -0.0433 0.3540
vn 0.6620 -0.3379 0.6690
vn 0.3081 -0.6851 0.6601
vn 0.3338 -0.8816 0.3338
vn 0.8700 -0.3642 0.3324
vn 0.5537 -0.5984 0.5791
vn 0.6571 -0.6904 0.3026
vn -0.9991 -0.0434 -0.0013
vn -0.9228 -0.3854 -0.0008
vn -0.6933 -0.7206 -0.0000
vn -0.3496 -0.9369 -0.0003
vn -0.0000 -1.0000 -0.0009
vn 0.6935 -0.7205 -0.0015
vn 0.9990 -0.0436 -0.0015
vn 0.9380 0.3466 -0.0005
vn 0.6468 0.7626 0.0026
vn -0.9711 -0.2162 -0.1011
vn -0.9030 0.4019 -0.1522
vn -0.5201 0.5853 -0.6220
vn -0.8383 -0.2283 -0.4952
vn -0.8304 -0.4985 0.2490
vn -0.7639 -0.6405 0.0795
vn 0.0029 0.9886 -0.1505
vn -0.6239 0.7456 0.2341
vn 0.3586 0.8744 -0.3270
vn -0.2483 0.5424 -0.8026
vn -0.8148 -0.1411 -0.5623
vn -0.8813 -0.4606 0.1055
vn -0.5461 0.6809 0.4879
vn 0.2156 0.9601 0.1781
vn 0.5386 0.8420 0.0317
vn 0.7789 0.6240 -0.0627
vn 0.6339 0.6330 -0.4443
vn -0.0095 0.3332 -0.9428
vn -0.7299 -0.2250 -0.6455
vn -0.8754 -0.4755 0.0867
vn 0.2433 0.8182 0.5208
vn -0.4137 0.6040 0.6812
vn 0.5410 0.7396 0.4004
vn 0.7763 0.5405 0.3243
vn 0.8846 0.3594 0.2972
vn 0.8889 0.4479 -0.0959
vn 0.7697 0.4132 -0.4867
vn 0.1321 0.0783 -0.9881
vn -0.6278 -0.3983 -0.6687
vn -0.8008 -0.5951 0.0678
vn 0.0153 0.1895 0.9818
vn -0.4158 0.0755 0.9063
vn 0.1686 0.2353 0.9572
vn 0.3260 0.1130 0.9386
vn 0.4051 -0.0518 0.9128
vn 0.4422 -0.1562 0.8832
vn 0.9044 0.3089 0.2942
vn 0.9041 0.4164 -0.0961
vn 0.8079 0.3306 -0.4879
vn 0.2148 -0.0986 -0.9717
vn -0.5047 -0.5647 -0.6529
vn -0.6799 -0.7314 0.0535
vn 0.4902 -0.1485 0.8589
vn 0.8287 0.4655 0.3109
vn 0.7943 0.6027 -0.0767
vn 0.7381 0.4795 -0.4746
vn 0.2782 -0.1119 -0.9540
vn -0.2978 -0.7014 -0.6475
vn -0.4325 -0.9013 0.0248
vn 0.9934 0.1030 0.0496
vn 0.9910 0.0798 -0.1077
vn 0.9544 0.1107 -0.2774
vn 0.7529 -0.1968 -0.6280
vn 0.4868 -0.6946 -0.5297
vn 0.4194 -0.9046 -0.0755
vn -0.6215 -0.4314 0.6539
vn -0.8304 -0.4984 0.2489
vn -0.7638 -0.6405 0.0796
vn -0.4572 -0.5304 0.7139
vn -0.5385 -0.3641 0.7599
vn -0.4998 -0.3862 0.7753
vn -0.4331 -0.4963 0.7524
vn -0.3461 -0.6119 0.7112
vn -0.1547 -0.7346 0.6606
vn 0.5867 -0.7227 0.3654
vn 0.8834 -0.2034 0.4221
vn 0.4194 -0.9047 -0.0756
vn -0.4324 -0.9013 0.0249
vn -0.6798 -0.7314 0.0535
vn -0.8008 -0.5951 0.0679
vn -0.8754 -0.4755 0.0868
vn -0.8813 -0.4606 0.1056
vn 0.5749 0.5245 -0.6279
vn 0.1078 0.8685 -0.4837
vn 0.9534 0.2030 -0.2233
vn 0.0487 0.9726 -0.2275
vn -0.0722 0.9971 0.0251
vn 0.7769 0.5679 0.2719
vn 0.2873 0.9056 0.3121
vn 0.8468 -0.0083 0.5318
vn 0.0710 0.8717 0.4849
vn 0.5345 -0.2569 0.8052
vn 0.0988 -0.1718 0.9802
vn -0.1594 0.7989 0.5800
vn -0.2704 0.3226 0.9071
vn 0.2414 0.3170 0.9172
vn 0.0033 0.2059 0.9786
vn 0.3659 -0.8069 0.4636
vn -0.2191 0.1272 0.9674
vn 0.5499 -0.5382 0.6387
vn 0.9742 -0.1776 0.1392
vn 0.8468 -0.0082 0.5318
vn 0.9821 -0.1745 0.0704
vn 0.5797 -0.4640 0.6698
vn 0.6840 0.4317 -0.5880
vn 0.7537 0.5523 -0.3563
vn 0.7769 0.5679 0.2720
vn 0.2873 0.9055 0.3121
vn 0.0128 0.9137 -0.4063
vn -0.1112 0.7370 -0.6667
vn -0.1881 0.5506 -0.8133
vn 0.6326 0.2558 -0.7310
vn 0.9664 -0.2569 0.0088
vn 0.5768 -0.4850 0.6573
vn 0.9314 -0.3624 -0.0334
vn 0.5511 -0.5566 0.6216
vn 0.6012 0.1181 -0.7903
vn -0.2191 0.4505 -0.8655
vn -0.5745 0.4806 -0.6625
vn -0.5503 0.5543 -0.6244
vn -0.4814 0.7192 -0.5010
vn -0.3624 0.8917 -0.2712
vn 0.8813 -0.4655 -0.0821
vn 0.5017 -0.6619 0.5569
vn 0.5833 0.0586 -0.8101
vn -0.2148 0.4672 -0.8577
vn -0.5627 0.5189 -0.6435
vn -0.8327 0.4309 -0.3478
vn -0.8392 0.4052 -0.3628
vn -0.8118 0.4835 -0.3274
vn -0.7383 0.6408 -0.2106
vn -0.6133 0.7899 0.0052
vn -0.1594 0.7988 0.5801
vn -0.8275 0.2040 0.5231
vn -0.7249 0.2641 0.6362
vn -0.2703 0.3227 0.9071
vn 0.4194 -0.7890 0.4491
vn 0.8145 -0.5583 -0.1575
vn 0.5817 0.0753 -0.8099
vn -0.1688 0.5816 -0.7958
vn -0.5091 0.6460 -0.5687
vn -0.7907 0.5426 -0.2834
vn -0.9088 -0.0161 0.4169
vn -0.9069 -0.0290 0.4203
vn -0.9020 0.0070 0.4317
vn -0.8843 0.0933 0.4576
vn 0.2644 -0.7810 -0.5658
vn -0.0403 -0.9902 -0.1337
vn 0.1133 -0.2422 -0.9636
vn -0.4134 0.0826 -0.9068
vn -0.6299 0.0475 -0.7752
vn -0.8095 0.0593 -0.5841
vn -0.9437 -0.3145 -0.1026
vn -0.5407 -0.8366 0.0882
vn -0.2657 -0.6255 0.7336
vn -0.2085 -0.5314 0.8211
vn -0.1808 -0.4465 0.8763
vn -0.0402 -0.9902 -0.1338
vn 0.4193 -0.7889 0.4492
vn 0.5017 -0.6619 0.5570
vn 0.5511 -0.5566 0.6217
vn -0.1680 -0.3817 0.9089
vn -0.1528 -0.3535 0.9229
vn 0.5796 -0.4641 0.6699
vn -0.1408 -0.4039 0.9039
vn 0.0989 -0.1718 0.9802
vn 0.5345 -0.2569 0.8051
vn -0.7196 0.4469 -0.5314
vn 0.0762 0.9921 0.0993
vn -0.0146 0.9265 0.3760
vn -0.0372 0.7606 0.6482
vn -0.4805 0.3240 0.8149
vn -0.6238 0.7457 0.2341
vn -0.9030 0.4019 -0.1523
vn -0.5461 0.6810 0.4879
vn -0.8304 -0.4985 0.2489
vn -0.6216 -0.4314 0.6539
vn -0.4136 0.6040 0.6813
vn -0.6069 0.6909 0.3929
vn -0.9021 0.4292 -0.0451
vn -0.5267 0.5788 0.6226
vn -0.6289 -0.5572 0.5423
vn -0.3873 0.4532 0.8029
vt 0.000000 1.000000
vt 0.725462 0.581889
vt 0.694536 0.575646
vt 0.705545 0.422585
vt 0.774688 0.436541
vt 0.964411 0.163193
vt 0.904328 0.246713
vt 0.801442 0.246713
vt 0.841167 0.123468
vt 0.717922 0.186630
vt 0.964411 0.060306
vt 0.880891 0.000223
vt 0.717922 0.083743
vt 0.778005 0.000223
vt 0.325992 0.720117
vt 0.264445 0.709084
vt 0.333641 0.616371
vt 0.297135 0.820112
vt 0.238099 0.798339
vt 0.179780 0.776662
vt 0.203429 0.698100
vt 0.270800 0.616371
vt 0.325992 0.512624
vt 0.264444 0.523657
vt 0.297135 0.412629
vt 0.238098 0.434402
vt 0.254304 0.317775
vt 0.199879 0.349241
vt 0.193403 0.232964
vt 0.144061 0.272937
vt 0.145927 0.380889
vt 0.095383 0.314148
vt 0.179780 0.456080
vt 0.203429 0.534641
vt 0.208765 0.616371
vt 0.091538 0.413541
vt 0.047609 0.357055
vt 0.121121 0.478121
vt 0.141508 0.545864
vt 0.146281 0.616371
vt 0.141508 0.686877
vt 0.121121 0.754620
vt 0.091538 0.819200
vt 0.145927 0.851852
vt 0.199879 0.883500
vt 0.254304 0.914966
vt 0.095383 0.918594
vt 0.144061 0.959804
vt 0.193403 0.999777
vt 0.036673 0.447042
vt 0.000223 0.400534
vt 0.061512 0.500688
vt 0.078418 0.557366
vt 0.082612 0.616371
vt 0.078418 0.675375
vt 0.061511 0.732053
vt 0.036673 0.785699
vt 0.000223 0.832208
vt 0.047609 0.875686
vt 0.034295 0.232518
vt 0.000223 0.185115
vt 0.070149 0.162592
vt 0.092672 0.232518
vt 0.140075 0.140069
vt 0.106004 0.092666
vt 0.047626 0.092666
vt 0.000223 0.126737
vt 0.140075 0.198447
vt 0.533333 0.565088
vt 0.354240 0.613434
vt 0.363957 0.652650
vt 0.545992 0.616177
vt 0.370099 0.692584
vt 0.553993 0.668199
vt 0.374576 0.732737
vt 0.559826 0.720509
vt 0.375416 0.773131
vt 0.560920 0.773131
vt 0.374576 0.813525
vt 0.559826 0.825754
vt 0.370099 0.853679
vt 0.553993 0.878063
vt 0.363957 0.893612
vt 0.545992 0.930086
vt 0.354240 0.932829
vt 0.533333 0.981175
vt 0.282579 0.086753
vt 0.262477 0.051706
vt 0.222075 0.051706
vt 0.234803 0.099482
vt 0.282579 0.127155
vt 0.247532 0.147257
vt 0.187028 0.112210
vt 0.207129 0.147257
vt 0.187028 0.071808
vt 0.709488 0.403049
vt 0.778631 0.417006
vt 0.723698 0.590626
vt 0.692772 0.584384
vt 0.789640 0.263945
vt 0.798548 0.264265
vt 0.798548 0.417721
vt 0.758714 0.257702
vt 0.750379 0.254542
vt 0.690853 0.395983
vt 0.263180 0.529519
vt 0.257227 0.543380
vt 0.047880 0.452460
vt 0.055729 0.434590
vt 0.000175 0.812158
vt 0.017662 0.474003
vt 0.026061 0.468634
vt 0.104042 0.715905
vt 0.032771 0.462186
vt 0.215550 0.999825
vt 0.170197 0.647700
vt 0.041000 0.457833
vt 0.272505 0.841857
vt 0.500451 0.992286
vt 0.691266 0.686920
vt 0.693097 0.695346
vt 0.475261 0.623420
vt 0.475004 0.688828
vt 0.365009 0.587386
vt 0.336741 0.664710
vt 0.214976 0.594037
vt 0.309857 0.738684
vt 0.482011 0.852525
vt 0.700675 0.722399
vt 0.697653 0.712998
vt 0.474882 0.758283
vt 0.696615 0.703855
vt 0.383337 0.550447
vt 0.341844 0.528269
vt 0.419706 0.580294
vt 0.471731 0.658156
vt 0.449553 0.616663
vt 0.158156 0.971731
vt 0.158156 0.528269
vt 0.250000 0.510000
vt 0.203178 0.514612
vt 0.296822 0.514612
vt 0.203178 0.985388
vt 0.250000 0.990000
vt 0.296822 0.985388
vt 0.341844 0.971731
vt 0.471731 0.841844
vt 0.490000 0.750000
vt 0.485388 0.703178
vt 0.485388 0.796822
vt 0.419706 0.919706
vt 0.383337 0.949553
vt 0.449553 0.883337
vt 0.050447 0.883337
vt 0.080294 0.919706
vt 0.028269 0.841844
vt 0.116663 0.949553
vt 0.028269 0.658156
vt 0.080294 0.580294
vt 0.116663 0.550447
vt 0.050447 0.616663
vt 0.014612 0.796822
vt 0.010000 0.750000
vt 0.014612 0.703178
vt 0.668027 0.356370
vt 0.721289 0.643210
vt 0.714628 0.649619
vt 0.055223 0.425948
vt 0.269905 0.466301
vt 0.371242 0.570465
vt 0.398183 0.497300
vt 0.479768 0.609094
vt 0.515359 0.556776
vt 0.696413 0.668388
vt 0.702249 0.662209
vt 0.550688 0.504288
vt 0.709324 0.656783
vt 0.599737 0.440426
vt 0.503178 0.218832
vt 0.053861 0.407998
vt 0.052918 0.398611
vt 0.281683 0.321596
vt 0.285323 0.211407
vt 0.455322 0.344153
vt 0.422932 0.430600
vt 0.277151 0.402916
vt 0.053281 0.417065
vt 0.276676 0.184781
vt 0.517025 0.184781
vt 0.691103 0.343523
vt 0.843750 0.000000
vt 0.843750 0.253086
vt 0.875000 0.253086
vt 0.875000 0.000000
vt 0.906250 0.253086
vt 0.906250 0.000000
vt 0.937500 0.253086
vt 0.937500 0.000000
vt 0.968750 0.253086
vt 0.968750 0.000000
vt 1.000000 0.253086
vt 1.000000 0.000000
vt 0.562500 0.000000
vt 0.562500 0.253086
vt 0.593750 0.253086
vt 0.593750 0.000000
vt 0.625000 0.253086
vt 0.625000 0.000000
vt 0.656250 0.253086
vt 0.656250 0.000000
vt 0.687500 0.253086
vt 0.687500 0.000000
vt 0.718750 0.253086
vt 0.718750 0.000000
vt 0.750000 0.253086
vt 0.750000 0.000000
vt 0.781250 0.253086
vt 0.781250 0.000000
vt 0.812500 0.253086
vt 0.812500 0.000000
vt 0.281250 0.000000
vt 0.281250 0.253086
vt 0.312500 0.253086
vt 0.312500 0.000000
vt 0.343750 0.253086
vt 0.343750 0.000000
vt 0.375000 0.253086
vt 0.375000 0.000000
vt 0.406250 0.253086
vt 0.406250 0.000000
vt 0.437500 0.253086
vt 0.437500 0.000000
vt 0.468750 0.253086
vt 0.468750 0.000000
vt 0.500000 0.253086
vt 0.500000 0.000000
vt 0.531250 0.253086
vt 0.531250 0.000000
vt 0.000000 0.000000
vt 0.000000 0.253086
vt 0.031250 0.253086
vt 0.031250 0.000000
vt 0.062500 0.253086
vt 0.062500 0.000000
vt 0.093750 0.253086
vt 0.093750 0.000000
vt 0.125000 0.253086
vt 0.125000 0.000000
vt 0.156250 0.253086
vt 0.156250 0.000000
vt 0.187500 0.253086
vt 0.187500 0.000000
vt 0.218750 0.253086
vt 0.218750 0.000000
vt 0.250000 0.253086
vt 0.250000 0.000000
vt 0.029626 0.157280
vt 0.012556 0.152184
vt 0.023604 0.135330
vt 0.037732 0.130129
vt 0.021521 0.184431
vt 0.012556 0.172336
vt 0.035649 0.179230
vt 0.046697 0.162376
vt 0.046697 0.142223
vt 0.294508 0.526242
vt 0.250000 0.521858
vt 0.337306 0.539224
vt 0.376749 0.560307
vt 0.411321 0.588679
vt 0.439693 0.623251
vt 0.460775 0.662694
vt 0.473758 0.705492
vt 0.478142 0.750000
vt 0.473758 0.794508
vt 0.460776 0.837306
vt 0.439693 0.876749
vt 0.411321 0.911321
vt 0.376749 0.939693
vt 0.337306 0.960776
vt 0.294508 0.973758
vt 0.250000 0.978142
vt 0.205492 0.973758
vt 0.162694 0.960776
vt 0.123251 0.939693
vt 0.088679 0.911321
vt 0.060307 0.876749
vt 0.039224 0.837306
vt 0.026242 0.794508
vt 0.021858 0.750000
vt 0.026242 0.705492
vt 0.039224 0.662694
vt 0.060307 0.623251
vt 0.088679 0.588679
vt 0.123251 0.560307
vt 0.162694 0.539224
vt 0.205492 0.526242
vt 0.949978 0.429159
vt 0.967000 0.429159
vt 0.969646 0.483512
vt 0.947331 0.483513
vt 0.967000 0.537866
vt 0.949978 0.537866
vt 0.891116 0.614136
vt 0.901325 0.587094
vt 0.977307 0.618062
vt 0.970341 0.636513
vt 0.885041 0.634516
vt 0.966195 0.650419
vt 0.882975 0.655682
vt 0.964786 0.664861
vt 0.882223 0.684577
vt 0.964273 0.684577
vt 0.882975 0.713472
vt 0.964786 0.704292
vt 0.885041 0.734637
vt 0.966195 0.718734
vt 0.891116 0.755017
vt 0.970341 0.732640
vt 0.901325 0.782059
vt 0.977307 0.751091
vt 0.072183 0.130213
vt 0.081135 0.142289
vt 0.081135 0.162410
vt 0.064091 0.157322
vt 0.058077 0.135406
vt 0.047047 0.152234
vt 0.055998 0.184431
vt 0.047047 0.172355
vt 0.070104 0.179238
vt 0.742739 0.639317
vt 0.940375 0.221772
vt 0.809484 0.211435
vt 0.810824 0.194466
vt 0.941715 0.204802
vt 0.799434 0.040656
vt 0.791081 0.171689
vt 0.774093 0.170606
vt 0.782446 0.039573
vt 0.774093 0.361551
vt 0.786411 0.230831
vt 0.792309 0.226139
vt 0.817838 0.329183
vt 0.798079 0.221290
vt 0.861705 0.296980
vt 0.803848 0.216440
vt 0.900969 0.259301
vt 0.084132 0.156202
vt 0.101154 0.156202
vt 0.103800 0.163259
vt 0.081485 0.163259
vt 0.101154 0.170317
vt 0.084132 0.170317
vt 0.103800 0.177374
vt 0.081485 0.177374
vt 0.101154 0.184431
vt 0.084132 0.184431
vt 0.949978 0.320451
vt 0.967000 0.320451
vt 0.969646 0.374805
vt 0.947331 0.374805
vt 0.807050 0.988750
vt 0.821548 0.988526
vt 0.821719 0.999601
vt 0.807221 0.999825
vt 0.808127 0.933811
vt 0.800444 0.997055
vt 0.791432 0.944762
vt 0.807397 0.787646
vt 0.777449 0.790254
vt 0.806565 0.616754
vt 0.759931 0.620746
vt 0.805901 0.502630
vt 0.743089 0.496769
vt 0.818488 0.616711
vt 0.819180 0.502644
vt 0.881872 0.496769
vt 0.865111 0.620522
vt 0.819059 0.787661
vt 0.849008 0.790041
vt 0.819339 0.933954
vt 0.836141 0.944582
vt 0.828269 0.996628
vt 0.000175 0.126806
vt 0.012205 0.126806
vt 0.012205 0.184431
vt 0.000175 0.184431
vt 0.990945 0.972825
vt 0.980752 0.999825
vt 0.904889 0.968905
vt 0.911844 0.950482
vt 0.997011 0.952477
vt 0.915983 0.936598
vt 0.999073 0.931344
vt 0.917390 0.922179
vt 0.999825 0.902494
vt 0.917902 0.902494
vt 0.999073 0.873644
vt 0.917390 0.882809
vt 0.997011 0.852511
vt 0.915983 0.868389
vt 0.990945 0.832163
vt 0.911844 0.854505
vt 0.980752 0.805163
vt 0.904889 0.836083
vt 0.038070 0.380404
vt 0.806044 0.188639
vt 0.908688 0.161553
vt 0.801107 0.182944
vt 0.875825 0.118178
vt 0.796170 0.177249
vt 0.837556 0.079490
vt 0.240715 0.180458
vt 0.238676 0.129038
vt 0.253433 0.183426
vt 0.248486 0.081609
vt 0.265425 0.139840
vt 0.265103 0.190453
vt 0.261692 0.069393
vt 0.277642 0.108544
vt 0.284979 0.152581
vt 0.275736 0.197616
vt 0.299891 0.162384
vt 0.299986 0.128709
vt 0.316534 0.141163
vt 0.312013 0.116722
vt 0.327424 0.127832
vt 0.322493 0.103795
vt 0.336635 0.113998
vt 0.332819 0.089984
vt 0.346533 0.100376
vt 0.348786 0.073453
vt 0.359170 0.082542
vt 0.384977 0.048495
vt 0.387766 0.050704
vt 0.289800 0.097829
vt 0.302201 0.086175
vt 0.315067 0.073204
vt 0.337535 0.057488
vt 0.275930 0.056193
vt 0.295683 0.044433
vt 0.330647 0.035180
vt 0.382877 0.041391
vt 0.383225 0.045395
vt 0.403022 0.098776
vt 0.419495 0.101581
vt 0.419495 0.138403
vt 0.397639 0.127570
vt 0.387835 0.094238
vt 0.379113 0.117736
vt 0.376361 0.091335
vt 0.365809 0.111143
vt 0.368552 0.088787
vt 0.357310 0.107042
vt 0.347615 0.121229
vt 0.339057 0.135430
vt 0.329874 0.149500
vt 0.390257 0.052591
vt 0.392226 0.053331
vt 0.394875 0.054173
vt 0.397542 0.054958
vt 0.399949 0.055216
vt 0.411443 0.160248
vt 0.388621 0.146290
vt 0.370053 0.134702
vt 0.356285 0.126490
vt 0.347055 0.141057
vt 0.338686 0.155829
vt 0.319536 0.177958
vt 0.311749 0.170448
vt 0.290427 0.209690
vt 0.284454 0.205147
vt 0.401370 0.176584
vt 0.378897 0.161890
vt 0.359956 0.149520
vt 0.352125 0.165579
vt 0.329862 0.189194
vt 0.297936 0.215803
vt 0.393025 0.192589
vt 0.371867 0.177266
vt 0.343771 0.201457
vt 0.305435 0.222039
vt 0.355293 0.216340
vt 0.310466 0.228414
vt 0.652388 0.849805
vt 0.671754 0.848764
vt 0.672922 0.876298
vt 0.651710 0.876454
vt 0.688403 0.876429
vt 0.686333 0.847442
vt 0.670348 0.820892
vt 0.652394 0.822396
vt 0.628801 0.821507
vt 0.627357 0.848813
vt 0.625578 0.875009
vt 0.593498 0.844819
vt 0.590921 0.872081
vt 0.598566 0.816311
vt 0.613241 0.778341
vt 0.634537 0.786193
vt 0.651940 0.788193
vt 0.666738 0.787340
vt 0.683104 0.818194
vt 0.708048 0.844578
vt 0.711364 0.875043
vt 0.712656 0.909212
vt 0.689249 0.907874
vt 0.672903 0.906167
vt 0.546799 0.871985
vt 0.547846 0.836864
vt 0.561581 0.802180
vt 0.593195 0.762796
vt 0.648693 0.728365
vt 0.651121 0.730977
vt 0.654142 0.732325
vt 0.657435 0.732628
vt 0.660368 0.732593
vt 0.676615 0.783938
vt 0.701846 0.813924
vt 0.741134 0.908584
vt 0.739839 0.871247
vt 0.768700 0.908433
vt 0.769215 0.867165
vt 0.735329 0.839921
vt 0.765027 0.834431
vt 0.726255 0.808282
vt 0.689768 0.778093
vt 0.662250 0.732001
vt 0.752009 0.800703
vt 0.706208 0.771097
vt 0.664615 0.731053
vt 0.721351 0.762368
vt 0.666961 0.730055
vt 0.668794 0.728859
vt 0.733068 0.952032
vt 0.709071 0.948103
vt 0.687815 0.943325
vt 0.672036 0.939998
vt 0.650463 0.905679
vt 0.650056 0.939743
vt 0.624230 0.905193
vt 0.626255 0.941814
vt 0.591761 0.905696
vt 0.600388 0.946658
vt 0.555358 0.912580
vt 0.573456 0.957586
vt 0.602485 0.999705
vt 0.618349 0.992357
vt 0.636327 0.986866
vt 0.654577 0.982193
vt 0.672014 0.980042
vt 0.683765 0.982523
vt 0.697854 0.987959
vt 0.711859 0.993521
vt 0.722578 0.999705
vt 0.754114 0.957162
vt 0.965959 0.959190
vt 0.969477 0.958554
vt 0.968390 0.959898
vt 0.969477 0.956432
vt 0.964803 0.956703
vt 0.965665 0.954099
vt 0.969232 0.954325
vt 0.967998 0.953115
vt 0.964642 0.937779
vt 0.963737 0.936892
vt 0.966353 0.937057
vt 0.963557 0.935346
vt 0.966985 0.935148
vt 0.966137 0.933324
vt 0.963557 0.933790
vt 0.964354 0.932804
vt 0.830640 0.672668
vt 0.849095 0.652099
vt 0.847659 0.690309
vt 0.823373 0.716466
vt 0.810926 0.705352
vt 0.835858 0.727592
vt 0.866351 0.706451
vt 0.844162 0.738095
vt 0.866625 0.670735
vt 0.868391 0.634718
vt 0.855521 0.620166
vt 0.877069 0.605161
vt 0.862191 0.580643
vt 0.889326 0.568489
vt 0.881133 0.536363
vt 0.846491 0.544222
vt 0.921378 0.536519
vt 0.760145 0.690722
vt 0.760145 0.636396
vt 0.780857 0.692996
vt 0.792810 0.646785
vt 0.780351 0.591254
vt 0.812857 0.616654
vt 0.812338 0.560895
vt 0.836916 0.595645
vt 0.835384 0.636945
vt 0.817018 0.659438
vt 0.799740 0.698166
vt 0.888773 0.617961
vt 0.900586 0.589872
vt 0.923419 0.556810
vt 0.973897 0.544293
vt 0.974043 0.547662
vt 0.929905 0.572195
vt 0.975223 0.550267
vt 0.936847 0.579790
vt 0.976587 0.551629
vt 0.945623 0.587843
vt 0.978278 0.553224
vt 0.954159 0.596066
vt 0.979970 0.554817
vt 0.962064 0.602468
vt 0.981408 0.556096
vt 0.977594 0.608071
vt 0.984072 0.557127
vt 0.997870 0.609187
vt 0.987445 0.557100
vt 0.946070 0.632698
vt 0.935278 0.623524
vt 0.931811 0.657284
vt 0.923171 0.611781
vt 0.918725 0.646458
vt 0.917504 0.679895
vt 0.902620 0.667770
vt 0.901584 0.700736
vt 0.903789 0.632287
vt 0.910589 0.600329
vt 0.885164 0.651667
vt 0.885840 0.687660
vt 0.880554 0.719545
vt 0.894631 0.743472
vt 0.923004 0.722186
vt 0.942490 0.697014
vt 0.956334 0.670659
vt 0.967409 0.642651
vt 0.999705 0.649522
vt 0.993101 0.684453
vt 0.978300 0.719270
vt 0.950224 0.752945
vt 0.906500 0.775855
vt 0.852136 0.777618
vt 0.849978 0.756868
vt 0.286634 0.312209
vt 0.316456 0.259291
vt 0.333253 0.264356
vt 0.314561 0.321867
vt 0.351097 0.268887
vt 0.267207 0.366913
vt 0.306002 0.372195
vt 0.261928 0.413938
vt 0.340938 0.325522
vt 0.369016 0.272530
vt 0.365281 0.326649
vt 0.340144 0.371014
vt 0.306420 0.410962
vt 0.266489 0.447416
vt 0.309850 0.436958
vt 0.280963 0.478991
vt 0.315653 0.463046
vt 0.315912 0.517477
vt 0.334303 0.501649
vt 0.373587 0.552839
vt 0.375170 0.550983
vt 0.355144 0.494009
vt 0.377241 0.549937
vt 0.373081 0.491777
vt 0.379547 0.549600
vt 0.387817 0.492714
vt 0.397724 0.495949
vt 0.403972 0.459755
vt 0.391655 0.457381
vt 0.373081 0.456456
vt 0.349079 0.456902
vt 0.346269 0.430994
vt 0.343477 0.405272
vt 0.367713 0.368900
vt 0.387525 0.325515
vt 0.390639 0.367135
vt 0.403259 0.322185
vt 0.392313 0.429360
vt 0.373216 0.428991
vt 0.371107 0.401846
vt 0.392340 0.400785
vt 0.406953 0.365013
vt 0.407337 0.400086
vt 0.429727 0.363301
vt 0.429035 0.400919
vt 0.406144 0.430143
vt 0.426455 0.432083
vt 0.421738 0.463117
vt 0.410605 0.501264
vt 0.424199 0.317434
vt 0.447498 0.313042
vt 0.457131 0.363183
vt 0.455781 0.404075
vt 0.451816 0.435460
vt 0.444824 0.467227
vt 0.426240 0.507464
vt 0.469815 0.473068
vt 0.440671 0.515156
vt 0.381596 0.549633
vt 0.382901 0.550091
vt 0.384513 0.550801
vt 0.386113 0.551540
vt 0.387381 0.552368
vt 0.480297 0.439802
vt 0.483783 0.407788
vt 0.483783 0.362922
vt 0.467657 0.307901
vt 0.434216 0.258458
vt 0.424019 0.264215
vt 0.410496 0.268912
vt 0.396893 0.273326
vt 0.385695 0.274890
vt 0.965887 0.946960
vt 0.964982 0.946073
vt 0.967599 0.946238
vt 0.964803 0.944527
vt 0.968231 0.944329
vt 0.967383 0.942505
vt 0.964803 0.942971
vt 0.965600 0.941985
vt 0.401354 0.744998
vt 0.400451 0.707303
vt 0.427757 0.703962
vt 0.428849 0.743918
vt 0.457791 0.703436
vt 0.459483 0.746290
vt 0.380761 0.747294
vt 0.379447 0.710481
vt 0.382207 0.776850
vt 0.401161 0.776617
vt 0.427271 0.778121
vt 0.455916 0.781585
vt 0.349527 0.749676
vt 0.348314 0.710753
vt 0.353412 0.779371
vt 0.358118 0.806013
vt 0.384108 0.803834
vt 0.400701 0.806034
vt 0.422897 0.809962
vt 0.448414 0.813301
vt 0.307028 0.753480
vt 0.309488 0.707447
vt 0.311539 0.787632
vt 0.320251 0.816606
vt 0.340113 0.851991
vt 0.365228 0.840390
vt 0.385815 0.836869
vt 0.398992 0.839604
vt 0.415172 0.844577
vt 0.434006 0.848961
vt 0.397518 0.898589
vt 0.399259 0.899017
vt 0.395763 0.898197
vt 0.394372 0.897960
vt 0.392365 0.898538
vt 0.390202 0.899855
vt 0.388880 0.902042
vt 0.313273 0.879171
vt 0.272271 0.840380
vt 0.255560 0.802664
vt 0.249527 0.756183
vt 0.261611 0.696587
vt 0.472542 0.817620
vt 0.482426 0.786181
vt 0.451730 0.855156
vt 0.400693 0.899525
vt 0.476696 0.880699
vt 0.401925 0.901429
vt 0.518731 0.840314
vt 0.536696 0.800493
vt 0.541558 0.752078
vt 0.487763 0.749925
vt 0.529162 0.692425
vt 0.484779 0.703058
vt 0.495896 0.632961
vt 0.467667 0.649334
vt 0.448594 0.587534
vt 0.436750 0.600291
vt 0.446979 0.653690
vt 0.426313 0.605134
vt 0.422226 0.657215
vt 0.412433 0.608327
vt 0.325469 0.652564
vt 0.354071 0.661222
vt 0.380407 0.664061
vt 0.398804 0.661495
vt 0.398477 0.611176
vt 0.387179 0.611181
vt 0.371278 0.605531
vt 0.354692 0.597310
vt 0.294850 0.636737
vt 0.338827 0.587534
vt 0.695942 0.155605
vt 0.694380 0.184278
vt 0.677143 0.155050
vt 0.676786 0.121865
vt 0.695962 0.122129
vt 0.657506 0.122460
vt 0.708112 0.185455
vt 0.703106 0.210684
vt 0.711323 0.156931
vt 0.711505 0.122501
vt 0.760269 0.117653
vt 0.763702 0.160525
vt 0.734267 0.121161
vt 0.734611 0.158612
vt 0.729617 0.189559
vt 0.721338 0.215888
vt 0.708478 0.242952
vt 0.695658 0.237404
vt 0.691523 0.209818
vt 0.677404 0.183746
vt 0.658081 0.156084
vt 0.641749 0.123010
vt 0.758081 0.197452
vt 0.745147 0.227699
vt 0.722922 0.254846
vt 0.684720 0.278621
vt 0.682450 0.276359
vt 0.680036 0.275297
vt 0.687151 0.236637
vt 0.677438 0.209719
vt 0.660180 0.184292
vt 0.642280 0.157621
vt 0.618635 0.121623
vt 0.618017 0.159389
vt 0.592411 0.117761
vt 0.645730 0.185700
vt 0.663027 0.209530
vt 0.677104 0.236615
vt 0.678283 0.275173
vt 0.588237 0.160804
vt 0.622819 0.190267
vt 0.650738 0.210273
vt 0.666779 0.236262
vt 0.676151 0.275051
vt 0.593189 0.198128
vt 0.631216 0.216042
vt 0.657722 0.236766
vt 0.674019 0.274934
vt 0.606214 0.228996
vt 0.643996 0.242634
vt 0.672242 0.274908
vt 0.629872 0.254633
vt 0.669820 0.275983
vt 0.667678 0.278331
vt 0.838449 0.912657
vt 0.831152 0.911662
vt 0.831656 0.887029
vt 0.839370 0.888689
vt 0.849000 0.913771
vt 0.850765 0.889982
vt 0.839090 0.856126
vt 0.851677 0.856398
vt 0.831246 0.855341
vt 0.821507 0.854129
vt 0.821215 0.885228
vt 0.821263 0.910741
vt 0.831581 0.933872
vt 0.838124 0.933902
vt 0.846985 0.934552
vt 0.857582 0.935811
vt 0.861452 0.914156
vt 0.863973 0.889696
vt 0.865705 0.856064
vt 0.850590 0.826788
vt 0.859485 0.826467
vt 0.842790 0.827196
vt 0.837071 0.826980
vt 0.829610 0.826035
vt 0.821483 0.825032
vt 0.811486 0.852861
vt 0.809559 0.883479
vt 0.809820 0.909771
vt 0.822859 0.934198
vt 0.832908 0.955935
vt 0.837403 0.955095
vt 0.844023 0.955565
vt 0.827036 0.957535
vt 0.833454 0.988306
vt 0.813091 0.934661
vt 0.799103 0.909908
vt 0.799103 0.882905
vt 0.802545 0.851429
vt 0.814522 0.822987
vt 0.829449 0.796857
vt 0.832548 0.797681
vt 0.836467 0.797926
vt 0.840316 0.798179
vt 0.803818 0.935932
vt 0.820115 0.959387
vt 0.831141 0.988833
vt 0.813858 0.961105
vt 0.828776 0.989318
vt 0.826854 0.989706
vt 0.843426 0.798079
vt 0.848208 0.797939
vt 0.853419 0.797725
vt 0.869484 0.825487
vt 0.858657 0.797294
vt 0.879711 0.822404
vt 0.863299 0.795790
vt 0.851621 0.957808
vt 0.859982 0.962171
vt 0.870296 0.938272
vt 0.876357 0.914243
vt 0.879098 0.887979
vt 0.880459 0.854610
vt 0.894575 0.851637
vt 0.895419 0.885751
vt 0.893128 0.915179
vt 0.884336 0.943002
vt 0.868150 0.968252
vt 0.846115 0.992869
vt 0.843912 0.990597
vt 0.841178 0.988939
vt 0.838169 0.988065
vt 0.835283 0.987903
vt 0.963056 0.946450
vt 0.959539 0.947086
vt 0.960625 0.945742
vt 0.959539 0.949208
vt 0.964212 0.948937
vt 0.963350 0.951541
vt 0.959783 0.951315
vt 0.961017 0.952525
vt 0.961017 0.959898
vt 0.959783 0.958688
vt 0.963350 0.958914
vt 0.959539 0.956581
vt 0.964212 0.956310
vt 0.963056 0.953823
vt 0.959539 0.954459
vt 0.960625 0.953115
vt 0.787608 0.850187
vt 0.817216 0.872854
vt 0.794281 0.891478
vt 0.766745 0.877818
vt 0.815181 0.816993
vt 0.845840 0.840907
vt 0.781924 0.791298
vt 0.754771 0.827311
vt 0.733446 0.855593
vt 0.840703 0.779699
vt 0.870251 0.802648
vt 0.810134 0.753886
vt 0.776908 0.731597
vt 0.748073 0.766393
vt 0.723744 0.802033
vt 0.702918 0.829692
vt 0.863598 0.747515
vt 0.883517 0.771289
vt 0.835057 0.720831
vt 0.801552 0.700732
vt 0.773216 0.688121
vt 0.746716 0.709502
vt 0.716648 0.743495
vt 0.693807 0.779803
vt 0.682211 0.806976
vt 0.650054 0.810656
vt 0.654884 0.765218
vt 0.681343 0.716674
vt 0.722485 0.675989
vt 0.770432 0.655855
vt 0.818659 0.662635
vt 0.860809 0.686678
vt 0.895519 0.720588
vt 0.944515 0.690299
vt 0.967724 0.755177
vt 0.915304 0.765090
vt 0.968431 0.828782
vt 0.627202 0.675355
vt 0.694583 0.622298
vt 0.765543 0.602731
vt 0.834303 0.607197
vt 0.898630 0.636518
vt 0.909136 0.816726
vt 0.935956 0.908158
vt 0.881337 0.867472
vt 0.871415 0.961242
vt 0.841944 0.906263
vt 0.807168 0.979624
vt 0.799589 0.923406
vt 0.739393 0.975403
vt 0.753911 0.914804
vt 0.667687 0.942806
vt 0.708577 0.888576
vt 0.616622 0.882832
vt 0.670889 0.852205
vt 0.593920 0.818833
vt 0.593920 0.752008
vt 0.121993 0.205580
vt 0.188379 0.200917
vt 0.190126 0.216165
vt 0.130835 0.233251
vt 0.193528 0.230109
vt 0.065179 0.228481
vt 0.143317 0.255973
vt 0.198760 0.237931
vt 0.087554 0.259920
vt 0.024821 0.265849
vt 0.058928 0.290886
vt 0.108361 0.283601
vt 0.155692 0.268906
vt 0.207252 0.246072
vt 0.172363 0.283995
vt 0.215992 0.253938
vt 0.188806 0.299096
vt 0.224154 0.258549
vt 0.202523 0.310108
vt 0.238238 0.260869
vt 0.225660 0.320667
vt 0.253494 0.261435
vt 0.253494 0.327630
vt 0.202239 0.365096
vt 0.234150 0.385163
vt 0.173325 0.395849
vt 0.163282 0.332657
vt 0.144562 0.314751
vt 0.178110 0.346962
vt 0.153045 0.373279
vt 0.127359 0.392842
vt 0.142489 0.416230
vt 0.099596 0.409965
vt 0.109307 0.430347
vt 0.066150 0.427077
vt 0.070712 0.440347
vt 0.025139 0.444821
vt 0.025806 0.446778
vt 0.199660 0.427195
vt 0.158621 0.451293
vt 0.115371 0.460508
vt 0.071313 0.456759
vt 0.025810 0.449137
vt 0.077070 0.387310
vt 0.064327 0.374459
vt 0.098939 0.364483
vt 0.082340 0.348747
vt 0.052739 0.364581
vt 0.067759 0.336639
vt 0.101370 0.323769
vt 0.084652 0.310470
vt 0.124584 0.297619
vt 0.120896 0.340728
vt 0.139170 0.358448
vt 0.115188 0.379803
vt 0.089932 0.399389
vt 0.060339 0.420092
vt 0.052470 0.412436
vt 0.044510 0.404607
vt 0.037099 0.398764
vt 0.023154 0.394726
vt 0.030169 0.355721
vt 0.041635 0.322560
vt 0.024248 0.443740
vt 0.023040 0.442518
vt 0.021821 0.441308
vt 0.020727 0.440416
vt 0.018744 0.439829
vt 0.016399 0.439980
vt 0.006627 0.395091
vt 0.000295 0.352455
vt 0.003577 0.309293
vt 0.166282 0.157502
vt 0.163465 0.158882
vt 0.147929 0.123016
vt 0.136553 0.130859
vt 0.161383 0.161199
vt 0.135692 0.103199
vt 0.160506 0.164266
vt 0.125208 0.143725
vt 0.121842 0.114184
vt 0.123150 0.088748
vt 0.135206 0.077976
vt 0.148605 0.095428
vt 0.159228 0.118059
vt 0.169001 0.156604
vt 0.117880 0.160929
vt 0.161459 0.166326
vt 0.106352 0.129834
vt 0.110062 0.101614
vt 0.109538 0.075515
vt 0.120013 0.062634
vt 0.127915 0.051812
vt 0.146317 0.068846
vt 0.160138 0.090625
vt 0.168610 0.117274
vt 0.170973 0.156652
vt 0.102972 0.050856
vt 0.108905 0.038658
vt 0.116951 0.016856
vt 0.142369 0.030901
vt 0.169137 0.050870
vt 0.181982 0.083576
vt 0.183262 0.118280
vt 0.173592 0.156952
vt 0.076707 0.012505
vt 0.075915 0.030095
vt 0.073833 0.041539
vt 0.035321 0.032652
vt 0.036526 0.026201
vt 0.037178 0.017620
vt 0.093137 0.065949
vt 0.097357 0.091037
vt 0.094219 0.119833
vt 0.092422 0.152801
vt 0.120557 0.174917
vt 0.163229 0.168517
vt 0.127411 0.191563
vt 0.090376 0.173463
vt 0.091479 0.200326
vt 0.068462 0.166855
vt 0.058359 0.195665
vt 0.050222 0.156892
vt 0.030907 0.179825
vt 0.040492 0.141490
vt 0.056004 0.128878
vt 0.065172 0.137824
vt 0.070867 0.106557
vt 0.021055 0.110009
vt 0.036491 0.103971
vt 0.051251 0.087233
vt 0.060773 0.069902
vt 0.082686 0.083939
vt 0.082527 0.112047
vt 0.077649 0.145241
vt 0.009516 0.070536
vt 0.016907 0.069724
vt 0.024394 0.062278
vt 0.029325 0.052215
vt 0.033110 0.042155
vt 0.068054 0.054968
vt 0.015229 0.154921
vt 0.000295 0.112274
vt 0.000295 0.068908
vt 0.962118 0.933324
vt 0.959539 0.933790
vt 0.960335 0.932804
vt 0.959539 0.935346
vt 0.962966 0.935148
vt 0.962334 0.937057
vt 0.959718 0.936892
vt 0.960623 0.937779
vt 0.626287 0.078079
vt 0.645746 0.081706
vt 0.659398 0.082257
vt 0.676523 0.082238
vt 0.693659 0.082161
vt 0.707330 0.081549
vt 0.726819 0.077936
vt 0.747203 0.071642
vt 0.711488 0.029677
vt 0.725574 0.023434
vt 0.697990 0.034751
vt 0.688502 0.036167
vt 0.676563 0.036217
vt 0.664627 0.035982
vt 0.655151 0.034463
vt 0.641608 0.029464
vt 0.627421 0.023434
vt 0.605905 0.071722
vt 0.141713 0.963951
vt 0.132724 0.964299
vt 0.125705 0.942074
vt 0.148473 0.996921
vt 0.147400 0.996863
vt 0.149742 0.997074
vt 0.146026 0.997664
vt 0.119035 0.971562
vt 0.105048 0.951280
vt 0.094431 0.933605
vt 0.107289 0.986587
vt 0.145044 0.999382
vt 0.083076 0.971795
vt 0.065095 0.954297
vt 0.048406 0.926318
vt 0.082001 0.910013
vt 0.033647 0.886257
vt 0.119169 0.922469
vt 0.138273 0.941309
vt 0.151442 0.964611
vt 0.151009 0.997237
vt 0.068177 0.874940
vt 0.021475 0.835594
vt 0.110929 0.898485
vt 0.134680 0.919687
vt 0.152189 0.941824
vt 0.160497 0.964775
vt 0.152039 0.997374
vt 0.129648 0.893387
vt 0.152293 0.918853
vt 0.165109 0.942077
vt 0.168073 0.965673
vt 0.153405 0.998123
vt 0.179737 0.971700
vt 0.154641 0.999705
vt 0.192369 0.985144
vt 0.192356 0.949353
vt 0.218013 0.967220
vt 0.202355 0.927870
vt 0.233615 0.944051
vt 0.212192 0.900720
vt 0.246635 0.911554
vt 0.219673 0.863895
vt 0.175559 0.943099
vt 0.181731 0.921086
vt 0.168759 0.919333
vt 0.151435 0.890718
vt 0.124009 0.858648
vt 0.101256 0.864410
vt 0.094760 0.814223
vt 0.054410 0.825339
vt 0.045930 0.759991
vt 0.081377 0.742814
vt 0.046692 0.750974
vt 0.087086 0.737844
vt 0.083490 0.681606
vt 0.113932 0.680618
vt 0.120401 0.812192
vt 0.136206 0.757035
vt 0.135952 0.741481
vt 0.150748 0.856055
vt 0.151735 0.813890
vt 0.159743 0.764661
vt 0.159146 0.730799
vt 0.146325 0.677068
vt 0.142111 0.629022
vt 0.172253 0.892083
vt 0.175146 0.857811
vt 0.177727 0.817108
vt 0.178550 0.769646
vt 0.177525 0.723269
vt 0.173633 0.673092
vt 0.168758 0.625919
vt 0.163456 0.585537
vt 0.188120 0.894908
vt 0.193350 0.860756
vt 0.195944 0.819429
vt 0.191918 0.770942
vt 0.190494 0.721732
vt 0.192866 0.670598
vt 0.188630 0.622145
vt 0.181219 0.581465
vt 0.172384 0.550580
vt 0.195598 0.541819
vt 0.182692 0.517060
vt 0.208105 0.574261
vt 0.217327 0.618240
vt 0.219121 0.671206
vt 0.208814 0.727077
vt 0.210041 0.766637
vt 0.220662 0.818324
vt 0.253587 0.866655
vt 0.248415 0.813368
vt 0.227061 0.759674
vt 0.227599 0.734890
vt 0.248231 0.675652
vt 0.253587 0.615249
vt 0.246168 0.562309
vt 0.230800 0.522650
vt 0.211647 0.494917
vt 0.180933 0.475530
vt 0.166825 0.492195
vt 0.135687 0.461099
vt 0.134329 0.463074
vt 0.153578 0.500038
vt 0.132753 0.464041
vt 0.144840 0.501609
vt 0.131540 0.464254
vt 0.134382 0.502445
vt 0.130053 0.464527
vt 0.123237 0.503932
vt 0.128565 0.464792
vt 0.112873 0.504226
vt 0.127303 0.464956
vt 0.096356 0.496999
vt 0.125599 0.464156
vt 0.080995 0.480401
vt 0.124251 0.462209
vt 0.106569 0.530217
vt 0.082258 0.521637
vt 0.054042 0.500135
vt 0.136943 0.528617
vt 0.151793 0.527330
vt 0.138855 0.555412
vt 0.118627 0.555741
vt 0.120996 0.530206
vt 0.100671 0.553735
vt 0.071344 0.543661
vt 0.035564 0.524656
vt 0.115338 0.587235
vt 0.093705 0.583216
vt 0.059776 0.573973
vt 0.020255 0.561177
vt 0.086514 0.624651
vt 0.049005 0.617930
vt 0.009842 0.611354
vt 0.041138 0.677893
vt 0.005123 0.673381
vt 0.000295 0.747451
vt 0.163746 0.525347
vt 0.157656 0.553550
vt 0.140111 0.588531
vt 0.112420 0.628438
vt 0.003351 0.772462
vt 0.963350 0.939353
vt 0.959783 0.939579
vt 0.961017 0.938369
vt 0.959539 0.941686
vt 0.964212 0.941957
vt 0.963056 0.944444
vt 0.959539 0.943808
vt 0.960625 0.945152
vt 0.579550 0.259186
vt 0.556394 0.294573
vt 0.547913 0.237502
vt 0.524419 0.271063
vt 0.518064 0.213845
vt 0.527398 0.328599
vt 0.539877 0.184892
vt 0.507531 0.162429
vt 0.570390 0.209789
vt 0.592174 0.232037
vt 0.626882 0.227970
vt 0.621853 0.274448
vt 0.605299 0.185657
vt 0.566877 0.149056
vt 0.521099 0.122218
vt 0.480138 0.147627
vt 0.487092 0.191678
vt 0.492659 0.247564
vt 0.497388 0.304687
vt 0.501312 0.351192
vt 0.472976 0.337759
vt 0.466087 0.282833
vt 0.461312 0.223517
vt 0.457523 0.167249
vt 0.474474 0.113143
vt 0.536065 0.059110
vt 0.609655 0.092277
vt 0.661833 0.153866
vt 0.684921 0.219571
vt 0.684921 0.288056
vt 0.431186 0.130796
vt 0.429896 0.199266
vt 0.436448 0.258773
vt 0.440804 0.316391
vt 0.412042 0.354566
vt 0.455283 0.378841
vt 0.504329 0.385872
vt 0.553154 0.365179
vt 0.594815 0.323750
vt 0.391253 0.170383
vt 0.405186 0.236522
vt 0.411391 0.291360
vt 0.376783 0.319697
vt 0.362922 0.221854
vt 0.390664 0.267828
vt 0.356497 0.274493
vt 0.651013 0.366584
vt 0.581980 0.420773
vt 0.509343 0.440626
vt 0.439098 0.436086
vt 0.373089 0.406267
vt 0.326221 0.351043
vt 0.302484 0.284775
vt 0.301533 0.209479
vt 0.334582 0.128178
vt 0.400712 0.073927
vt 0.466540 0.055038
vt 0.773203 0.548749
vt 0.770583 0.549779
vt 0.745128 0.491227
vt 0.765214 0.482550
vt 0.776785 0.548755
vt 0.795233 0.479265
vt 0.735741 0.499950
vt 0.769175 0.551034
vt 0.713326 0.471284
vt 0.724759 0.459570
vt 0.749050 0.444443
vt 0.796759 0.427008
vt 0.767464 0.552587
vt 0.725501 0.510934
vt 0.699836 0.486242
vt 0.677578 0.466124
vt 0.694011 0.448844
vt 0.707613 0.435921
vt 0.733829 0.417077
vt 0.782073 0.389547
vt 0.714130 0.521935
vt 0.765758 0.554147
vt 0.684842 0.501100
vt 0.661784 0.484904
vt 0.637851 0.468094
vt 0.653951 0.445805
vt 0.672541 0.426850
vt 0.688816 0.412983
vt 0.714204 0.390020
vt 0.753510 0.353675
vt 0.704556 0.532708
vt 0.764401 0.555523
vt 0.672377 0.514741
vt 0.649470 0.501800
vt 0.625918 0.487700
vt 0.598351 0.466312
vt 0.611441 0.447001
vt 0.627982 0.424139
vt 0.647057 0.404205
vt 0.663019 0.388909
vt 0.682942 0.362095
vt 0.704756 0.322312
vt 0.569967 0.433617
vt 0.583366 0.419140
vt 0.598962 0.399980
vt 0.615052 0.381528
vt 0.626911 0.366320
vt 0.636895 0.340498
vt 0.641425 0.308665
vt 0.557374 0.382582
vt 0.566554 0.372340
vt 0.575332 0.361745
vt 0.579629 0.351755
vt 0.579365 0.335224
vt 0.577214 0.317619
vt 0.763610 0.558268
vt 0.764255 0.561801
vt 0.696837 0.587292
vt 0.696556 0.556140
vt 0.657752 0.545112
vt 0.632044 0.534077
vt 0.604612 0.519021
vt 0.573054 0.491245
vt 0.545202 0.447484
vt 0.531637 0.390514
vt 0.548116 0.388341
vt 0.513828 0.390989
vt 0.513828 0.456113
vt 0.534930 0.517736
vt 0.571311 0.562985
vt 0.610133 0.587102
vt 0.647707 0.593144
vt 0.965887 0.952525
vt 0.964982 0.951638
vt 0.967599 0.951803
vt 0.964803 0.950092
vt 0.968231 0.949894
vt 0.967383 0.948070
vt 0.964803 0.948536
vt 0.965600 0.947550
vt 0.966282 0.974643
vt 0.965048 0.973434
vt 0.968615 0.973660
vt 0.964803 0.971327
vt 0.969477 0.971056
vt 0.968320 0.968569
vt 0.964803 0.969205
vt 0.965889 0.967861
vt 0.968660 0.937779
vt 0.967755 0.936892
vt 0.970371 0.937057
vt 0.967576 0.935346
vt 0.971003 0.935148
vt 0.970155 0.933324
vt 0.967576 0.933790
vt 0.968372 0.932804
vt 0.882030 0.273970
vt 0.843828 0.250195
vt 0.858272 0.238301
vt 0.884300 0.271708
vt 0.845412 0.211237
vt 0.821603 0.223048
vt 0.863644 0.206033
vt 0.871093 0.232754
vt 0.886714 0.270646
vt 0.888467 0.270522
vt 0.879599 0.231986
vt 0.875227 0.205168
vt 0.872370 0.179628
vt 0.858639 0.180804
vt 0.837133 0.184908
vt 0.808669 0.192801
vt 0.832139 0.153962
vt 0.803048 0.155874
vt 0.855427 0.152280
vt 0.870808 0.150954
vt 0.889607 0.150399
vt 0.889346 0.179096
vt 0.889312 0.205069
vt 0.889646 0.231964
vt 0.890599 0.270400
vt 0.832484 0.116510
vt 0.806481 0.113002
vt 0.855245 0.117850
vt 0.870788 0.117478
vt 0.889965 0.117214
vt 0.909244 0.117809
vt 0.908670 0.151433
vt 0.906570 0.179641
vt 0.903723 0.204879
vt 0.899971 0.231612
vt 0.892731 0.270283
vt 0.916012 0.205622
vt 0.909028 0.232116
vt 0.894508 0.270257
vt 0.819547 0.066991
vt 0.839931 0.073285
vt 0.859420 0.076899
vt 0.873091 0.077510
vt 0.890228 0.077588
vt 0.907352 0.077607
vt 0.921005 0.077056
vt 0.925001 0.118360
vt 0.924470 0.152970
vt 0.921020 0.181050
vt 0.855262 0.025027
vt 0.841176 0.018784
vt 0.868760 0.030101
vt 0.878248 0.031516
vt 0.890187 0.031566
vt 0.902123 0.031332
vt 0.911599 0.029812
vt 0.925142 0.024813
vt 0.940463 0.073428
vt 0.948115 0.116972
vt 0.948733 0.154739
vt 0.939329 0.018784
vt 0.960845 0.067071
vt 0.974339 0.113110
vt 0.978513 0.156154
vt 0.943931 0.185616
vt 0.973561 0.193478
vt 0.935534 0.211391
vt 0.960536 0.224345
vt 0.922754 0.237983
vt 0.936878 0.249982
vt 0.896930 0.271332
vt 0.899072 0.273680
vt 0.960695 0.966563
vt 0.964212 0.965927
vt 0.963126 0.967271
vt 0.964212 0.963805
vt 0.959539 0.964076
vt 0.960401 0.961472
vt 0.963968 0.961697
vt 0.962734 0.960488
vt 0.963350 0.968845
vt 0.959783 0.969070
vt 0.961017 0.967861
vt 0.959539 0.971178
vt 0.964212 0.971448
vt 0.963056 0.973936
vt 0.959539 0.973300
vt 0.960625 0.974643
vt 0.965959 0.966563
vt 0.969477 0.965927
vt 0.968390 0.967271
vt 0.969477 0.963805
vt 0.964803 0.964076
vt 0.965665 0.961472
vt 0.969232 0.961698
vt 0.967998 0.960488
vt 1.000000 1.000000
vt 1.000000 0.500000
vt 0.833333 1.000000
vt 0.166667 0.000000
vt 0.000000 0.500000
vt 0.166667 0.500000
vt 0.333333 0.000000
vt 0.333333 0.500000
vt 0.500000 0.500000
vt 0.666667 0.000000
vt 0.666667 0.500000
vt 0.833333 0.000000
vt 0.833333 0.500000
vt 0.666667 1.000000
vt 0.166667 1.000000
vt 0.333333 1.000000
vt 0.500000 1.000000
vt 0.471951 0.250000
vt 0.500000 0.250000
vt 0.469536 0.040752
vt 0.500000 0.040752
vt 0.748434 0.040752
vt 0.959535 0.040752
vt 1.000000 0.250000
vt 0.960622 0.253765
vt 0.962543 0.503174
vt 0.963443 0.744757
vt 1.000000 0.750000
vt 0.956271 0.959265
vt 0.750000 1.000000
vt 0.739140 0.965406
vt 0.500000 0.967731
vt 0.250000 1.000000
vt 0.260860 0.965406
vt 0.043729 0.959265
vt 0.000000 0.750000
vt 0.036557 0.744757
vt 0.037312 0.503174
vt 0.039378 0.253765
vt 0.000000 0.250000
vt 0.040465 0.040752
vt 0.251566 0.040752
s 0
usemtl chip_outline
f 1/1/1 2/1/1 3/1/1
f 4/1/1 1/1/1 3/1/1
f 5/1/1 4/1/1 3/1/1
f 6/1/1 5/1/1 3/1/1
f 7/1/1 6/1/1 3/1/1
f 8/1/1 7/1/1 3/1/1
f 9/1/1 8/1/1 3/1/1
f 10/1/1 9/1/1 3/1/1
f 11/1/1 10/1/1 3/1/1
f 12/1/1 11/1/1 3/1/1
f 13/1/1 12/1/1 3/1/1
f 14/1/1 13/1/1 3/1/1
f 15/1/1 16/1/1 3/1/1
f 17/1/1 15/1/1 3/1/1
f 18/1/1 17/1/1 3/1/1
f 19/1/1 18/1/1 3/1/1
f 20/1/1 19/1/1 3/1/1
f 21/1/1 20/1/1 3/1/1
f 22/1/1 21/1/1 3/1/1
f 23/1/1 22/1/1 3/1/1
f 24/1/1 23/1/1 3/1/1
f 25/1/1 24/1/1 3/1/1
f 26/1/1 25/1/1 3/1/1
f 27/1/1 26/1/1 3/1/1
f 28/1/1 27/1/1 3/1/1
f 29/1/1 28/1/1 3/1/1
f 30/1/1 29/1/1 3/1/1
f 31/1/1 30/1/1 3/1/1
f 32/1/1 31/1/1 3/1/1
f 2/1/1 32/1/1 3/1/1
f 33/1/2 34/1/2 35/1/2
f 34/1/2 33/1/2 36/1/2
f 37/1/2 34/1/2 36/1/2
f 37/1/2 36/1/2 38/1/2
f 39/1/2 37/1/2 38/1/2
f 39/1/2 38/1/2 40/1/2
f 41/1/2 39/1/2 40/1/2
f 41/1/2 40/1/2 42/1/2
f 43/1/2 41/1/2 42/1/2
f 44/1/2 43/1/2 42/1/2
f 45/1/2 44/1/2 42/1/2
f 44/1/2 45/1/2 46/1/2
f 47/1/2 44/1/2 46/1/2
f 47/1/2 46/1/2 48/1/2
f 49/1/2 47/1/2 48/1/2
f 49/1/2 48/1/2 50/1/2
f 51/1/2 49/1/2 50/1/2
f 51/1/2 50/1/2 52/1/2
f 53/1/2 51/1/2 52/1/2
f 53/1/2 52/1/2 54/1/2
f 55/1/2 53/1/2 54/1/2
f 55/1/2 54/1/2 56/1/2
f 57/1/2 55/1/2 56/1/2
f 58/1/2 57/1/2 56/1/2
f 59/1/2 58/1/2 56/1/2
f 60/1/2 58/1/2 59/1/2
f 61/1/2 60/1/2 59/1/2
f 60/1/2 61/1/2 62/1/2
f 63/1/2 60/1/2 62/1/2
s 1
f 64/1/2 63/1/2 62/1/2
s 0
f 65/1/2 64/1/2 62/1/2
s 1
f 66/1/2 64/1/2 65/1/2
s 0
f 67/1/2 66/1/2 65/1/2
f 68/1/2 66/1/2 67/1/2
f 69/1/2 68/1/2 67/1/2
f 70/1/2 68/1/2 69/1/2
f 71/1/2 70/1/2 69/1/2
f 72/1/2 70/1/2 71/1/2
f 73/1/2 72/1/2 71/1/2
f 72/1/2 73/1/2 74/1/2
f 75/1/2 72/1/2 74/1/2
f 76/1/2 75/1/2 74/1/2
f 77/1/2 76/1/2 74/1/2
f 78/1/2 76/1/2 77/1/2
f 79/1/2 78/1/2 77/1/2
f 80/1/2 78/1/2 79/1/2
f 81/1/2 80/1/2 79/1/2
f 82/1/2 80/1/2 81/1/2
f 83/1/2 82/1/2 81/1/2
f 82/1/2 83/1/2 84/1/2
f 85/1/2 82/1/2 84/1/2
f 85/1/2 84/1/2 86/1/2
f 87/1/2 85/1/2 86/1/2
f 88/1/2 87/1/2 86/1/2
f 89/1/2 88/1/2 86/1/2
f 90/1/2 88/1/2 89/1/2
f 91/1/2 90/1/2 89/1/2
f 90/1/2 91/1/2 92/1/2
f 93/1/2 90/1/2 92/1/2
f 94/1/2 93/1/2 92/1/2
f 95/1/2 94/1/2 92/1/2
f 35/1/2 96/1/2 95/1/2
f 34/1/2 96/1/2 35/1/2
f 96/1/2 94/1/2 95/1/2
f 97/1/2 98/1/2 99/1/2
f 100/1/2 97/1/2 99/1/2
f 101/1/2 100/1/2 99/1/2
f 102/1/2 101/1/2 99/1/2
f 103/1/2 102/1/2 99/1/2
f 104/1/2 103/1/2 99/1/2
f 105/1/2 104/1/2 99/1/2
f 106/1/2 105/1/2 99/1/2
f 107/1/2 106/1/2 99/1/2
f 108/1/2 107/1/2 99/1/2
s 1
f 109/1/2 108/1/2 99/1/2
s 0
f 110/1/2 109/1/2 99/1/2
f 111/1/2 112/1/2 99/1/2
f 113/1/2 111/1/2 99/1/2
s 1
f 114/1/2 113/1/2 99/1/2
s 0
f 115/1/2 114/1/2 99/1/2
f 116/1/2 115/1/2 99/1/2
s 1
f 117/1/2 116/1/2 99/1/2
s 0
f 118/1/2 117/1/2 99/1/2
s 1
f 119/1/2 118/1/2 99/1/2
s 0
f 120/1/2 119/1/2 99/1/2
f 121/1/2 120/1/2 99/1/2
f 122/1/2 121/1/2 99/1/2
f 123/1/2 122/1/2 99/1/2
f 124/1/2 123/1/2 99/1/2
f 125/1/2 124/1/2 99/1/2
f 126/1/2 125/1/2 99/1/2
f 127/1/2 126/1/2 99/1/2
f 128/1/2 127/1/2 99/1/2
f 98/1/2 128/1/2 99/1/2
f 129/1/1 130/1/1 131/1/1
f 132/1/1 130/1/1 129/1/1
f 133/1/1 132/1/1 129/1/1
f 134/1/1 132/1/1 133/1/1
f 135/1/1 134/1/1 133/1/1
f 136/1/1 134/1/1 135/1/1
f 137/1/1 136/1/1 135/1/1
f 137/1/1 138/1/1 136/1/1
s 1
f 138/1/1 139/1/1 136/1/1
f 138/1/1 140/1/1 139/1/1
s 0
f 140/1/1 141/1/1 139/1/1
f 142/1/1 141/1/1 140/1/1
f 143/1/1 142/1/1 140/1/1
f 144/1/1 142/1/1 143/1/1
f 145/1/1 144/1/1 143/1/1
s 1
f 146/1/1 144/1/1 145/1/1
s 0
f 147/1/1 146/1/1 145/1/1
f 147/1/1 148/1/1 146/1/1
s 1
f 148/1/1 149/1/1 146/1/1
s 0
f 148/1/1 150/1/1 149/1/1
f 150/1/1 151/1/1 149/1/1
f 152/1/1 151/1/1 150/1/1
f 153/1/1 152/1/1 150/1/1
f 154/1/1 152/1/1 153/1/1
f 155/1/1 154/1/1 153/1/1
f 155/1/1 156/1/1 154/1/1
s 1
f 156/1/1 157/1/1 154/1/1
s 0
f 158/1/1 157/1/1 156/1/1
f 159/1/1 158/1/1 156/1/1
f 160/1/1 158/1/1 159/1/1
f 161/1/1 160/1/1 159/1/1
f 162/1/1 160/1/1 161/1/1
f 163/1/1 162/1/1 161/1/1
f 164/1/1 162/1/1 163/1/1
f 165/1/1 164/1/1 163/1/1
f 165/1/1 166/1/1 164/1/1
f 166/1/1 167/1/1 164/1/1
f 166/1/1 168/1/1 167/1/1
f 168/1/1 169/1/1 167/1/1
f 170/1/1 169/1/1 168/1/1
s 1
f 171/1/1 170/1/1 168/1/1
s 0
f 171/1/1 172/1/1 170/1/1
f 172/1/1 173/1/1 170/1/1
f 172/1/1 174/1/1 173/1/1
s 1
f 174/1/1 175/1/1 173/1/1
f 176/1/1 175/1/1 174/1/1
s 0
f 177/1/1 176/1/1 174/1/1
f 178/1/1 176/1/1 177/1/1
f 179/1/1 178/1/1 177/1/1
f 179/1/1 180/1/1 178/1/1
f 180/1/1 181/1/1 178/1/1
f 180/1/1 182/1/1 181/1/1
f 182/1/1 183/1/1 181/1/1
f 182/1/1 184/1/1 183/1/1
f 184/1/1 185/1/1 183/1/1
f 184/1/1 186/1/1 185/1/1
f 186/1/1 187/1/1 185/1/1
s 1
f 186/1/1 188/1/1 187/1/1
f 188/1/1 189/1/1 187/1/1
s 0
f 188/1/1 190/1/1 189/1/1
f 190/1/1 131/1/1 191/1/1
f 190/1/1 191/1/1 189/1/1
f 130/1/1 192/1/1 131/1/1
f 131/1/1 192/1/1 191/1/1
f 193/2/3 194/3/3 195/4/3
f 196/5/3 193/2/3 195/4/3
s 1
f 197/6/4 198/7/5 199/8/6
f 200/9/5 197/6/4 199/8/6
f 200/9/5 199/8/6 201/10/7
f 202/11/8 197/6/4 200/9/5
f 203/12/9 202/11/8 200/9/5
f 203/12/9 200/9/5 204/13/10
f 204/13/10 200/9/5 201/10/7
f 205/14/5 203/12/9 204/13/10
f 206/15/11 207/16/12 208/17/13
f 209/18/14 210/19/15 206/15/11
f 210/19/15 207/16/12 206/15/11
f 210/19/15 211/20/16 207/16/12
f 211/20/16 212/21/17 207/16/12
f 207/16/12 212/21/17 213/22/18
f 207/16/12 213/22/18 208/17/13
f 208/17/13 213/22/18 214/23/19
f 213/22/18 215/24/20 214/23/19
f 214/23/19 215/24/20 216/25/21
f 215/24/20 217/26/22 216/25/21
f 216/25/21 217/26/22 218/27/23
f 217/26/22 219/28/24 218/27/23
f 218/27/23 219/28/24 220/29/25
f 219/28/24 221/30/26 220/29/25
f 219/28/24 222/31/27 221/30/26
f 222/31/27 223/32/28 221/30/26
f 217/26/22 224/33/29 219/28/24
f 224/33/29 222/31/27 219/28/24
f 225/34/30 224/33/29 217/26/22
f 215/24/20 225/34/30 217/26/22
f 226/35/31 225/34/30 215/24/20
f 213/22/18 226/35/31 215/24/20
f 212/21/17 226/35/31 213/22/18
f 222/31/27 227/36/32 223/32/28
f 227/36/32 228/37/33 223/32/28
f 229/38/34 227/36/32 222/31/27
f 224/33/29 229/38/34 222/31/27
f 225/34/30 230/39/35 224/33/29
f 230/39/35 229/38/34 224/33/29
f 226/35/31 231/40/36 225/34/30
f 231/40/36 230/39/35 225/34/30
f 212/21/17 232/41/37 226/35/31
f 232/41/37 231/40/36 226/35/31
f 211/20/16 233/42/38 212/21/17
f 233/42/38 232/41/37 212/21/17
f 234/43/39 233/42/38 211/20/16
f 235/44/40 211/20/16 210/19/15
f 235/44/40 234/43/39 211/20/16
f 236/45/41 235/44/40 210/19/15
f 236/45/41 210/19/15 209/18/14
f 237/46/42 236/45/41 209/18/14
f 238/47/43 235/44/40 236/45/41
f 239/48/26 236/45/41 237/46/42
f 239/48/26 238/47/43 236/45/41
f 240/49/25 239/48/26 237/46/42
f 227/36/32 241/50/44 228/37/33
f 241/50/44 242/51/45 228/37/33
f 229/38/34 243/52/46 227/36/32
f 243/52/46 241/50/44 227/36/32
f 230/39/35 244/53/47 229/38/34
f 244/53/47 243/52/46 229/38/34
f 231/40/36 245/54/48 230/39/35
f 245/54/48 244/53/47 230/39/35
f 246/55/49 245/54/48 231/40/36
f 232/41/37 246/55/49 231/40/36
f 233/42/38 247/56/50 232/41/37
f 247/56/50 246/55/49 232/41/37
f 234/43/39 248/57/51 233/42/38
f 248/57/51 247/56/50 233/42/38
f 249/58/52 248/57/51 234/43/39
f 250/59/53 234/43/39 235/44/40
f 238/47/43 250/59/53 235/44/40
f 250/59/53 249/58/52 234/43/39
f 251/60/54 252/61/55 253/62/56
f 254/63/57 251/60/54 253/62/56
f 254/63/57 253/62/56 255/64/58
f 255/64/58 253/62/56 256/65/59
f 253/62/56 257/66/60 256/65/59
f 253/62/56 252/61/55 257/66/60
f 252/61/55 258/67/56 257/66/60
f 259/68/56 254/63/57 255/64/58
f 260/69/61 261/70/62 262/71/63
f 263/72/63 260/69/61 262/71/63
f 263/72/63 262/71/63 264/73/64
f 265/74/64 263/72/63 264/73/64
f 265/74/64 264/73/64 266/75/65
f 267/76/65 265/74/64 266/75/65
f 267/76/65 266/75/65 268/77/66
f 269/78/66 267/76/65 268/77/66
f 269/78/66 268/77/66 270/79/67
f 271/80/67 269/78/66 270/79/67
f 271/80/67 270/79/67 272/81/68
f 273/82/68 271/80/67 272/81/68
f 273/82/68 272/81/68 274/83/69
f 275/84/69 273/82/68 274/83/69
f 275/84/69 274/83/69 276/85/70
f 277/86/61 275/84/69 276/85/70
f 278/84/63 279/86/61 280/85/62
f 281/83/63 278/84/63 280/85/62
f 282/82/64 278/84/63 281/83/63
f 283/81/64 282/82/64 281/83/63
f 284/80/65 282/82/64 283/81/64
f 285/79/65 284/80/65 283/81/64
f 286/78/66 284/80/65 285/79/65
f 287/77/66 286/78/66 285/79/65
f 288/76/67 286/78/66 287/77/66
f 289/75/67 288/76/67 287/77/66
f 290/74/68 288/76/67 289/75/67
f 291/73/68 290/74/68 289/75/67
f 292/72/69 290/74/68 291/73/68
f 293/71/69 292/72/69 291/73/68
f 294/69/61 292/72/69 293/71/69
f 295/70/70 294/69/61 293/71/69
s 0
f 296/87/5 297/88/5 298/89/5
f 299/90/5 296/87/5 298/89/5
f 300/91/5 296/87/5 299/90/5
f 301/92/5 300/91/5 299/90/5
f 301/92/5 299/90/5 302/93/5
f 303/94/5 301/92/5 302/93/5
f 302/93/5 299/90/5 304/95/5
f 299/90/5 298/89/5 304/95/5
f 305/90/5 306/93/5 307/95/5
f 308/89/5 305/90/5 307/95/5
f 305/90/5 309/92/5 306/93/5
f 309/92/5 310/94/5 306/93/5
f 311/91/5 309/92/5 305/90/5
f 312/87/5 305/90/5 308/89/5
f 312/87/5 311/91/5 305/90/5
f 313/88/5 312/87/5 308/89/5
f 314/4/71 315/96/71 316/97/71
f 317/5/72 314/4/72 316/97/72
f 318/2/73 319/98/73 320/99/73
f 321/3/73 318/2/73 320/99/73
f 322/100/74 323/101/74 324/102/74
f 325/97/74 322/100/74 324/102/74
f 326/103/75 327/100/75 328/97/75
f 329/96/75 326/103/75 328/97/75
f 330/104/76 331/103/76 332/96/76
f 333/105/76 330/104/76 332/96/76
f 334/106/77 335/107/77 336/108/77
f 337/109/77 334/106/77 336/108/77
s 1
f 338/110/78 339/111/79 340/112/80
f 341/113/81 338/110/78 340/112/80
f 341/113/81 340/112/80 342/114/82
f 343/115/83 338/110/78 341/113/81
f 344/116/84 341/113/81 342/114/82
f 344/116/84 342/114/82 345/117/85
f 346/118/86 341/113/81 344/116/84
f 346/118/86 343/115/83 341/113/81
f 347/119/87 343/115/83 346/118/86
f 348/120/88 349/121/89 350/122/90
f 349/121/89 351/123/91 350/122/90
f 350/122/90 351/123/91 352/124/92
f 351/123/91 353/125/93 352/124/92
f 352/124/92 353/125/93 354/107/94
f 355/126/95 344/116/84 345/117/85
f 353/125/93 355/126/95 354/107/94
f 354/107/94 355/126/95 356/108/96
f 355/126/95 345/117/85 356/108/96
f 357/127/97 344/116/84 355/126/95
f 357/127/97 346/118/86 344/116/84
f 353/125/93 357/127/97 355/126/95
f 358/128/98 346/118/86 357/127/97
f 358/128/98 347/119/87 346/118/86
f 359/129/99 347/119/87 358/128/98
f 360/130/100 359/129/99 358/128/98
f 361/131/101 357/127/97 353/125/93
f 361/131/101 358/128/98 357/127/97
f 360/130/100 358/128/98 361/131/101
f 351/123/91 361/131/101 353/125/93
f 362/132/102 360/130/100 361/131/101
f 362/132/102 361/131/101 351/123/91
f 349/121/89 362/132/102 351/123/91
f 363/133/103 364/134/104 365/135/105
f 365/135/105 364/134/104 366/136/105
f 367/137/106 365/135/105 366/136/105
s 0
f 364/134/105 368/138/105 366/136/105
f 369/139/105 368/138/105 364/134/105
f 370/140/105 369/139/105 364/134/105
f 371/141/105 369/139/105 370/140/105
f 372/142/104 370/140/104 364/134/107
f 373/143/104 374/144/104 368/138/104
f 375/145/108 368/138/108 374/144/108
f 376/146/105 368/138/105 375/145/105
f 376/146/105 377/147/105 368/138/105
f 366/136/105 368/138/105 377/147/105
f 378/148/105 366/136/105 377/147/105
f 379/149/105 366/136/105 378/148/105
f 380/150/105 378/148/105 377/147/105
f 381/151/105 377/147/105 376/146/105
s 1
f 382/152/109 381/151/109 376/146/109
s 0
f 383/153/109 377/147/109 381/151/109
f 384/154/110 385/155/110 386/156/110
f 387/157/105 386/156/105 385/155/105
f 368/138/105 386/156/105 387/157/105
f 388/158/105 368/138/105 369/139/105
f 386/156/105 368/138/105 388/158/105
f 389/159/111 388/158/111 369/139/111
s 1
f 390/160/105 389/159/105 369/139/105
s 0
f 391/161/112 388/158/112 389/159/112
f 386/156/111 388/158/111 392/162/111
f 392/162/105 388/158/105 393/163/105
f 394/164/105 393/163/105 388/158/105
s 1
f 395/165/113 396/166/114 397/167/115
f 398/109/116 399/168/117 400/106/118
f 399/168/117 401/169/119 400/106/118
f 400/106/118 401/169/119 402/170/120
f 401/169/119 403/171/121 402/170/120
f 402/170/120 403/171/121 404/172/122
f 403/171/121 405/173/123 404/172/122
f 404/172/122 405/173/123 406/174/124
f 405/173/123 407/175/125 406/174/124
f 405/173/123 408/176/126 407/175/125
f 408/176/126 409/177/127 407/175/125
f 408/176/126 410/178/128 409/177/127
f 410/178/128 395/165/113 397/167/115
f 410/178/128 397/167/115 409/177/127
f 411/179/129 395/165/113 410/178/128
f 412/180/130 413/181/131 414/182/132
f 413/181/131 415/183/133 414/182/132
f 414/182/132 415/183/133 416/184/134
f 415/183/133 411/179/129 416/184/134
f 416/184/134 411/179/129 410/178/128
f 416/184/134 410/178/128 408/176/126
f 417/185/135 408/176/126 405/173/123
f 417/185/135 416/184/134 408/176/126
f 403/171/121 417/185/135 405/173/123
f 414/182/132 416/184/134 417/185/135
f 412/180/130 414/182/132 418/186/136
f 418/186/136 414/182/132 417/185/135
f 418/186/136 417/185/135 403/171/121
f 401/169/119 418/186/136 403/171/121
f 419/187/137 418/186/136 401/169/119
f 419/187/137 412/180/130 418/186/136
f 399/168/117 419/187/137 401/169/119
f 420/149/138 421/148/138 422/136/138
s 0
f 422/136/139 421/148/139 423/137/139
f 423/137/139 421/148/139 424/135/139
f 424/135/138 421/148/138 425/140/138
f 426/142/138 424/135/138 425/140/138
f 427/134/139 424/135/139 426/142/139
f 428/133/139 424/135/139 427/134/139
s 1
f 429/153/140 430/151/141 431/147/141
s 0
f 432/150/138 430/151/138 421/148/138
f 431/147/138 430/151/138 432/150/138
f 421/148/138 433/144/138 425/140/138
f 430/151/138 433/144/138 421/148/138
s 1
f 425/140/138 433/144/138 434/159/138
s 0
f 425/140/138 434/159/138 435/141/138
f 435/141/138 434/159/138 436/139/138
s 1
f 437/160/138 436/139/138 434/159/138
s 0
f 438/152/138 433/144/138 430/151/138
f 439/146/142 433/144/142 438/152/142
f 440/145/138 433/144/138 439/146/138
s 1
f 441/143/143 442/138/144 433/144/144
s 0
f 443/157/139 433/144/139 442/138/139
f 444/155/139 433/144/139 443/157/139
f 434/159/138 433/144/138 445/163/138
f 444/155/138 445/163/138 433/144/138
f 446/164/138 434/159/138 445/163/138
f 447/158/145 434/159/145 446/164/145
s 1
f 448/161/146 434/159/141 447/158/141
s 0
f 449/162/147 445/163/147 450/156/147
f 451/154/139 445/163/139 444/155/139
f 450/156/138 445/163/138 451/154/138
s 1
f 452/172/148 453/122/148 454/124/149
f 455/170/149 452/172/148 454/124/149
f 455/170/149 454/124/149 456/107/150
f 457/106/150 455/170/149 456/107/150
f 458/183/151 459/188/151 460/189/152
f 461/179/152 458/183/151 460/189/152
f 461/179/152 460/189/152 462/190/153
f 463/165/153 461/179/152 462/190/153
f 464/191/154 465/192/154 466/193/155
f 467/194/155 464/191/154 466/193/155
f 467/194/155 466/193/155 468/195/156
f 469/196/156 467/194/155 468/195/156
f 469/196/156 468/195/156 470/197/157
f 471/198/157 469/196/156 470/197/157
f 471/198/157 470/197/157 472/199/158
f 473/200/158 471/198/157 472/199/158
f 473/200/158 472/199/158 474/201/159
f 475/202/159 473/200/158 474/201/159
f 476/203/160 477/204/160 478/205/161
f 479/206/161 476/203/160 478/205/161
f 479/206/161 478/205/161 480/207/162
f 481/208/162 479/206/161 480/207/162
f 481/208/162 480/207/162 482/209/163
f 483/210/163 481/208/162 482/209/163
f 483/210/163 482/209/163 484/211/164
f 485/212/164 483/210/163 484/211/164
f 485/212/164 484/211/164 486/213/165
f 487/214/165 485/212/164 486/213/165
f 487/214/165 486/213/165 488/215/166
f 489/216/166 487/214/165 488/215/166
f 489/216/166 488/215/166 490/217/167
f 491/218/167 489/216/166 490/217/167
f 491/218/167 490/217/167 492/219/168
f 493/220/168 491/218/167 492/219/168
f 493/220/168 492/219/168 465/192/154
f 464/191/154 493/220/168 465/192/154
f 494/221/169 495/222/169 496/223/170
f 497/224/170 494/221/169 496/223/170
f 497/224/170 496/223/170 498/225/171
f 499/226/171 497/224/170 498/225/171
f 499/226/171 498/225/171 500/227/172
f 501/228/172 499/226/171 500/227/172
f 501/228/172 500/227/172 502/229/173
f 503/230/173 501/228/172 502/229/173
f 503/230/173 502/229/173 504/231/174
f 505/232/174 503/230/173 504/231/174
f 505/232/174 504/231/174 506/233/175
f 507/234/175 505/232/174 506/233/175
f 507/234/175 506/233/175 508/235/176
f 509/236/176 507/234/175 508/235/176
f 509/236/176 508/235/176 510/237/177
f 476/203/160 511/238/177 477/204/160
f 511/238/177 510/237/177 477/204/160
f 511/238/177 509/236/176 510/237/177
f 512/239/159 513/240/178 514/241/179
f 515/242/179 512/239/159 514/241/179
f 515/242/179 514/241/179 516/243/180
f 517/244/180 515/242/179 516/243/180
f 517/244/180 516/243/180 518/245/181
f 519/246/181 517/244/180 518/245/181
f 519/246/181 518/245/181 520/247/182
f 521/248/182 519/246/181 520/247/182
f 521/248/182 520/247/182 522/249/183
f 523/250/183 521/248/182 522/249/183
f 523/250/183 522/249/183 524/251/184
f 525/252/184 523/250/183 524/251/184
f 525/252/184 524/251/184 526/253/185
f 527/254/186 525/252/184 526/253/185
f 527/254/186 526/253/185 528/255/187
f 529/256/187 527/254/186 528/255/187
f 529/256/187 528/255/187 495/222/169
f 494/221/169 529/256/187 495/222/169
f 530/257/188 531/258/189 532/259/190
f 533/260/191 530/257/188 532/259/190
f 530/257/188 534/261/192 531/258/189
f 534/261/192 535/262/188 531/258/189
f 536/263/193 534/261/192 530/257/188
f 537/264/194 536/263/193 530/257/188
f 537/264/194 530/257/188 533/260/191
f 538/265/188 537/264/194 533/260/191
s 0
f 539/142/142 540/266/142 541/267/142
f 539/142/139 542/134/139 540/266/139
f 542/134/139 543/268/139 540/266/139
f 542/134/139 544/133/139 543/268/139
f 544/133/138 545/269/138 543/268/138
f 544/133/138 546/135/138 545/269/138
s 1
f 546/135/139 547/270/139 545/269/139
f 546/135/139 548/137/139 547/270/139
s 0
f 548/137/139 549/271/139 547/270/139
f 548/137/139 550/136/139 549/271/139
f 550/136/139 551/272/139 549/271/139
f 550/136/139 552/149/139 551/272/139
f 552/149/138 553/273/138 551/272/138
f 552/149/138 554/148/138 553/273/138
f 554/148/139 555/274/139 553/273/139
f 554/148/139 556/150/139 555/274/139
f 556/150/138 557/275/138 555/274/138
f 556/150/138 558/147/138 557/275/138
f 558/147/138 559/276/138 557/275/138
f 558/147/138 560/153/138 559/276/138
f 560/153/138 561/277/138 559/276/138
f 560/153/138 562/151/138 561/277/138
f 562/151/138 563/278/138 561/277/138
f 562/151/138 564/152/138 563/278/138
f 564/152/141 565/279/141 563/278/141
f 564/152/138 566/146/138 565/279/138
f 566/146/138 567/280/138 565/279/138
f 566/146/138 568/145/138 567/280/138
f 568/145/141 569/281/141 567/280/141
s 1
f 568/145/141 570/144/141 569/281/141
s 0
f 570/144/138 571/282/138 569/281/138
f 570/144/138 572/143/138 571/282/138
f 572/143/138 573/283/138 571/282/138
f 572/143/138 574/138/138 573/283/138
s 1
f 574/138/138 575/284/138 573/283/138
s 0
f 574/138/138 576/157/138 575/284/138
f 576/157/138 577/285/138 575/284/138
f 576/157/138 578/155/138 577/285/138
f 578/155/138 579/286/138 577/285/138
f 578/155/138 580/154/138 579/286/138
f 580/154/139 581/287/139 579/286/139
f 580/154/139 582/156/139 581/287/139
f 582/156/138 583/288/138 581/287/138
f 582/156/138 584/162/138 583/288/138
f 584/162/138 585/289/138 583/288/138
f 584/162/147 586/163/147 585/289/147
f 586/163/138 587/290/138 585/289/138
f 586/163/138 588/164/138 587/290/138
f 588/164/139 589/291/139 587/290/139
f 588/164/139 590/158/139 589/291/139
f 590/158/139 591/292/139 589/291/139
f 590/158/138 592/161/138 591/292/138
f 592/161/138 593/293/138 591/292/138
f 592/161/138 594/159/138 593/293/138
f 594/159/195 595/294/195 593/293/195
f 594/159/142 596/160/142 595/294/142
f 596/160/142 597/295/142 595/294/142
f 596/160/142 598/139/142 597/295/142
f 598/139/142 599/296/142 597/295/142
f 598/139/142 600/141/142 599/296/142
f 600/141/139 601/297/139 599/296/139
f 602/140/138 541/267/138 601/297/138
f 602/140/138 539/142/138 541/267/138
f 600/141/139 602/140/139 601/297/139
f 603/298/196 604/299/196 605/300/196
f 606/301/196 603/298/196 605/300/196
f 606/301/196 605/300/196 607/302/196
f 608/303/196 606/301/196 607/302/196
s 1
f 609/191/154 610/192/154 611/193/155
f 612/194/155 609/191/154 611/193/155
f 612/194/155 611/193/155 613/195/156
f 614/196/156 612/194/155 613/195/156
f 614/196/156 613/195/156 615/197/197
f 616/198/197 614/196/156 615/197/197
f 616/198/197 615/197/197 617/199/158
f 618/200/158 616/198/197 617/199/158
f 618/200/158 617/199/158 619/201/159
f 620/202/159 618/200/158 619/201/159
f 621/203/198 622/204/198 623/205/161
f 624/206/161 621/203/198 623/205/161
f 624/206/161 623/205/161 625/207/162
f 626/208/162 624/206/161 625/207/162
f 626/208/162 625/207/162 627/209/199
f 628/210/199 626/208/162 627/209/199
f 628/210/199 627/209/199 629/211/164
f 630/212/164 628/210/199 629/211/164
f 630/212/164 629/211/164 631/213/200
f 632/214/200 630/212/164 631/213/200
f 632/214/200 631/213/200 633/215/166
f 634/216/166 632/214/200 633/215/166
f 634/216/166 633/215/166 635/217/201
f 636/218/201 634/216/166 635/217/201
f 636/218/201 635/217/201 637/219/168
f 638/220/168 636/218/201 637/219/168
f 638/220/168 637/219/168 610/192/154
f 609/191/154 638/220/168 610/192/154
f 639/221/169 640/222/169 641/223/170
f 642/224/170 639/221/169 641/223/170
f 642/224/170 641/223/170 643/225/171
f 644/226/171 642/224/170 643/225/171
f 644/226/171 643/225/171 645/227/172
f 646/228/172 644/226/171 645/227/172
f 646/228/172 645/227/172 647/229/173
f 648/230/173 646/228/172 647/229/173
f 648/230/173 647/229/173 649/231/174
f 650/232/174 648/230/173 649/231/174
f 650/232/174 649/231/174 651/233/175
f 652/234/175 650/232/174 651/233/175
f 652/234/175 651/233/175 653/235/152
f 654/236/152 652/234/175 653/235/152
f 654/236/152 653/235/152 655/237/177
f 656/238/177 655/237/177 622/204/198
f 621/203/198 656/238/177 622/204/198
f 656/238/177 654/236/152 655/237/177
f 657/239/178 658/240/178 659/241/202
f 660/242/202 657/239/178 659/241/202
f 660/242/202 659/241/202 661/243/180
f 662/244/180 660/242/202 661/243/180
f 662/244/180 661/243/180 663/245/181
f 664/246/181 662/244/180 663/245/181
f 664/246/181 663/245/181 665/247/182
f 666/248/182 664/246/181 665/247/182
f 666/248/182 665/247/182 667/249/183
f 668/250/183 666/248/182 667/249/183
f 668/250/183 667/249/183 669/251/184
f 670/252/184 668/250/183 669/251/184
f 670/252/184 669/251/184 671/253/203
f 672/254/203 670/252/184 671/253/203
f 672/254/203 671/253/203 673/255/187
f 674/256/187 672/254/203 673/255/187
f 674/256/187 673/255/187 640/222/169
f 639/221/169 674/256/187 640/222/169
f 675/200/204 676/202/159 677/201/159
f 678/199/204 675/200/204 677/201/159
f 679/198/205 675/200/204 678/199/204
f 680/197/205 679/198/205 678/199/204
f 681/196/206 679/198/205 680/197/205
f 682/195/206 681/196/206 680/197/205
f 683/194/207 681/196/206 682/195/206
f 684/193/207 683/194/207 682/195/206
f 685/191/208 683/194/207 684/193/207
f 686/192/208 685/191/208 684/193/207
f 687/220/209 685/191/208 686/192/208
f 688/219/209 687/220/209 686/192/208
f 689/218/210 687/220/209 688/219/209
f 690/217/210 689/218/210 688/219/209
f 691/216/211 689/218/210 690/217/210
f 692/215/211 691/216/211 690/217/210
f 693/214/212 691/216/211 692/215/211
f 694/213/212 693/214/212 692/215/211
f 695/212/213 693/214/212 694/213/212
f 696/211/213 695/212/213 694/213/212
f 697/210/214 695/212/213 696/211/213
f 698/209/214 697/210/214 696/211/213
f 699/208/215 697/210/214 698/209/214
f 700/207/215 699/208/215 698/209/214
f 701/206/216 699/208/215 700/207/215
f 702/205/216 701/206/216 700/207/215
f 703/203/217 701/206/216 702/205/216
f 704/204/217 703/203/217 702/205/216
f 705/238/218 703/203/217 704/204/217
f 706/237/219 705/238/218 704/204/217
f 707/236/152 705/238/218 706/237/219
f 708/235/152 707/236/152 706/237/219
f 709/234/220 707/236/152 708/235/152
f 710/233/220 709/234/220 708/235/152
f 711/232/221 709/234/220 710/233/220
f 712/231/221 711/232/221 710/233/220
f 713/230/222 711/232/221 712/231/221
f 714/229/222 713/230/222 712/231/221
f 715/228/223 713/230/222 714/229/222
f 716/227/223 715/228/223 714/229/222
f 717/226/224 715/228/223 716/227/223
f 718/225/224 717/226/224 716/227/223
f 719/224/225 717/226/224 718/225/224
f 720/223/225 719/224/225 718/225/224
f 721/221/226 719/224/225 720/223/225
f 722/222/226 721/221/226 720/223/225
f 723/256/227 721/221/226 722/222/226
f 724/255/228 723/256/227 722/222/226
f 725/254/229 723/256/227 724/255/228
f 726/253/229 725/254/229 724/255/228
f 727/252/230 725/254/229 726/253/229
f 728/251/230 727/252/230 726/253/229
f 729/250/231 727/252/230 728/251/230
f 730/249/231 729/250/231 728/251/230
f 731/248/232 729/250/231 730/249/231
f 732/247/232 731/248/232 730/249/231
f 733/246/233 731/248/232 732/247/232
f 734/245/233 733/246/233 732/247/232
f 735/244/234 733/246/233 734/245/233
f 736/243/234 735/244/234 734/245/233
f 737/242/235 735/244/234 736/243/234
f 738/241/235 737/242/235 736/243/234
f 739/239/178 737/242/235 738/241/235
f 740/240/178 739/239/178 738/241/235
f 741/200/204 742/202/236 743/201/149
f 744/199/204 741/200/204 743/201/149
f 745/198/237 741/200/204 744/199/204
f 746/197/237 745/198/237 744/199/204
f 747/196/206 745/198/237 746/197/237
f 748/195/206 747/196/206 746/197/237
f 749/194/207 747/196/206 748/195/206
f 750/193/207 749/194/207 748/195/206
f 751/191/208 749/194/207 750/193/207
f 752/192/208 751/191/208 750/193/207
f 753/220/238 751/191/208 752/192/208
f 754/219/238 753/220/238 752/192/208
f 755/218/210 753/220/238 754/219/238
f 756/217/210 755/218/210 754/219/238
f 757/216/211 755/218/210 756/217/210
f 758/215/211 757/216/211 756/217/210
f 759/214/212 757/216/211 758/215/211
f 760/213/212 759/214/212 758/215/211
f 761/212/213 759/214/212 760/213/212
f 762/211/213 761/212/213 760/213/212
f 763/210/239 761/212/213 762/211/213
f 764/209/239 763/210/239 762/211/213
f 765/208/215 763/210/239 764/209/239
f 766/207/215 765/208/215 764/209/239
f 767/206/216 765/208/215 766/207/215
f 768/205/216 767/206/216 766/207/215
f 769/203/240 767/206/216 768/205/216
f 770/204/240 769/203/240 768/205/216
f 771/238/219 769/203/240 770/204/240
f 772/237/219 771/238/219 770/204/240
f 773/236/176 771/238/219 772/237/219
f 774/235/176 773/236/176 772/237/219
f 775/234/220 773/236/176 774/235/176
f 776/233/220 775/234/220 774/235/176
f 777/232/221 775/234/220 776/233/220
f 778/231/221 777/232/221 776/233/220
f 779/230/222 777/232/221 778/231/221
f 780/229/222 779/230/222 778/231/221
f 781/228/223 779/230/222 780/229/222
f 782/227/223 781/228/223 780/229/222
f 783/226/224 781/228/223 782/227/223
f 784/225/224 783/226/224 782/227/223
f 785/224/225 783/226/224 784/225/224
f 786/223/225 785/224/225 784/225/224
f 787/221/226 785/224/225 786/223/225
f 788/222/241 787/221/226 786/223/225
f 789/256/227 787/221/226 788/222/241
f 790/255/227 789/256/227 788/222/241
f 791/254/229 789/256/227 790/255/227
f 792/253/229 791/254/229 790/255/227
f 793/252/230 791/254/229 792/253/229
f 794/251/230 793/252/230 792/253/229
f 795/250/242 793/252/230 794/251/230
f 796/249/242 795/250/242 794/251/230
f 797/248/232 795/250/242 796/249/242
f 798/247/232 797/248/232 796/249/242
f 799/246/233 797/248/232 798/247/232
f 800/245/233 799/246/233 798/247/232
f 801/244/234 799/246/233 800/245/233
f 802/243/234 801/244/234 800/245/233
f 803/242/243 801/244/234 802/243/234
f 804/241/243 803/242/243 802/243/234
f 805/239/149 803/242/243 804/241/243
f 806/240/178 805/239/149 804/241/243
s 0
f 807/159/105 808/161/105 809/293/105
f 810/294/111 807/159/111 809/293/111
f 811/160/108 807/159/108 810/294/108
f 812/295/108 811/160/108 810/294/108
f 813/139/108 811/160/108 812/295/108
f 814/296/108 813/139/108 812/295/108
f 815/141/104 813/139/104 814/296/104
f 816/297/104 815/141/104 814/296/104
f 817/140/104 815/141/104 816/297/104
f 818/267/105 817/140/105 816/297/105
f 819/142/105 817/140/105 818/267/105
f 820/266/108 819/142/108 818/267/108
f 821/134/108 819/142/108 820/266/108
s 1
f 822/268/104 821/134/104 820/266/104
s 0
f 823/133/104 821/134/104 822/268/104
f 824/269/104 823/133/104 822/268/104
s 1
f 825/135/104 823/133/104 824/269/104
s 0
f 826/270/104 825/135/104 824/269/104
f 827/137/104 825/135/104 826/270/104
f 828/271/104 827/137/104 826/270/104
f 829/136/104 827/137/104 828/271/104
f 830/272/105 829/136/105 828/271/105
f 831/149/104 829/136/104 830/272/104
f 832/273/105 831/149/105 830/272/105
f 833/148/105 831/149/105 832/273/105
f 834/274/104 833/148/104 832/273/104
f 835/150/105 833/148/105 834/274/105
f 836/275/105 835/150/105 834/274/105
f 837/147/105 835/150/105 836/275/105
f 838/276/105 837/147/105 836/275/105
f 839/153/105 837/147/105 838/276/105
s 1
f 840/277/105 839/153/105 838/276/105
f 841/151/105 839/153/105 840/277/105
s 0
f 842/278/109 841/151/109 840/277/109
f 843/152/109 841/151/109 842/278/109
s 1
f 844/279/109 843/152/109 842/278/109
s 0
f 845/146/109 843/152/109 844/279/109
f 846/280/105 845/146/105 844/279/105
f 847/145/105 845/146/105 846/280/105
f 848/281/105 847/145/105 846/280/105
s 1
f 849/144/105 847/145/105 848/281/105
s 0
f 850/282/105 849/144/105 848/281/105
f 851/143/104 849/144/104 850/282/104
f 852/283/105 851/143/105 850/282/105
s 1
f 853/138/105 851/143/105 852/283/105
f 854/284/105 853/138/105 852/283/105
f 855/157/105 853/138/105 854/284/105
s 0
f 856/285/104 855/157/104 854/284/104
f 857/155/104 855/157/104 856/285/104
f 858/286/105 857/155/105 856/285/105
f 859/154/105 857/155/105 858/286/105
s 1
f 860/287/104 859/154/104 858/286/104
s 0
f 861/156/104 859/154/104 860/287/104
f 862/288/104 861/156/104 860/287/104
f 863/162/105 861/156/105 862/288/105
s 1
f 864/289/244 863/162/105 862/288/105
s 0
f 865/163/105 863/162/105 864/289/105
f 866/290/105 865/163/105 864/289/105
f 867/164/105 865/163/105 866/290/105
f 868/291/105 867/164/105 866/290/105
f 869/158/105 867/164/105 868/291/105
f 808/161/105 869/158/105 870/292/105
f 870/292/104 869/158/104 868/291/104
s 1
f 809/293/105 808/161/105 870/292/105
f 871/304/245 872/305/246 873/306/246
f 874/307/247 871/304/245 873/306/246
f 875/308/248 871/304/245 874/307/247
f 876/309/248 875/308/248 874/307/247
f 877/310/249 875/308/248 876/309/248
f 878/311/250 877/310/249 876/309/248
f 879/312/251 877/310/249 878/311/250
f 880/313/251 879/312/251 878/311/250
f 881/314/252 879/312/251 880/313/251
f 882/315/253 881/314/252 880/313/251
f 883/316/254 881/314/252 882/315/253
f 884/317/254 883/316/254 882/315/253
f 885/318/255 883/316/254 884/317/254
f 886/319/256 885/318/255 884/317/254
f 887/320/257 885/318/255 886/319/256
f 888/321/257 887/320/257 886/319/256
f 889/322/258 890/323/259 891/324/260
f 892/325/259 889/322/258 891/324/260
f 893/326/261 889/322/258 892/325/259
f 894/327/262 893/326/261 892/325/259
f 894/327/262 892/325/259 895/328/263
f 896/329/259 894/327/262 895/328/263
f 892/325/259 891/324/260 897/330/264
f 895/328/263 892/325/259 897/330/264
s 0
f 898/165/265 899/190/265 900/331/265
f 901/166/265 898/165/265 900/331/265
f 902/332/266 903/333/266 904/334/266
f 905/335/266 902/332/266 904/334/266
f 906/336/267 907/337/267 908/338/267
f 909/339/267 906/336/267 908/338/267
s 1
f 910/340/268 911/341/269 912/342/270
f 913/343/271 910/340/268 912/342/270
f 913/343/271 912/342/270 914/344/272
f 915/345/273 913/343/271 914/344/272
f 915/345/273 914/344/272 916/346/274
f 917/347/275 915/345/273 916/346/274
f 917/347/275 916/346/274 918/333/276
f 919/332/277 917/347/275 918/333/276
s 0
f 920/348/278 921/349/278 922/350/278
f 923/351/278 920/348/278 922/350/278
f 923/351/279 922/350/279 924/352/279
s 1
f 925/353/279 923/351/279 924/352/279
s 0
f 925/353/279 924/352/279 926/354/279
f 927/355/279 925/353/279 926/354/279
f 927/355/280 926/354/280 928/356/280
f 929/357/280 927/355/280 928/356/280
f 930/358/281 931/359/281 932/360/281
f 933/361/281 930/358/281 932/360/281
f 933/361/281 932/360/281 934/299/281
f 935/298/281 933/361/281 934/299/281
f 936/362/278 937/363/278 938/364/278
f 939/365/278 936/362/278 938/364/278
f 940/366/282 941/362/282 942/367/282
f 943/368/282 940/366/282 942/367/282
f 944/369/282 940/366/282 943/368/282
f 945/370/282 944/369/282 943/368/282
f 946/371/282 944/369/282 945/370/282
f 947/372/282 946/371/282 945/370/282
f 948/373/282 946/371/282 947/372/282
f 949/374/282 948/373/282 947/372/282
f 950/375/283 951/376/283 952/377/283
f 953/378/283 950/375/283 952/377/283
f 954/379/283 950/375/283 953/378/283
f 955/380/283 954/379/283 953/378/283
f 956/381/283 954/379/283 955/380/283
f 957/382/283 956/381/283 955/380/283
f 958/363/283 956/381/283 957/382/283
f 959/383/283 958/363/283 957/382/283
f 960/384/284 961/385/284 962/386/284
f 963/387/284 960/384/284 962/386/284
f 964/363/285 965/362/285 966/366/285
f 967/381/285 964/363/285 966/366/285
f 968/375/286 969/371/286 970/373/286
f 971/376/286 968/375/286 970/373/286
f 972/379/287 973/369/287 974/371/287
s 1
f 975/375/287 972/379/287 974/371/287
s 0
f 976/381/288 977/366/288 978/369/288
f 979/379/288 976/381/288 978/369/288
s 1
f 980/388/289 981/389/290 982/390/291
f 983/391/292 980/388/289 982/390/291
f 984/392/293 980/388/289 983/391/292
f 985/393/293 984/392/293 983/391/292
f 986/394/294 984/392/293 985/393/293
f 987/395/295 986/394/294 985/393/293
f 988/396/296 986/394/294 987/395/295
f 989/397/297 988/396/296 987/395/295
f 990/398/298 988/396/296 989/397/297
f 991/399/299 990/398/298 989/397/297
f 992/400/300 990/398/298 991/399/299
f 993/401/300 992/400/300 991/399/299
f 994/402/301 992/400/300 993/401/300
f 995/403/302 994/402/301 993/401/300
f 996/404/303 994/402/301 995/403/302
f 997/405/303 996/404/303 995/403/302
s 0
f 998/181/304 999/406/304 1000/188/304
f 1001/183/304 998/181/304 1000/188/304
f 1002/174/305 1003/120/305 1004/122/305
f 1005/172/305 1002/174/305 1004/122/305
s 1
f 1006/335/306 1007/334/307 1008/407/308
f 1009/408/309 1006/335/306 1008/407/308
f 1009/408/309 1008/407/308 1010/409/310
f 1011/410/311 1009/408/309 1010/409/310
f 1011/410/311 1010/409/310 1012/411/312
f 1013/412/313 1011/410/311 1012/411/312
f 1013/412/313 1012/411/312 1014/337/314
f 1015/336/315 1013/412/313 1014/337/314
f 1016/413/316 1017/414/317 1018/415/318
f 1017/414/317 1019/416/319 1020/417/320
f 1017/414/317 1020/417/320 1018/415/318
f 1018/415/318 1020/417/320 1021/418/321
f 1019/416/319 1022/419/322 1023/420/323
f 1019/416/319 1023/420/323 1020/417/320
f 1020/417/320 1023/420/323 1024/421/324
f 1020/417/320 1024/421/324 1021/418/321
f 1021/418/321 1024/421/324 1025/422/325
f 1024/421/324 1026/423/326 1025/422/325
f 1023/420/323 1027/424/327 1024/421/324
f 1024/421/324 1027/424/327 1026/423/326
f 1027/424/327 1028/425/328 1026/423/326
f 1027/424/327 1029/426/329 1028/425/328
f 1029/426/329 1030/427/330 1028/425/328
f 1029/426/329 1031/428/331 1030/427/330
f 1031/428/331 1032/429/332 1030/427/330
f 1031/428/331 1033/430/333 1032/429/332
f 1033/430/333 1034/431/334 1032/429/332
f 1033/430/333 1035/432/335 1034/431/334
f 1035/432/335 1036/433/336 1034/431/334
f 1035/432/335 1037/434/337 1036/433/336
f 1037/434/337 1038/435/338 1036/433/336
f 1039/436/339 1029/426/329 1027/424/327
f 1023/420/323 1039/436/339 1027/424/327
f 1022/419/322 1039/436/339 1023/420/323
f 1040/437/340 1031/428/331 1029/426/329
f 1039/436/339 1040/437/340 1029/426/329
f 1041/438/341 1033/430/333 1031/428/331
f 1040/437/340 1041/438/341 1031/428/331
f 1042/439/342 1035/432/335 1033/430/333
f 1041/438/341 1042/439/342 1033/430/333
f 1022/419/322 1043/440/343 1039/436/339
f 1043/440/343 1040/437/340 1039/436/339
f 1044/441/344 1041/438/341 1040/437/340
f 1043/440/343 1044/441/344 1040/437/340
f 1045/442/345 1042/439/342 1041/438/341
f 1044/441/344 1045/442/345 1041/438/341
f 1045/442/345 1046/443/346 1042/439/342
f 1046/443/346 1047/444/347 1042/439/342
f 1042/439/342 1047/444/347 1035/432/335
f 1047/444/347 1037/434/337 1035/432/335
f 1048/445/348 1049/446/349 1050/447/350
f 1051/448/351 1048/445/348 1050/447/350
f 1052/449/352 1048/445/348 1051/448/351
f 1053/450/353 1052/449/352 1051/448/351
f 1054/451/354 1052/449/352 1053/450/353
f 1055/452/355 1054/451/354 1053/450/353
f 1036/433/336 1038/435/338 1056/453/356
f 1056/453/356 1054/451/354 1055/452/355
f 1036/433/336 1056/453/356 1057/454/357
f 1034/431/334 1036/433/336 1057/454/357
f 1057/454/357 1056/453/356 1055/452/355
f 1032/429/332 1034/431/334 1058/455/358
f 1034/431/334 1057/454/357 1058/455/358
f 1030/427/330 1032/429/332 1059/456/359
f 1032/429/332 1058/455/358 1059/456/359
f 1030/427/330 1059/456/359 1060/457/360
f 1028/425/328 1030/427/330 1060/457/360
f 1038/435/338 1061/458/361 1056/453/356
f 1056/453/356 1061/458/361 1054/451/354
f 1061/458/361 1062/459/362 1054/451/354
f 1054/451/354 1062/459/362 1052/449/352
f 1062/459/362 1063/460/363 1052/449/352
f 1052/449/352 1063/460/363 1048/445/348
f 1063/460/363 1064/461/364 1048/445/348
f 1048/445/348 1064/461/364 1049/446/349
f 1064/461/364 1065/462/365 1049/446/349
f 1051/448/351 1050/447/350 1066/463/366
f 1067/464/367 1051/448/351 1066/463/366
f 1053/450/353 1051/448/351 1067/464/367
f 1055/452/355 1053/450/353 1068/465/368
f 1068/465/368 1053/450/353 1067/464/367
f 1058/455/358 1057/454/357 1069/466/369
f 1069/466/369 1055/452/355 1068/465/368
f 1057/454/357 1055/452/355 1069/466/369
f 1059/456/359 1058/455/358 1070/467/370
f 1058/455/358 1069/466/369 1070/467/370
f 1060/457/360 1059/456/359 1071/468/371
f 1059/456/359 1070/467/370 1071/468/371
f 1060/457/360 1071/468/371 1072/469/372
f 1073/470/373 1060/457/360 1072/469/372
f 1073/470/373 1072/469/372 1074/471/374
f 1075/472/375 1073/470/373 1074/471/374
f 1067/464/367 1066/463/366 1076/473/376
f 1068/465/368 1067/464/367 1077/474/377
f 1077/474/377 1067/464/367 1076/473/376
f 1069/466/369 1068/465/368 1078/475/378
f 1070/467/370 1069/466/369 1078/475/378
f 1078/475/378 1068/465/368 1077/474/377
f 1071/468/371 1070/467/370 1079/476/379
f 1070/467/370 1078/475/378 1079/476/379
f 1072/469/372 1071/468/371 1080/477/380
f 1071/468/371 1079/476/379 1080/477/380
f 1074/471/374 1072/469/372 1081/478/381
f 1072/469/372 1080/477/380 1081/478/381
f 1077/474/377 1076/473/376 1082/479/319
f 1078/475/378 1077/474/377 1083/480/382
f 1079/476/379 1078/475/378 1083/480/382
f 1083/480/382 1077/474/377 1082/479/319
f 1080/477/380 1079/476/379 1084/481/383
f 1079/476/379 1083/480/382 1084/481/383
f 1081/478/381 1080/477/380 1085/482/384
f 1080/477/380 1084/481/383 1085/482/384
f 1084/481/383 1083/480/382 1086/483/385
f 1083/480/382 1082/479/319 1086/483/385
f 1084/481/383 1086/483/385 1087/484/386
f 1085/482/384 1084/481/383 1087/484/386
f 1088/485/387 1089/486/388 1090/487/389
f 1091/488/390 1088/485/387 1090/487/389
f 1090/487/389 1089/486/388 1092/489/391
f 1089/486/388 1093/490/392 1092/489/391
f 1089/486/388 1094/491/393 1093/490/392
f 1095/492/394 1094/491/393 1089/486/388
f 1088/485/387 1095/492/394 1089/486/388
f 1096/493/395 1095/492/394 1088/485/387
f 1097/494/396 1088/485/387 1091/488/390
f 1097/494/396 1096/493/395 1088/485/387
f 1098/495/397 1097/494/396 1091/488/390
f 1099/496/398 1097/494/396 1098/495/397
f 1100/497/399 1099/496/398 1098/495/397
f 1101/498/400 1096/493/395 1097/494/396
f 1099/496/398 1101/498/400 1097/494/396
f 1101/498/400 1102/499/401 1096/493/395
f 1096/493/395 1103/500/402 1095/492/394
f 1102/499/401 1103/500/402 1096/493/395
f 1103/500/402 1104/501/403 1095/492/394
f 1095/492/394 1104/501/403 1094/491/393
f 1104/501/403 1105/502/404 1094/491/393
f 1094/491/393 1105/502/404 1106/503/405
f 1094/491/393 1106/503/405 1093/490/392
f 1093/490/392 1106/503/405 1107/504/406
f 1093/490/392 1107/504/406 1108/505/407
f 1092/489/391 1093/490/392 1108/505/407
f 1092/489/391 1108/505/407 1109/506/408
f 1090/487/389 1092/489/391 1110/507/409
f 1110/507/409 1092/489/391 1109/506/408
f 1111/508/410 1090/487/389 1110/507/409
f 1091/488/390 1090/487/389 1111/508/410
f 1112/509/411 1113/510/412 1100/497/399
f 1113/510/412 1099/496/398 1100/497/399
f 1113/510/412 1114/511/413 1099/496/398
f 1114/511/413 1101/498/400 1099/496/398
f 1114/511/413 1115/512/414 1101/498/400
f 1115/512/414 1102/499/401 1101/498/400
f 1115/512/414 1116/513/415 1102/499/401
f 1116/513/415 1117/514/416 1102/499/401
f 1102/499/401 1117/514/416 1103/500/402
f 1117/514/416 1118/515/417 1103/500/402
f 1103/500/402 1118/515/417 1104/501/403
f 1118/515/417 1119/516/418 1104/501/403
f 1104/501/403 1119/516/418 1105/502/404
f 1119/516/418 1120/517/419 1105/502/404
f 1105/502/404 1120/517/419 1121/518/420
f 1105/502/404 1121/518/420 1106/503/405
f 1106/503/405 1121/518/420 1122/519/421
f 1106/503/405 1122/519/421 1107/504/406
f 1109/506/408 1108/505/407 1123/520/422
f 1108/505/407 1124/521/423 1123/520/422
f 1108/505/407 1107/504/406 1124/521/423
f 1123/520/422 1124/521/423 1125/522/424
f 1124/521/423 1126/523/425 1125/522/424
f 1107/504/406 1127/524/426 1124/521/423
f 1107/504/406 1122/519/421 1127/524/426
f 1124/521/423 1127/524/426 1126/523/425
f 1127/524/426 1128/525/412 1126/523/425
f 1122/519/421 1129/526/427 1127/524/426
f 1127/524/426 1129/526/427 1128/525/412
f 1121/518/420 1130/527/428 1122/519/421
f 1122/519/421 1130/527/428 1129/526/427
f 1120/517/419 1131/528/429 1121/518/420
f 1121/518/420 1131/528/429 1130/527/428
f 1129/526/427 1132/529/430 1128/525/412
f 1129/526/427 1133/530/431 1132/529/430
f 1130/527/428 1133/530/431 1129/526/427
f 1131/528/429 1134/531/432 1130/527/428
f 1130/527/428 1134/531/432 1133/530/431
f 1133/530/431 1135/532/433 1132/529/430
f 1133/530/431 1136/533/434 1135/532/433
f 1134/531/432 1136/533/434 1133/530/431
f 1136/533/434 1137/534/435 1135/532/433
f 1109/506/408 1123/520/422 1138/535/436
f 1139/536/437 1109/506/408 1138/535/436
f 1110/507/409 1109/506/408 1139/536/437
f 1111/508/410 1110/507/409 1140/537/438
f 1140/537/438 1110/507/409 1139/536/437
f 1141/538/439 1111/508/410 1140/537/438
f 1142/539/440 1111/508/410 1141/538/439
f 1098/495/397 1091/488/390 1142/539/440
f 1142/539/440 1091/488/390 1111/508/410
f 1143/540/441 1142/539/440 1141/538/439
f 1100/497/399 1098/495/397 1144/541/442
f 1144/541/442 1098/495/397 1142/539/440
f 1144/541/442 1142/539/440 1143/540/441
f 1145/542/443 1144/541/442 1143/540/441
f 1146/543/444 1100/497/399 1144/541/442
f 1146/543/444 1144/541/442 1145/542/443
f 1112/509/411 1100/497/399 1146/543/444
f 1147/544/445 1146/543/444 1145/542/443
f 1148/545/424 1112/509/411 1146/543/444
f 1148/545/424 1146/543/444 1147/544/445
f 1149/546/446 1148/545/424 1147/544/445
f 1150/547/447 1149/546/446 1151/548/448
f 1149/546/446 1147/544/445 1151/548/448
f 1151/548/448 1147/544/445 1152/549/449
f 1147/544/445 1145/542/443 1152/549/449
f 1145/542/443 1143/540/441 1153/550/450
f 1152/549/449 1145/542/443 1153/550/450
f 1143/540/441 1141/538/439 1154/551/451
f 1153/550/450 1143/540/441 1154/551/451
f 1141/538/439 1140/537/438 1155/552/452
f 1154/551/451 1141/538/439 1155/552/452
f 1140/537/438 1139/536/437 1156/553/453
f 1155/552/452 1140/537/438 1156/553/453
f 1156/553/453 1139/536/437 1157/554/454
f 1139/536/437 1138/535/436 1157/554/454
f 1157/554/454 1138/535/436 1158/555/447
f 1138/535/436 1123/520/422 1159/556/446
f 1123/520/422 1125/522/424 1159/556/446
f 1138/535/436 1159/556/446 1158/555/447
f 1160/557/455 1161/558/456 1162/559/419
f 1161/558/456 1160/557/455 1163/560/457
f 1164/561/458 1163/560/457 1160/557/455
f 1165/562/416 1163/560/457 1164/561/458
f 1165/562/416 1166/563/459 1163/560/457
f 1167/564/435 1166/563/459 1165/562/416
f 1168/565/460 1169/566/461 1170/567/462
f 1170/567/462 1169/566/461 1171/568/463
f 1170/567/462 1171/568/463 1172/569/464
f 1172/569/464 1171/568/463 1173/570/465
f 1174/571/466 1173/570/465 1171/568/463
f 1175/572/467 1173/570/465 1174/571/466
f 1176/573/468 1177/574/469 1178/575/470
f 1176/573/468 1178/575/470 1179/576/471
f 1180/577/472 1176/573/468 1179/576/471
f 1179/576/471 1178/575/470 1181/578/473
f 1178/575/470 1182/579/474 1181/578/473
f 1181/578/473 1182/579/474 1183/580/475
f 1177/574/469 1184/581/476 1178/575/470
f 1178/575/470 1184/581/476 1182/579/474
f 1177/574/469 1185/582/477 1184/581/476
f 1186/583/478 1185/582/477 1177/574/469
f 1186/583/478 1187/584/479 1185/582/477
f 1188/585/480 1187/584/479 1186/583/478
f 1188/585/480 1189/586/481 1187/584/479
f 1190/587/482 1189/586/481 1188/585/480
f 1191/588/483 1190/587/482 1188/585/480
f 1190/587/482 1192/589/484 1189/586/481
f 1193/590/485 1194/591/486 1195/592/487
f 1194/591/486 1196/593/488 1195/592/487
f 1194/591/486 1197/594/489 1196/593/488
f 1197/594/489 1198/595/490 1196/593/488
f 1197/594/489 1199/596/491 1198/595/490
f 1199/596/491 1200/597/492 1198/595/490
f 1191/588/483 1188/585/480 1200/597/492
f 1199/596/491 1191/588/483 1200/597/492
f 1200/597/492 1188/585/480 1186/583/478
f 1201/598/493 1186/583/478 1177/574/469
f 1201/598/493 1177/574/469 1176/573/468
f 1198/595/490 1200/597/492 1201/598/493
f 1200/597/492 1186/583/478 1201/598/493
f 1202/599/494 1176/573/468 1180/577/472
f 1196/593/488 1198/595/490 1202/599/494
f 1202/599/494 1201/598/493 1176/573/468
f 1198/595/490 1201/598/493 1202/599/494
f 1203/600/495 1202/599/494 1180/577/472
f 1196/593/488 1202/599/494 1203/600/495
f 1195/592/487 1196/593/488 1203/600/495
f 1187/584/479 1204/601/496 1185/582/477
f 1187/584/479 1205/602/497 1204/601/496
f 1189/586/481 1205/602/497 1187/584/479
f 1189/586/481 1206/603/498 1205/602/497
f 1192/589/484 1206/603/498 1189/586/481
f 1192/589/484 1207/604/499 1206/603/498
f 1207/604/499 1208/605/500 1206/603/498
f 1206/603/498 1209/606/501 1205/602/497
f 1206/603/498 1208/605/500 1209/606/501
f 1208/605/500 1210/607/502 1209/606/501
f 1209/606/501 1210/607/502 1211/608/503
f 1210/607/502 1212/609/504 1211/608/503
f 1211/608/503 1212/609/504 1213/610/505
f 1212/609/504 1214/611/506 1213/610/505
f 1213/610/505 1214/611/506 1215/612/507
f 1214/611/506 1216/613/508 1215/612/507
f 1215/612/507 1216/613/508 1217/614/509
f 1216/613/508 1218/615/510 1217/614/509
f 1217/614/509 1218/615/510 1219/616/511
f 1218/615/510 1220/617/512 1219/616/511
f 1219/616/511 1220/617/512 1221/618/513
f 1220/617/512 1222/619/499 1221/618/513
f 1215/612/507 1217/614/509 1223/620/514
f 1213/610/505 1215/612/507 1224/621/515
f 1224/621/515 1215/612/507 1223/620/514
f 1224/621/515 1223/620/514 1225/622/516
f 1211/608/503 1213/610/505 1226/623/517
f 1226/623/517 1213/610/505 1224/621/515
f 1227/624/518 1224/621/515 1225/622/516
f 1226/623/517 1224/621/515 1227/624/518
f 1227/624/518 1225/622/516 1228/625/519
f 1229/626/520 1227/624/518 1228/625/519
f 1229/626/520 1228/625/519 1230/627/521
f 1231/628/522 1227/624/518 1229/626/520
f 1231/628/522 1226/623/517 1227/624/518
f 1232/629/523 1211/608/503 1226/623/517
f 1209/606/501 1211/608/503 1232/629/523
f 1205/602/497 1209/606/501 1232/629/523
f 1205/602/497 1232/629/523 1204/601/496
f 1204/601/496 1232/629/523 1231/628/522
f 1232/629/523 1226/623/517 1231/628/522
f 1204/601/496 1231/628/522 1233/630/524
f 1233/630/524 1231/628/522 1229/626/520
f 1185/582/477 1204/601/496 1233/630/524
f 1185/582/477 1233/630/524 1184/581/476
f 1184/581/476 1233/630/524 1234/631/525
f 1234/631/525 1229/626/520 1230/627/521
f 1184/581/476 1234/631/525 1182/579/474
f 1233/630/524 1229/626/520 1234/631/525
f 1234/631/525 1230/627/521 1235/632/526
f 1182/579/474 1234/631/525 1235/632/526
f 1182/579/474 1235/632/526 1183/580/475
f 1235/632/526 1230/627/521 1236/633/527
f 1230/627/521 1237/634/528 1236/633/527
f 1230/627/521 1228/625/519 1237/634/528
f 1228/625/519 1225/622/516 1238/635/529
f 1228/625/519 1238/635/529 1237/634/528
f 1225/622/516 1223/620/514 1239/636/530
f 1225/622/516 1239/636/530 1238/635/529
f 1223/620/514 1217/614/509 1240/637/531
f 1223/620/514 1240/637/531 1239/636/530
f 1217/614/509 1219/616/511 1240/637/531
f 1240/637/531 1219/616/511 1241/638/532
f 1219/616/511 1221/618/513 1241/638/532
f 1239/636/530 1240/637/531 1242/639/533
f 1240/637/531 1241/638/532 1242/639/533
f 1238/635/529 1239/636/530 1243/640/491
f 1239/636/530 1242/639/533 1243/640/491
f 1237/634/528 1238/635/529 1244/641/534
f 1238/635/529 1243/640/491 1244/641/534
f 1237/634/528 1244/641/534 1245/642/535
f 1236/633/527 1237/634/528 1245/642/535
f 1236/633/527 1245/642/535 1246/643/536
f 1183/580/475 1235/632/526 1247/644/537
f 1235/632/526 1236/633/527 1247/644/537
f 1247/644/537 1236/633/527 1246/643/536
f 1248/645/538 1249/646/539 1250/647/540
f 1251/648/541 1248/645/538 1250/647/540
f 1251/648/541 1250/647/540 1252/649/542
f 1253/650/543 1248/645/538 1251/648/541
f 1254/651/544 1253/650/543 1251/648/541
f 1255/652/545 1253/650/543 1254/651/544
f 1256/653/546 1251/648/541 1252/649/542
f 1254/651/544 1251/648/541 1256/653/546
f 1256/653/546 1252/649/542 1257/654/547
f 1258/655/548 1256/653/546 1257/654/547
f 1259/656/549 1256/653/546 1258/655/548
f 1259/656/549 1254/651/544 1256/653/546
f 1260/657/550 1255/652/545 1254/651/544
f 1260/657/550 1254/651/544 1259/656/549
f 1261/658/551 1255/652/545 1260/657/550
f 1262/659/552 1261/658/551 1260/657/550
f 1263/660/553 1261/658/551 1262/659/552
f 1264/661/554 1263/660/553 1262/659/552
f 1265/662/555 1263/660/553 1264/661/554
f 1266/663/556 1265/662/555 1264/661/554
f 1267/664/557 1265/662/555 1266/663/556
f 1268/665/465 1267/664/557 1266/663/556
f 1268/665/465 1266/663/556 1269/666/558
f 1270/667/464 1268/665/465 1269/666/558
f 1270/667/464 1269/666/558 1271/668/559
f 1272/669/462 1270/667/464 1271/668/559
f 1272/669/462 1271/668/559 1273/670/560
f 1274/671/561 1273/670/560 1275/672/562
f 1273/670/560 1276/673/563 1275/672/562
f 1273/670/560 1271/668/559 1276/673/563
f 1271/668/559 1269/666/558 1277/674/564
f 1271/668/559 1277/674/564 1276/673/563
f 1269/666/558 1278/675/565 1277/674/564
f 1269/666/558 1266/663/556 1278/675/565
f 1266/663/556 1264/661/554 1278/675/565
f 1264/661/554 1262/659/552 1279/676/566
f 1278/675/565 1264/661/554 1279/676/566
f 1262/659/552 1260/657/550 1280/677/567
f 1279/676/566 1262/659/552 1280/677/567
f 1280/677/567 1260/657/550 1259/656/549
f 1280/677/567 1259/656/549 1281/678/568
f 1281/678/568 1259/656/549 1258/655/548
f 1281/678/568 1258/655/548 1282/679/569
f 1283/680/570 1281/678/568 1282/679/569
f 1283/680/570 1282/679/569 1284/681/571
f 1276/673/563 1277/674/564 1285/682/572
f 1278/675/565 1279/676/566 1286/683/573
f 1277/674/564 1286/683/573 1285/682/572
f 1277/674/564 1278/675/565 1286/683/573
f 1287/684/574 1281/678/568 1283/680/570
f 1286/683/573 1279/676/566 1287/684/574
f 1279/676/566 1280/677/567 1287/684/574
f 1287/684/574 1280/677/567 1281/678/568
f 1288/685/575 1287/684/574 1283/680/570
f 1285/682/572 1286/683/573 1288/685/575
f 1286/683/573 1287/684/574 1288/685/575
f 1288/685/575 1283/680/570 1289/686/576
f 1289/686/576 1283/680/570 1284/681/571
f 1290/687/577 1288/685/575 1289/686/576
f 1285/682/572 1288/685/575 1290/687/577
f 1290/687/577 1289/686/576 1291/688/578
f 1292/689/579 1290/687/577 1291/688/578
f 1275/672/562 1276/673/563 1293/690/580
f 1293/690/580 1285/682/572 1290/687/577
f 1293/690/580 1290/687/577 1292/689/579
f 1276/673/563 1285/682/572 1293/690/580
f 1275/672/562 1293/690/580 1294/691/581
f 1294/691/581 1293/690/580 1292/689/579
f 1274/671/561 1275/672/562 1295/692/582
f 1295/692/582 1275/672/562 1294/691/581
f 1296/693/583 1274/671/561 1295/692/582
f 1289/686/576 1284/681/571 1297/694/584
f 1291/688/578 1289/686/576 1297/694/584
f 1291/688/578 1297/694/584 1298/695/585
f 1299/696/586 1291/688/578 1298/695/585
f 1292/689/579 1291/688/578 1299/696/586
f 1300/697/587 1292/689/579 1299/696/586
f 1294/691/581 1292/689/579 1300/697/587
f 1301/698/588 1294/691/581 1300/697/587
f 1295/692/582 1294/691/581 1301/698/588
f 1302/699/589 1295/692/582 1301/698/588
f 1296/693/583 1295/692/582 1302/699/589
f 1303/700/590 1296/693/583 1302/699/589
f 1303/700/590 1302/699/589 1304/701/591
f 1305/702/592 1303/700/590 1304/701/591
f 1306/703/460 1272/669/462 1273/670/560
f 1306/703/460 1273/670/560 1274/671/561
f 1307/704/593 1274/671/561 1296/693/583
f 1307/704/593 1306/703/460 1274/671/561
f 1308/705/594 1296/693/583 1303/700/590
f 1308/705/594 1307/704/593 1296/693/583
f 1309/706/595 1303/700/590 1305/702/592
f 1309/706/595 1308/705/594 1303/700/590
f 1310/707/467 1309/706/595 1305/702/592
f 1304/701/591 1302/699/589 1311/708/551
f 1302/699/589 1301/698/588 1311/708/551
f 1311/708/551 1301/698/588 1312/709/596
f 1301/698/588 1300/697/587 1312/709/596
f 1312/709/596 1300/697/587 1313/710/597
f 1300/697/587 1299/696/586 1313/710/597
f 1313/710/597 1299/696/586 1314/711/598
f 1299/696/586 1298/695/585 1314/711/598
f 1314/711/598 1298/695/585 1315/712/599
f 1298/695/585 1316/713/600 1315/712/599
f 1298/695/585 1297/694/584 1316/713/600
f 1297/694/584 1317/714/601 1316/713/600
f 1297/694/584 1284/681/571 1317/714/601
f 1284/681/571 1282/679/569 1318/715/602
f 1284/681/571 1318/715/602 1317/714/601
f 1258/655/548 1257/654/547 1319/716/603
f 1282/679/569 1319/716/603 1318/715/602
f 1282/679/569 1258/655/548 1319/716/603
f 1320/717/604 1321/718/605 1322/719/606
f 1322/719/606 1321/718/605 1323/720/607
f 1322/719/606 1323/720/607 1324/721/608
f 1324/721/608 1323/720/607 1325/722/609
f 1326/723/610 1325/722/609 1323/720/607
f 1327/724/611 1325/722/609 1326/723/610
f 1328/725/612 1329/726/613 1330/727/614
f 1331/728/615 1328/725/612 1330/727/614
f 1331/728/615 1330/727/614 1332/729/616
f 1333/730/617 1331/728/615 1332/729/616
f 1328/725/612 1334/731/618 1329/726/613
f 1334/731/618 1335/732/619 1329/726/613
f 1336/733/620 1334/731/618 1328/725/612
f 1337/734/621 1336/733/620 1328/725/612
f 1337/734/621 1328/725/612 1331/728/615
f 1338/735/622 1331/728/615 1333/730/617
f 1338/735/622 1337/734/621 1331/728/615
f 1339/736/623 1338/735/622 1333/730/617
f 1334/731/618 1340/737/624 1335/732/619
f 1340/737/624 1341/738/625 1335/732/619
f 1336/733/620 1342/739/626 1334/731/618
f 1342/739/626 1340/737/624 1334/731/618
f 1343/740/627 1342/739/626 1336/733/620
f 1344/741/628 1343/740/627 1336/733/620
f 1344/741/628 1336/733/620 1337/734/621
f 1345/742/629 1337/734/621 1338/735/622
f 1345/742/629 1344/741/628 1337/734/621
f 1346/743/630 1345/742/629 1338/735/622
f 1346/743/630 1338/735/622 1339/736/623
f 1347/744/631 1346/743/630 1339/736/623
f 1340/737/624 1348/745/632 1341/738/625
f 1348/745/632 1349/746/633 1341/738/625
f 1342/739/626 1350/747/634 1340/737/624
f 1350/747/634 1348/745/632 1340/737/624
f 1351/748/635 1350/747/634 1342/739/626
f 1343/740/627 1351/748/635 1342/739/626
f 1352/749/636 1351/748/635 1343/740/627
f 1353/750/637 1343/740/627 1344/741/628
f 1353/750/637 1352/749/636 1343/740/627
f 1354/751/638 1344/741/628 1345/742/629
f 1354/751/638 1353/750/637 1344/741/628
f 1355/752/639 1354/751/638 1345/742/629
f 1355/752/639 1345/742/629 1346/743/630
f 1356/753/640 1346/743/630 1347/744/631
f 1356/753/640 1355/752/639 1346/743/630
f 1357/754/641 1356/753/640 1347/744/631
f 1358/755/607 1356/753/640 1357/754/641
f 1359/756/642 1358/755/607 1357/754/641
f 1360/757/605 1355/752/639 1356/753/640
f 1358/755/607 1360/757/605 1356/753/640
f 1361/758/604 1354/751/638 1355/752/639
f 1360/757/605 1361/758/604 1355/752/639
f 1362/759/606 1353/750/637 1354/751/638
f 1361/758/604 1362/759/606 1354/751/638
f 1362/759/606 1363/760/608 1353/750/637
f 1363/760/608 1352/749/636 1353/750/637
f 1363/760/608 1364/761/609 1352/749/636
f 1352/749/636 1365/762/643 1351/748/635
f 1364/761/609 1365/762/643 1352/749/636
f 1365/762/643 1366/763/644 1351/748/635
f 1351/748/635 1366/763/644 1350/747/634
f 1350/747/634 1367/764/645 1348/745/632
f 1366/763/644 1367/764/645 1350/747/634
f 1348/745/632 1368/765/646 1349/746/633
f 1367/764/645 1368/765/646 1348/745/632
f 1368/765/646 1369/766/647 1349/746/633
f 1357/754/641 1347/744/631 1370/767/648
f 1347/744/631 1339/736/623 1371/768/649
f 1370/767/648 1347/744/631 1371/768/649
f 1372/769/650 1357/754/641 1370/767/648
f 1359/756/642 1357/754/641 1372/769/650
f 1373/770/651 1359/756/642 1372/769/650
f 1373/770/651 1372/769/650 1374/771/652
f 1375/772/609 1373/770/651 1374/771/652
f 1374/771/652 1372/769/650 1376/773/653
f 1372/769/650 1370/767/648 1376/773/653
f 1370/767/648 1371/768/649 1377/774/654
f 1376/773/653 1370/767/648 1377/774/654
f 1377/774/654 1371/768/649 1378/775/646
f 1371/768/649 1339/736/623 1379/776/655
f 1339/736/623 1333/730/617 1379/776/655
f 1371/768/649 1379/776/655 1378/775/646
f 1378/775/646 1379/776/655 1380/777/656
f 1379/776/655 1381/778/657 1380/777/656
f 1333/730/617 1332/729/616 1381/778/657
f 1379/776/655 1333/730/617 1381/778/657
f 1380/777/656 1381/778/657 1382/779/658
f 1381/778/657 1332/729/616 1383/780/659
f 1381/778/657 1383/780/659 1382/779/658
f 1382/779/658 1383/780/659 1384/781/660
f 1383/780/659 1385/782/661 1384/781/660
f 1332/729/616 1386/783/662 1383/780/659
f 1383/780/659 1386/783/662 1385/782/661
f 1332/729/616 1330/727/614 1386/783/662
f 1386/783/662 1387/784/663 1385/782/661
f 1330/727/614 1388/785/664 1386/783/662
f 1330/727/614 1329/726/613 1388/785/664
f 1386/783/662 1388/785/664 1387/784/663
f 1388/785/664 1389/786/665 1387/784/663
f 1349/746/633 1369/766/647 1390/787/666
f 1341/738/625 1349/746/633 1391/788/667
f 1349/746/633 1390/787/666 1391/788/667
f 1335/732/619 1341/738/625 1392/789/668
f 1341/738/625 1391/788/667 1392/789/668
f 1335/732/619 1392/789/668 1393/790/669
f 1388/785/664 1393/790/669 1389/786/665
f 1329/726/613 1335/732/619 1393/790/669
f 1329/726/613 1393/790/669 1388/785/664
f 1393/790/669 1392/789/668 1394/791/670
f 1393/790/669 1394/791/670 1389/786/665
f 1392/789/668 1391/788/667 1395/792/671
f 1392/789/668 1395/792/671 1394/791/670
f 1391/788/667 1396/793/672 1395/792/671
f 1391/788/667 1390/787/666 1396/793/672
f 1390/787/666 1397/794/673 1396/793/672
f 1369/766/647 1398/795/674 1390/787/666
f 1390/787/666 1398/795/674 1397/794/673
f 1398/795/674 1399/796/675 1397/794/673
f 1400/797/676 1401/798/677 1402/799/678
f 1400/797/676 1402/799/678 1403/800/679
f 1404/801/680 1400/797/676 1403/800/679
f 1403/800/679 1402/799/678 1405/802/681
f 1406/803/682 1401/798/677 1400/797/676
f 1406/803/682 1407/804/683 1401/798/677
f 1408/805/684 1406/803/682 1400/797/676
f 1408/805/684 1400/797/676 1404/801/680
f 1409/806/685 1408/805/684 1404/801/680
f 1410/807/686 1411/808/687 1412/809/688
f 1412/809/688 1413/810/689 1409/806/685
f 1413/810/689 1408/805/684 1409/806/685
f 1411/808/687 1413/810/689 1412/809/688
f 1413/810/689 1414/811/690 1408/805/684
f 1414/811/690 1406/803/682 1408/805/684
f 1415/812/691 1407/804/683 1406/803/682
f 1414/811/690 1415/812/691 1406/803/682
f 1415/812/691 1416/813/692 1407/804/683
f 1416/813/692 1417/814/693 1407/804/683
f 1407/804/683 1418/815/694 1401/798/677
f 1407/804/683 1417/814/693 1418/815/694
f 1401/798/677 1418/815/694 1419/816/695
f 1401/798/677 1419/816/695 1402/799/678
f 1402/799/678 1420/817/696 1405/802/681
f 1402/799/678 1419/816/695 1420/817/696
f 1405/802/681 1420/817/696 1421/818/697
f 1422/819/698 1414/811/690 1413/810/689
f 1411/808/687 1422/819/698 1413/810/689
f 1422/819/698 1423/820/699 1414/811/690
f 1423/820/699 1415/812/691 1414/811/690
f 1424/821/700 1416/813/692 1415/812/691
f 1423/820/699 1424/821/700 1415/812/691
f 1424/821/700 1425/822/701 1416/813/692
f 1416/813/692 1426/823/702 1417/814/693
f 1425/822/701 1426/823/702 1416/813/692
f 1426/823/702 1427/824/703 1417/814/693
f 1417/814/693 1427/824/703 1428/825/704
f 1417/814/693 1428/825/704 1418/815/694
f 1418/815/694 1429/826/705 1419/816/695
f 1418/815/694 1428/825/704 1429/826/705
f 1419/816/695 1430/827/706 1420/817/696
f 1419/816/695 1429/826/705 1430/827/706
f 1420/817/696 1431/828/707 1421/818/697
f 1420/817/696 1430/827/706 1431/828/707
f 1421/818/697 1431/828/707 1432/829/708
f 1431/828/707 1433/830/709 1432/829/708
f 1432/829/708 1433/830/709 1434/831/686
f 1430/827/706 1435/832/710 1431/828/707
f 1431/828/707 1435/832/710 1433/830/709
f 1429/826/705 1436/833/711 1430/827/706
f 1430/827/706 1436/833/711 1435/832/710
f 1429/826/705 1437/834/712 1436/833/711
f 1428/825/704 1437/834/712 1429/826/705
f 1428/825/704 1438/835/713 1437/834/712
f 1427/824/703 1438/835/713 1428/825/704
f 1433/830/709 1439/836/714 1434/831/686
f 1433/830/709 1440/837/715 1439/836/714
f 1435/832/710 1440/837/715 1433/830/709
f 1436/833/711 1441/838/716 1435/832/710
f 1435/832/710 1441/838/716 1440/837/715
f 1437/834/712 1442/839/717 1436/833/711
f 1436/833/711 1442/839/717 1441/838/716
f 1438/835/713 1443/840/718 1437/834/712
f 1437/834/712 1443/840/718 1442/839/717
f 1440/837/715 1444/841/719 1439/836/714
f 1441/838/716 1445/842/720 1440/837/715
f 1440/837/715 1445/842/720 1444/841/719
f 1442/839/717 1446/843/721 1441/838/716
f 1441/838/716 1446/843/721 1445/842/720
f 1443/840/718 1447/844/722 1442/839/717
f 1442/839/717 1447/844/722 1446/843/721
f 1445/842/720 1448/845/723 1444/841/719
f 1446/843/721 1449/846/724 1445/842/720
f 1445/842/720 1449/846/724 1448/845/723
f 1447/844/722 1450/847/725 1446/843/721
f 1446/843/721 1450/847/725 1449/846/724
f 1449/846/724 1451/848/726 1448/845/723
f 1450/847/725 1452/849/727 1449/846/724
f 1449/846/724 1452/849/727 1451/848/726
f 1452/849/727 1453/850/728 1451/848/726
f 1454/851/729 1455/852/730 1456/853/731
f 1457/854/732 1454/851/729 1456/853/731
f 1458/855/733 1454/851/729 1457/854/732
f 1459/856/734 1458/855/733 1457/854/732
f 1459/856/734 1457/854/732 1460/857/735
f 1461/858/736 1459/856/734 1460/857/735
f 1460/857/735 1457/854/732 1462/859/737
f 1457/854/732 1456/853/731 1462/859/737
f 1462/859/737 1456/853/731 1463/860/738
f 1456/853/731 1455/852/730 1464/861/739
f 1456/853/731 1464/861/739 1463/860/738
f 1455/852/730 1465/862/740 1464/861/739
f 1455/852/730 1466/863/741 1465/862/740
f 1454/851/729 1467/864/742 1455/852/730
f 1467/864/742 1466/863/741 1455/852/730
f 1468/865/743 1467/864/742 1454/851/729
f 1458/855/733 1468/865/743 1454/851/729
f 1469/866/744 1468/865/743 1458/855/733
f 1470/867/745 1458/855/733 1459/856/734
f 1470/867/745 1469/866/744 1458/855/733
f 1471/868/746 1459/856/734 1461/858/736
f 1471/868/746 1470/867/745 1459/856/734
f 1472/869/747 1471/868/746 1461/858/736
f 1472/869/747 1461/858/736 1473/870/748
f 1474/871/749 1472/869/747 1473/870/748
f 1461/858/736 1460/857/735 1475/872/750
f 1473/870/748 1461/858/736 1475/872/750
f 1460/857/735 1462/859/737 1476/873/751
f 1475/872/750 1460/857/735 1476/873/751
f 1462/859/737 1463/860/738 1477/874/752
f 1476/873/751 1462/859/737 1477/874/752
f 1477/874/752 1463/860/738 1478/875/753
f 1463/860/738 1464/861/739 1479/876/754
f 1463/860/738 1479/876/754 1478/875/753
f 1464/861/739 1465/862/740 1480/877/755
f 1464/861/739 1480/877/755 1479/876/754
f 1465/862/740 1481/878/756 1480/877/755
f 1466/863/741 1482/879/757 1465/862/740
f 1465/862/740 1482/879/757 1481/878/756
f 1466/863/741 1483/880/758 1482/879/757
f 1467/864/742 1484/881/759 1466/863/741
f 1484/881/759 1483/880/758 1466/863/741
f 1468/865/743 1485/882/760 1467/864/742
f 1485/882/760 1484/881/759 1467/864/742
f 1483/880/758 1486/883/761 1482/879/757
f 1483/880/758 1487/884/762 1486/883/761
f 1482/879/757 1488/885/763 1481/878/756
f 1482/879/757 1486/883/761 1488/885/763
f 1481/878/756 1488/885/763 1489/886/764
f 1480/877/755 1481/878/756 1490/887/765
f 1481/878/756 1489/886/764 1490/887/765
f 1480/877/755 1490/887/765 1491/888/766
f 1479/876/754 1480/877/755 1491/888/766
f 1478/875/753 1479/876/754 1492/889/767
f 1479/876/754 1491/888/766 1492/889/767
f 1478/875/753 1492/889/767 1493/890/768
f 1477/874/752 1478/875/753 1494/891/769
f 1494/891/769 1478/875/753 1493/890/768
f 1476/873/751 1477/874/752 1495/892/770
f 1495/892/770 1477/874/752 1494/891/769
f 1475/872/750 1476/873/751 1496/893/771
f 1496/893/771 1476/873/751 1495/892/770
f 1488/885/763 1497/894/772 1489/886/764
f 1486/883/761 1498/895/773 1488/885/763
f 1488/885/763 1498/895/773 1497/894/772
f 1486/883/761 1499/896/774 1498/895/773
f 1487/884/762 1499/896/774 1486/883/761
f 1498/895/773 1500/897/775 1497/894/772
f 1499/896/774 1501/898/776 1498/895/773
f 1498/895/773 1501/898/776 1500/897/775
f 1501/898/776 1502/899/777 1500/897/775
f 1473/870/748 1475/872/750 1503/900/778
f 1503/900/778 1475/872/750 1496/893/771
f 1474/871/749 1473/870/748 1504/901/779
f 1504/901/779 1473/870/748 1503/900/778
f 1505/902/780 1474/871/749 1504/901/779
f 1506/903/781 1474/871/749 1505/902/780
f 1507/904/782 1506/903/781 1505/902/780
f 1508/905/783 1506/903/781 1507/904/782
f 1509/906/768 1508/905/783 1507/904/782
f 1469/866/744 1510/907/784 1468/865/743
f 1510/907/784 1485/882/760 1468/865/743
f 1511/908/785 1510/907/784 1469/866/744
f 1512/909/786 1511/908/785 1469/866/744
f 1512/909/786 1469/866/744 1470/867/745
f 1513/910/787 1470/867/745 1471/868/746
f 1513/910/787 1512/909/786 1470/867/745
f 1514/911/788 1471/868/746 1472/869/747
f 1514/911/788 1513/910/787 1471/868/746
f 1515/912/789 1514/911/788 1472/869/747
f 1515/912/789 1472/869/747 1474/871/749
f 1506/903/781 1515/912/789 1474/871/749
f 1508/905/783 1516/913/766 1506/903/781
f 1516/913/766 1515/912/789 1506/903/781
f 1517/914/765 1514/911/788 1515/912/789
f 1516/913/766 1517/914/765 1515/912/789
f 1518/915/790 1513/910/787 1514/911/788
f 1517/914/765 1518/915/790 1514/911/788
f 1518/915/790 1519/916/791 1513/910/787
f 1519/916/791 1512/909/786 1513/910/787
f 1520/917/775 1511/908/785 1512/909/786
f 1519/916/791 1520/917/775 1512/909/786
f 1520/917/775 1521/918/792 1511/908/785
f 1511/908/785 1522/919/793 1510/907/784
f 1521/918/792 1522/919/793 1511/908/785
f 1522/919/793 1523/920/794 1510/907/784
f 1510/907/784 1523/920/794 1485/882/760
f 1485/882/760 1524/921/795 1484/881/759
f 1523/920/794 1524/921/795 1485/882/760
f 1484/881/759 1525/922/796 1483/880/758
f 1525/922/796 1487/884/762 1483/880/758
f 1524/921/795 1525/922/796 1484/881/759
f 1526/923/500 1527/924/797 1528/925/502
f 1527/924/797 1526/923/500 1529/926/798
f 1530/927/499 1529/926/798 1526/923/500
f 1531/928/512 1529/926/798 1530/927/499
f 1531/928/512 1532/929/799 1529/926/798
f 1533/930/800 1532/929/799 1531/928/512
f 1534/931/801 1535/932/802 1536/933/803
f 1536/933/803 1535/932/802 1537/934/804
f 1536/933/803 1537/934/804 1538/935/805
f 1538/935/805 1537/934/804 1539/936/806
f 1540/937/807 1539/936/806 1537/934/804
f 1541/938/808 1539/936/806 1540/937/807
f 1542/939/809 1543/940/810 1544/941/811
f 1545/942/812 1542/939/809 1544/941/811
f 1542/939/809 1546/943/813 1543/940/810
f 1546/943/813 1547/944/814 1543/940/810
f 1548/945/815 1546/943/813 1542/939/809
f 1549/946/816 1548/945/815 1542/939/809
f 1549/946/816 1542/939/809 1545/942/812
f 1550/947/817 1549/946/816 1545/942/812
f 1546/943/813 1551/948/818 1547/944/814
f 1551/948/818 1552/949/819 1547/944/814
f 1548/945/815 1553/950/820 1546/943/813
f 1553/950/820 1551/948/818 1546/943/813
f 1554/951/821 1553/950/820 1548/945/815
f 1555/952/822 1548/945/815 1549/946/816
f 1555/952/822 1554/951/821 1548/945/815
f 1556/953/823 1549/946/816 1550/947/817
f 1556/953/823 1555/952/822 1549/946/816
f 1557/954/824 1556/953/823 1550/947/817
f 1551/948/818 1558/955/825 1552/949/819
f 1558/955/825 1559/956/826 1552/949/819
f 1560/957/827 1558/955/825 1551/948/818
f 1553/950/820 1560/957/827 1551/948/818
f 1554/951/821 1561/958/828 1553/950/820
f 1561/958/828 1560/957/827 1553/950/820
f 1562/959/829 1561/958/828 1554/951/821
f 1563/960/830 1554/951/821 1555/952/822
f 1563/960/830 1562/959/829 1554/951/821
f 1564/961/831 1563/960/830 1555/952/822
f 1564/961/831 1555/952/822 1556/953/823
f 1565/962/832 1556/953/823 1557/954/824
f 1565/962/832 1564/961/831 1556/953/823
f 1566/963/833 1565/962/832 1557/954/824
f 1566/963/833 1557/954/824 1567/964/834
f 1568/965/835 1565/962/832 1566/963/833
f 1567/964/834 1568/965/835 1566/963/833
f 1568/965/835 1569/966/836 1565/962/832
f 1569/966/836 1564/961/831 1565/962/832
f 1570/967/837 1563/960/830 1564/961/831
f 1569/966/836 1570/967/837 1564/961/831
f 1571/968/838 1562/959/829 1563/960/830
f 1570/967/837 1571/968/838 1563/960/830
f 1562/959/829 1571/968/838 1572/969/839
f 1561/958/828 1562/959/829 1572/969/839
f 1560/957/827 1561/958/828 1573/970/840
f 1561/958/828 1572/969/839 1573/970/840
f 1560/957/827 1573/970/840 1574/971/841
f 1558/955/825 1560/957/827 1574/971/841
f 1574/971/841 1573/970/840 1575/972/842
f 1574/971/841 1575/972/842 1576/973/843
f 1577/974/844 1574/971/841 1576/973/843
f 1559/956/826 1558/955/825 1577/974/844
f 1558/955/825 1574/971/841 1577/974/844
f 1577/974/844 1576/973/843 1578/975/845
f 1579/976/846 1569/966/836 1568/965/835
f 1579/976/846 1580/977/847 1569/966/836
f 1580/977/847 1570/967/837 1569/966/836
f 1581/978/848 1571/968/838 1570/967/837
f 1580/977/847 1581/978/848 1570/967/837
f 1571/968/838 1581/978/848 1582/979/849
f 1572/969/839 1571/968/838 1582/979/849
f 1573/970/840 1572/969/839 1583/980/850
f 1572/969/839 1582/979/849 1583/980/850
f 1573/970/840 1583/980/850 1575/972/842
f 1584/981/851 1577/974/844 1578/975/845
f 1559/956/826 1577/974/844 1584/981/851
f 1552/949/819 1559/956/826 1584/981/851
f 1584/981/851 1578/975/845 1585/982/852
f 1586/983/853 1584/981/851 1585/982/852
f 1547/944/814 1552/949/819 1586/983/853
f 1552/949/819 1584/981/851 1586/983/853
f 1586/983/853 1585/982/852 1587/984/854
f 1543/940/810 1547/944/814 1588/985/855
f 1588/985/855 1586/983/853 1587/984/854
f 1547/944/814 1586/983/853 1588/985/855
f 1588/985/855 1587/984/854 1589/986/856
f 1590/987/857 1588/985/855 1589/986/856
f 1544/941/811 1543/940/810 1590/987/857
f 1543/940/810 1588/985/855 1590/987/857
f 1590/987/857 1589/986/856 1591/988/858
f 1592/989/859 1590/987/857 1591/988/858
f 1544/941/811 1590/987/857 1592/989/859
f 1545/942/812 1544/941/811 1592/989/859
f 1592/989/859 1591/988/858 1593/990/860
f 1550/947/817 1545/942/812 1594/991/861
f 1594/991/861 1592/989/859 1593/990/860
f 1545/942/812 1592/989/859 1594/991/861
f 1594/991/861 1593/990/860 1595/992/862
f 1557/954/824 1550/947/817 1596/993/863
f 1550/947/817 1594/991/861 1596/993/863
f 1557/954/824 1596/993/863 1567/964/834
f 1596/993/863 1594/991/861 1595/992/862
f 1567/964/834 1596/993/863 1597/994/864
f 1596/993/863 1595/992/862 1597/994/864
f 1597/994/864 1598/995/865 1567/964/834
f 1598/995/865 1568/965/835 1567/964/834
f 1598/995/865 1579/976/846 1568/965/835
f 1599/996/866 1600/997/867 1601/998/868
f 1602/999/869 1599/996/866 1601/998/868
f 1602/999/869 1601/998/868 1603/1000/870
f 1604/1001/871 1599/996/866 1602/999/869
f 1605/1002/872 1602/999/869 1603/1000/870
f 1605/1002/872 1603/1000/870 1606/1003/873
f 1607/1004/874 1604/1001/871 1602/999/869
f 1607/1004/874 1602/999/869 1605/1002/872
f 1608/1005/875 1604/1001/871 1607/1004/874
f 1609/1006/876 1608/1005/875 1607/1004/874
f 1610/1007/877 1607/1004/874 1605/1002/872
f 1609/1006/876 1607/1004/874 1610/1007/877
f 1610/1007/877 1605/1002/872 1611/1008/878
f 1611/1008/878 1605/1002/872 1606/1003/873
f 1611/1008/878 1606/1003/873 1612/1009/879
f 1613/1010/880 1611/1008/878 1612/1009/879
f 1613/1010/880 1612/1009/879 1614/1011/881
f 1615/1012/882 1613/1010/880 1614/1011/881
f 1615/1012/882 1614/1011/881 1616/1013/883
f 1617/1014/884 1615/1012/882 1616/1013/883
f 1617/1014/884 1616/1013/883 1618/1015/885
f 1619/1016/886 1617/1014/884 1618/1015/885
f 1619/1016/886 1618/1015/885 1620/1017/887
f 1621/1018/888 1619/1016/886 1620/1017/887
f 1622/1019/889 1619/1016/886 1621/1018/888
f 1623/1020/890 1622/1019/889 1621/1018/888
f 1624/1021/891 1622/1019/889 1623/1020/890
f 1625/1022/892 1615/1012/882 1617/1014/884
f 1625/1022/892 1626/1023/893 1615/1012/882
f 1626/1023/893 1613/1010/880 1615/1012/882
f 1627/1024/894 1617/1014/884 1619/1016/886
f 1622/1019/889 1627/1024/894 1619/1016/886
f 1627/1024/894 1625/1022/892 1617/1014/884
f 1624/1021/891 1628/1025/895 1622/1019/889
f 1628/1025/895 1627/1024/894 1622/1019/889
f 1629/1026/896 1628/1025/895 1624/1021/891
f 1630/1027/897 1629/1026/896 1624/1021/891
f 1631/1028/898 1629/1026/896 1630/1027/897
f 1632/1029/899 1631/1028/898 1630/1027/897
f 1633/1030/900 1631/1028/898 1632/1029/899
f 1634/1031/901 1633/1030/900 1632/1029/899
f 1635/1032/902 1633/1030/900 1634/1031/901
f 1636/1033/903 1635/1032/902 1634/1031/901
f 1630/1027/897 1624/1021/891 1637/1034/904
f 1637/1034/904 1624/1021/891 1623/1020/890
f 1632/1029/899 1630/1027/897 1638/1035/905
f 1638/1035/905 1630/1027/897 1637/1034/904
f 1639/1036/906 1632/1029/899 1638/1035/905
f 1634/1031/901 1632/1029/899 1639/1036/906
f 1636/1033/903 1634/1031/901 1640/1037/907
f 1640/1037/907 1634/1031/901 1639/1036/906
f 1641/1038/908 1636/1033/903 1640/1037/907
f 1642/1039/909 1643/1040/910 1644/1041/911
f 1643/1040/910 1645/1042/912 1644/1041/911
f 1643/1040/910 1646/1043/913 1645/1042/912
f 1646/1043/913 1647/1044/914 1645/1042/912
f 1645/1042/912 1647/1044/914 1648/1045/915
f 1649/1046/916 1609/1006/876 1610/1007/877
f 1647/1044/914 1649/1046/916 1648/1045/915
f 1648/1045/915 1650/1047/917 1626/1023/893
f 1648/1045/915 1649/1046/916 1650/1047/917
f 1626/1023/893 1650/1047/917 1613/1010/880
f 1650/1047/917 1611/1008/878 1613/1010/880
f 1650/1047/917 1610/1007/877 1611/1008/878
f 1649/1046/916 1610/1007/877 1650/1047/917
f 1645/1042/912 1648/1045/915 1651/1048/918
f 1651/1048/918 1648/1045/915 1626/1023/893
f 1651/1048/918 1626/1023/893 1625/1022/892
f 1644/1041/911 1645/1042/912 1651/1048/918
f 1644/1041/911 1651/1048/918 1652/1049/919
f 1652/1049/919 1651/1048/918 1625/1022/892
f 1652/1049/919 1625/1022/892 1627/1024/894
f 1628/1025/895 1652/1049/919 1627/1024/894
f 1653/1050/920 1644/1041/911 1652/1049/919
f 1642/1039/909 1644/1041/911 1653/1050/920
f 1653/1050/920 1652/1049/919 1628/1025/895
f 1629/1026/896 1653/1050/920 1628/1025/895
f 1654/1051/921 1653/1050/920 1629/1026/896
f 1654/1051/921 1642/1039/909 1653/1050/920
f 1631/1028/898 1654/1051/921 1629/1026/896
f 1655/1052/922 1654/1051/921 1631/1028/898
f 1633/1030/900 1655/1052/922 1631/1028/898
f 1655/1052/922 1656/1053/923 1654/1051/921
f 1656/1053/923 1642/1039/909 1654/1051/921
f 1656/1053/923 1657/1054/924 1642/1039/909
f 1657/1054/924 1643/1040/910 1642/1039/909
f 1658/1055/925 1646/1043/913 1643/1040/910
f 1657/1054/924 1658/1055/925 1643/1040/910
f 1658/1055/925 1659/1056/926 1646/1043/913
f 1646/1043/913 1660/1057/927 1647/1044/914
f 1659/1056/926 1660/1057/927 1646/1043/913
f 1660/1057/927 1661/1058/928 1647/1044/914
f 1647/1044/914 1661/1058/928 1649/1046/916
f 1661/1058/928 1609/1006/876 1649/1046/916
f 1662/1059/929 1655/1052/922 1633/1030/900
f 1635/1032/902 1662/1059/929 1633/1030/900
f 1662/1059/929 1663/1060/930 1655/1052/922
f 1663/1060/930 1656/1053/923 1655/1052/922
f 1663/1060/930 1664/1061/931 1656/1053/923
f 1664/1061/931 1657/1054/924 1656/1053/923
f 1664/1061/931 1665/1062/932 1657/1054/924
f 1665/1062/932 1658/1055/925 1657/1054/924
f 1666/1063/933 1659/1056/926 1658/1055/925
f 1665/1062/932 1666/1063/933 1658/1055/925
f 1666/1063/933 1667/1064/934 1659/1056/926
f 1667/1064/934 1668/1065/935 1659/1056/926
f 1659/1056/926 1668/1065/935 1660/1057/927
f 1660/1057/927 1669/1066/936 1661/1058/928
f 1668/1065/935 1669/1066/936 1660/1057/927
f 1670/1067/937 1608/1005/875 1609/1006/876
f 1669/1066/936 1670/1067/937 1661/1058/928
f 1661/1058/928 1670/1067/937 1609/1006/876
f 1671/1068/803 1672/1069/938 1673/1070/939
f 1672/1069/938 1674/1071/940 1673/1070/939
f 1672/1069/938 1675/1072/806 1674/1071/940
f 1673/1070/939 1674/1071/940 1676/1073/941
f 1675/1072/806 1677/1074/808 1678/1075/942
f 1675/1072/806 1678/1075/942 1674/1071/940
f 1674/1071/940 1678/1075/942 1679/1076/943
f 1674/1071/940 1679/1076/943 1676/1073/941
f 1676/1073/941 1679/1076/943 1680/1077/944
f 1676/1073/941 1680/1077/944 1681/1078/945
f 1673/1070/939 1676/1073/941 1682/1079/946
f 1682/1079/946 1676/1073/941 1681/1078/945
f 1683/1080/947 1673/1070/939 1682/1079/946
f 1671/1068/803 1673/1070/939 1683/1080/947
f 1684/1081/801 1671/1068/803 1683/1080/947
f 1677/1074/808 1685/1082/948 1678/1075/942
f 1677/1074/808 1686/1083/949 1685/1082/948
f 1678/1075/942 1685/1082/948 1687/1084/950
f 1678/1075/942 1687/1084/950 1679/1076/943
f 1679/1076/943 1688/1085/951 1680/1077/944
f 1679/1076/943 1687/1084/950 1688/1085/951
f 1680/1077/944 1688/1085/951 1689/1086/952
f 1680/1077/944 1689/1086/952 1690/1087/953
f 1681/1078/945 1680/1077/944 1690/1087/953
f 1681/1078/945 1690/1087/953 1691/1088/954
f 1682/1079/946 1681/1078/945 1692/1089/955
f 1692/1089/955 1681/1078/945 1691/1088/954
f 1693/1090/956 1682/1079/946 1692/1089/955
f 1683/1080/947 1682/1079/946 1693/1090/956
f 1694/1091/957 1683/1080/947 1693/1090/956
f 1684/1081/801 1683/1080/947 1694/1091/957
f 1695/1092/958 1684/1081/801 1694/1091/957
f 1690/1087/953 1689/1086/952 1696/1093/959
f 1691/1088/954 1690/1087/953 1697/1094/960
f 1690/1087/953 1696/1093/959 1697/1094/960
f 1691/1088/954 1697/1094/960 1698/1095/961
f 1699/1096/962 1691/1088/954 1698/1095/961
f 1692/1089/955 1691/1088/954 1699/1096/962
f 1700/1097/963 1692/1089/955 1699/1096/962
f 1693/1090/956 1692/1089/955 1700/1097/963
f 1701/1098/964 1693/1090/956 1700/1097/963
f 1694/1091/957 1693/1090/956 1701/1098/964
f 1702/1099/965 1694/1091/957 1701/1098/964
f 1695/1092/958 1694/1091/957 1702/1099/965
f 1703/1100/966 1695/1092/958 1702/1099/965
f 1698/1095/961 1697/1094/960 1704/1101/967
f 1697/1094/960 1705/1102/968 1704/1101/967
f 1697/1094/960 1696/1093/959 1705/1102/968
f 1696/1093/959 1706/1103/969 1705/1102/968
f 1706/1103/969 1707/1104/375 1708/1105/970
f 1705/1102/968 1706/1103/969 1708/1105/970
f 1705/1102/968 1708/1105/970 1709/1106/971
f 1704/1101/967 1705/1102/968 1709/1106/971
f 1689/1086/952 1710/1107/328 1696/1093/959
f 1689/1086/952 1711/1108/972 1710/1107/328
f 1688/1085/951 1711/1108/972 1689/1086/952
f 1688/1085/951 1712/1109/973 1711/1108/972
f 1687/1084/950 1712/1109/973 1688/1085/951
f 1687/1084/950 1713/1110/974 1712/1109/973
f 1685/1082/948 1713/1110/974 1687/1084/950
f 1685/1082/948 1714/1111/975 1713/1110/974
f 1686/1083/949 1714/1111/975 1685/1082/948
f 1686/1083/949 1715/1112/976 1714/1111/975
f 1715/1112/976 1716/1113/965 1714/1111/975
f 1714/1111/975 1717/1114/977 1713/1110/974
f 1714/1111/975 1716/1113/965 1717/1114/977
f 1716/1113/965 1718/1115/964 1717/1114/977
f 1717/1114/977 1718/1115/964 1719/1116/978
f 1718/1115/964 1720/1117/963 1719/1116/978
f 1719/1116/978 1720/1117/963 1721/1118/979
f 1720/1117/963 1722/1119/962 1721/1118/979
f 1721/1118/979 1722/1119/962 1723/1120/980
f 1721/1118/979 1723/1120/980 1724/1121/981
f 1719/1116/978 1721/1118/979 1725/1122/982
f 1725/1122/982 1721/1118/979 1724/1121/981
f 1725/1122/982 1724/1121/981 1726/1123/983
f 1723/1120/980 1727/1124/984 1728/1125/985
f 1724/1121/981 1723/1120/980 1728/1125/985
f 1726/1123/983 1724/1121/981 1729/1126/986
f 1724/1121/981 1728/1125/985 1729/1126/986
f 1726/1123/983 1729/1126/986 1730/1127/987
f 1731/1128/988 1726/1123/983 1730/1127/987
f 1711/1108/972 1731/1128/988 1710/1107/328
f 1732/1129/989 1725/1122/982 1726/1123/983
f 1712/1109/973 1732/1129/989 1711/1108/972
f 1732/1129/989 1726/1123/983 1731/1128/988
f 1711/1108/972 1732/1129/989 1731/1128/988
f 1713/1110/974 1733/1130/990 1712/1109/973
f 1712/1109/973 1733/1130/990 1732/1129/989
f 1733/1130/990 1725/1122/982 1732/1129/989
f 1713/1110/974 1717/1114/977 1733/1130/990
f 1717/1114/977 1719/1116/978 1733/1130/990
f 1733/1130/990 1719/1116/978 1725/1122/982
f 1727/1124/984 1734/1131/991 1735/1132/992
f 1728/1125/985 1727/1124/984 1735/1132/992
f 1728/1125/985 1735/1132/992 1736/1133/993
f 1729/1126/986 1728/1125/985 1736/1133/993
f 1729/1126/986 1736/1133/993 1737/1134/994
f 1730/1127/987 1729/1126/986 1737/1134/994
f 1730/1127/987 1737/1134/994 1738/1135/995
f 1731/1128/988 1730/1127/987 1739/1136/996
f 1739/1136/996 1730/1127/987 1738/1135/995
f 1710/1107/328 1731/1128/988 1739/1136/996
f 1723/1120/980 1740/1137/961 1727/1124/984
f 1722/1119/962 1740/1137/961 1723/1120/980
f 1740/1137/961 1741/1138/997 1727/1124/984
f 1727/1124/984 1741/1138/997 1734/1131/991
f 1741/1138/997 1742/1139/971 1734/1131/991
f 1743/1140/998 1744/1141/999 1745/1142/1000
f 1744/1141/999 1743/1140/998 1746/1143/1001
f 1747/1144/1002 1746/1143/1001 1743/1140/998
f 1748/1145/1003 1746/1143/1001 1747/1144/1002
f 1748/1145/1003 1749/1146/1004 1746/1143/1001
f 1750/1147/1005 1749/1146/1004 1748/1145/1003
f 1421/818/697 1432/829/708 1751/1148/1006
f 1405/802/681 1421/818/697 1752/1149/1007
f 1752/1149/1007 1421/818/697 1751/1148/1006
f 1753/1150/1008 1405/802/681 1752/1149/1007
f 1403/800/679 1405/802/681 1753/1150/1008
f 1754/1151/1009 1403/800/679 1753/1150/1008
f 1404/801/680 1403/800/679 1754/1151/1009
f 1755/1152/1010 1404/801/680 1754/1151/1009
f 1409/806/685 1404/801/680 1755/1152/1010
f 1412/809/688 1409/806/685 1756/1153/1011
f 1756/1153/1011 1409/806/685 1755/1152/1010
f 1410/807/686 1412/809/688 1757/1154/1012
f 1757/1154/1012 1412/809/688 1756/1153/1011
f 1758/1155/1013 1410/807/686 1757/1154/1012
f 1758/1155/1013 1757/1154/1012 1759/1156/1014
f 1760/1157/1015 1758/1155/1013 1759/1156/1014
f 1757/1154/1012 1756/1153/1011 1761/1158/1016
f 1759/1156/1014 1757/1154/1012 1761/1158/1016
f 1761/1158/1016 1756/1153/1011 1762/1159/1017
f 1756/1153/1011 1755/1152/1010 1762/1159/1017
f 1762/1159/1017 1755/1152/1010 1763/1160/1018
f 1755/1152/1010 1754/1151/1009 1763/1160/1018
f 1763/1160/1018 1754/1151/1009 1764/1161/1019
f 1754/1151/1009 1753/1150/1008 1764/1161/1019
f 1753/1150/1008 1752/1149/1007 1765/1162/1020
f 1764/1161/1019 1753/1150/1008 1765/1162/1020
f 1765/1162/1020 1752/1149/1007 1766/1163/1021
f 1752/1149/1007 1751/1148/1006 1766/1163/1021
f 1766/1163/1021 1751/1148/1006 1767/1164/1015
f 1751/1148/1006 1432/829/708 1768/1165/1022
f 1432/829/708 1434/831/686 1768/1165/1022
f 1751/1148/1006 1768/1165/1022 1767/1164/1015
f 1769/1166/1023 1770/1167/1024 1771/1168/1025
f 1769/1166/1023 1772/1169/1026 1770/1167/1024
f 1772/1169/1026 1773/1170/1005 1770/1167/1024
f 1774/1171/1001 1772/1169/1026 1769/1166/1023
f 1773/1170/1005 1775/1172/1003 1776/1173/1027
f 1770/1167/1024 1773/1170/1005 1776/1173/1027
f 1771/1168/1025 1770/1167/1024 1777/1174/1028
f 1770/1167/1024 1776/1173/1027 1777/1174/1028
f 1771/1168/1025 1777/1174/1028 1778/1175/1029
f 1776/1173/1027 1775/1172/1003 1779/1176/1030
f 1775/1172/1003 1780/1177/1031 1779/1176/1030
f 1777/1174/1028 1776/1173/1027 1781/1178/1032
f 1776/1173/1027 1779/1176/1030 1781/1178/1032
f 1777/1174/1028 1781/1178/1032 1782/1179/1033
f 1778/1175/1029 1777/1174/1028 1782/1179/1033
f 1778/1175/1029 1782/1179/1033 1783/1180/1034
f 1784/1181/1035 1778/1175/1029 1783/1180/1034
f 1784/1181/1035 1783/1180/1034 1785/1182/1036
f 1786/1183/1037 1771/1168/1025 1778/1175/1029
f 1786/1183/1037 1778/1175/1029 1784/1181/1035
f 1787/1184/1038 1769/1166/1023 1771/1168/1025
f 1787/1184/1038 1771/1168/1025 1786/1183/1037
f 1788/1185/1039 1769/1166/1023 1787/1184/1038
f 1788/1185/1039 1774/1171/1001 1769/1166/1023
f 1789/1186/1040 1774/1171/1001 1788/1185/1039
f 1790/1187/1041 1784/1181/1035 1785/1182/1036
f 1790/1187/1041 1785/1182/1036 1791/1188/1042
f 1792/1189/1043 1784/1181/1035 1790/1187/1041
f 1792/1189/1043 1786/1183/1037 1784/1181/1035
f 1793/1190/1044 1786/1183/1037 1792/1189/1043
f 1793/1190/1044 1787/1184/1038 1786/1183/1037
f 1794/1191/1045 1788/1185/1039 1787/1184/1038
f 1794/1191/1045 1787/1184/1038 1793/1190/1044
f 1795/1192/1046 1789/1186/1040 1788/1185/1039
f 1795/1192/1046 1788/1185/1039 1794/1191/1045
f 1796/1193/1047 1789/1186/1040 1795/1192/1046
f 1797/1194/1048 1793/1190/1044 1792/1189/1043
f 1798/1195/1049 1793/1190/1044 1797/1194/1048
f 1798/1195/1049 1794/1191/1045 1793/1190/1044
f 1799/1196/1050 1795/1192/1046 1794/1191/1045
f 1799/1196/1050 1794/1191/1045 1798/1195/1049
f 1800/1197/1051 1796/1193/1047 1795/1192/1046
f 1800/1197/1051 1795/1192/1046 1799/1196/1050
f 1801/1198/998 1796/1193/1047 1800/1197/1051
f 1802/1199/1052 1801/1198/998 1800/1197/1051
f 1803/1200/1053 1801/1198/998 1802/1199/1052
f 1804/1201/1054 1803/1200/1053 1802/1199/1052
f 1804/1201/1054 1802/1199/1052 1805/1202/1055
f 1806/1203/1056 1804/1201/1054 1805/1202/1055
f 1806/1203/1056 1805/1202/1055 1807/1204/1057
f 1808/1205/1058 1806/1203/1056 1807/1204/1057
f 1808/1205/1058 1807/1204/1057 1809/1206/1059
f 1810/1207/1060 1808/1205/1058 1809/1206/1059
f 1810/1207/1060 1809/1206/1059 1811/1208/1061
f 1805/1202/1055 1802/1199/1052 1812/1209/1062
f 1802/1199/1052 1800/1197/1051 1812/1209/1062
f 1812/1209/1062 1800/1197/1051 1799/1196/1050
f 1807/1204/1057 1805/1202/1055 1813/1210/1063
f 1805/1202/1055 1812/1209/1062 1813/1210/1063
f 1814/1211/1064 1799/1196/1050 1798/1195/1049
f 1812/1209/1062 1799/1196/1050 1814/1211/1064
f 1813/1210/1063 1812/1209/1062 1814/1211/1064
f 1815/1212/1065 1798/1195/1049 1797/1194/1048
f 1814/1211/1064 1798/1195/1049 1815/1212/1065
f 1815/1212/1065 1797/1194/1048 1816/1213/1066
f 1816/1213/1066 1797/1194/1048 1817/1214/1067
f 1817/1214/1067 1792/1189/1043 1790/1187/1041
f 1797/1194/1048 1792/1189/1043 1817/1214/1067
f 1816/1213/1066 1817/1214/1067 1818/1215/1068
f 1818/1215/1068 1817/1214/1067 1819/1216/1069
f 1819/1216/1069 1790/1187/1041 1791/1188/1042
f 1817/1214/1067 1790/1187/1041 1819/1216/1069
f 1818/1215/1068 1819/1216/1069 1820/1217/1070
f 1821/1218/1071 1818/1215/1068 1820/1217/1070
f 1821/1218/1071 1820/1217/1070 1822/1219/1072
f 1823/1220/1073 1821/1218/1071 1822/1219/1072
f 1824/1221/1074 1823/1220/1073 1822/1219/1072
f 1824/1221/1074 1825/1222/1075 1823/1220/1073
f 1826/1223/1076 1816/1213/1066 1818/1215/1068
f 1826/1223/1076 1818/1215/1068 1821/1218/1071
f 1827/1224/1077 1821/1218/1071 1823/1220/1073
f 1827/1224/1077 1826/1223/1076 1821/1218/1071
f 1828/1225/1078 1827/1224/1077 1823/1220/1073
f 1825/1222/1075 1828/1225/1078 1823/1220/1073
f 1829/1226/1079 1816/1213/1066 1826/1223/1076
f 1829/1226/1079 1815/1212/1065 1816/1213/1066
f 1830/1227/1080 1829/1226/1079 1826/1223/1076
f 1830/1227/1080 1826/1223/1076 1827/1224/1077
f 1831/1228/1081 1830/1227/1080 1827/1224/1077
f 1831/1228/1081 1827/1224/1077 1828/1225/1078
f 1832/1229/1082 1831/1228/1081 1828/1225/1078
f 1825/1222/1075 1833/1230/1083 1828/1225/1078
f 1833/1230/1083 1832/1229/1082 1828/1225/1078
f 1834/1231/1084 1833/1230/1083 1825/1222/1075
f 1835/1232/1085 1814/1211/1064 1815/1212/1065
f 1835/1232/1085 1815/1212/1065 1829/1226/1079
f 1813/1210/1063 1814/1211/1064 1835/1232/1085
f 1836/1233/1086 1829/1226/1079 1830/1227/1080
f 1836/1233/1086 1835/1232/1085 1829/1226/1079
f 1837/1234/1087 1830/1227/1080 1831/1228/1081
f 1837/1234/1087 1836/1233/1086 1830/1227/1080
f 1838/1235/1088 1837/1234/1087 1831/1228/1081
f 1838/1235/1088 1831/1228/1081 1832/1229/1082
f 1839/1236/1089 1838/1235/1088 1832/1229/1082
f 1833/1230/1083 1840/1237/1090 1832/1229/1082
f 1840/1237/1090 1839/1236/1089 1832/1229/1082
f 1834/1231/1084 1841/1238/1091 1833/1230/1083
f 1841/1238/1091 1840/1237/1090 1833/1230/1083
f 1842/1239/1092 1841/1238/1091 1834/1231/1084
f 1843/1240/1093 1835/1232/1085 1836/1233/1086
f 1843/1240/1093 1813/1210/1063 1835/1232/1085
f 1807/1204/1057 1813/1210/1063 1843/1240/1093
f 1809/1206/1059 1807/1204/1057 1843/1240/1093
f 1811/1208/1061 1809/1206/1059 1844/1241/1094
f 1844/1241/1094 1836/1233/1086 1837/1234/1087
f 1844/1241/1094 1843/1240/1093 1836/1233/1086
f 1809/1206/1059 1843/1240/1093 1844/1241/1094
f 1845/1242/1095 1844/1241/1094 1837/1234/1087
f 1811/1208/1061 1844/1241/1094 1845/1242/1095
f 1845/1242/1095 1837/1234/1087 1838/1235/1088
f 1846/1243/1096 1838/1235/1088 1839/1236/1089
f 1846/1243/1096 1845/1242/1095 1838/1235/1088
f 1847/1244/1097 1846/1243/1096 1839/1236/1089
f 1840/1237/1090 1848/1245/1098 1839/1236/1089
f 1848/1245/1098 1847/1244/1097 1839/1236/1089
f 1849/1246/1099 1848/1245/1098 1840/1237/1090
f 1841/1238/1091 1849/1246/1099 1840/1237/1090
f 1842/1239/1092 1850/1247/1100 1841/1238/1091
f 1850/1247/1100 1849/1246/1099 1841/1238/1091
f 1851/1248/1101 1850/1247/1100 1842/1239/1092
f 1851/1248/1101 1852/1249/1102 1850/1247/1100
f 1853/1250/1103 1852/1249/1102 1851/1248/1101
f 1850/1247/1100 1854/1251/1104 1849/1246/1099
f 1852/1249/1102 1854/1251/1104 1850/1247/1100
f 1849/1246/1099 1855/1252/1105 1848/1245/1098
f 1854/1251/1104 1855/1252/1105 1849/1246/1099
f 1848/1245/1098 1856/1253/1106 1847/1244/1097
f 1855/1252/1105 1856/1253/1106 1848/1245/1098
f 1846/1243/1096 1847/1244/1097 1857/1254/1107
f 1856/1253/1106 1857/1254/1107 1847/1244/1097
f 1858/1255/1108 1846/1243/1096 1857/1254/1107
f 1859/1256/1109 1845/1242/1095 1846/1243/1096
f 1858/1255/1108 1859/1256/1109 1846/1243/1096
f 1859/1256/1109 1811/1208/1061 1845/1242/1095
f 1860/1257/1036 1811/1208/1061 1859/1256/1109
f 1860/1257/1036 1810/1207/1060 1811/1208/1061
f 1861/1258/1042 1859/1256/1109 1858/1255/1108
f 1861/1258/1042 1860/1257/1036 1859/1256/1109
f 1862/1259/1110 1858/1255/1108 1857/1254/1107
f 1862/1259/1110 1861/1258/1042 1858/1255/1108
f 1863/1260/1111 1862/1259/1110 1857/1254/1107
f 1856/1253/1106 1864/1261/1112 1857/1254/1107
f 1864/1261/1112 1863/1260/1111 1857/1254/1107
f 1855/1252/1105 1865/1262/1113 1856/1253/1106
f 1865/1262/1113 1864/1261/1112 1856/1253/1106
f 1866/1263/1114 1865/1262/1113 1855/1252/1105
f 1854/1251/1104 1866/1263/1114 1855/1252/1105
f 1867/1264/1115 1866/1263/1114 1854/1251/1104
f 1852/1249/1102 1867/1264/1115 1854/1251/1104
f 1868/1265/1116 1867/1264/1115 1852/1249/1102
f 1853/1250/1103 1868/1265/1116 1852/1249/1102
f 1869/1266/1117 1868/1265/1116 1853/1250/1103
f 1870/1267/1118 1869/1266/1117 1853/1250/1103
f 1871/1268/1119 1869/1266/1117 1870/1267/1118
f 1872/1269/1120 1871/1268/1119 1870/1267/1118
f 1872/1269/1120 1870/1267/1118 1873/1270/1121
f 1874/1271/1122 1872/1269/1120 1873/1270/1121
f 1874/1271/1122 1873/1270/1121 1875/1272/1123
f 1876/1273/1124 1874/1271/1122 1875/1272/1123
f 1876/1273/1124 1875/1272/1123 1877/1274/1125
f 1878/1275/1126 1876/1273/1124 1877/1274/1125
f 1878/1275/1126 1877/1274/1125 1879/1276/1127
f 1880/1277/1128 1878/1275/1126 1879/1276/1127
f 1880/1277/1128 1879/1276/1127 1881/1278/1129
f 1882/1279/1130 1880/1277/1128 1881/1278/1129
f 1882/1279/1130 1881/1278/1129 1883/1280/1131
f 1884/1281/1132 1882/1279/1130 1883/1280/1131
f 1884/1281/1132 1883/1280/1131 1885/1282/1133
f 1886/1283/1134 1884/1281/1132 1885/1282/1133
f 1881/1278/1129 1879/1276/1127 1887/1284/1135
f 1883/1280/1131 1881/1278/1129 1888/1285/1136
f 1881/1278/1129 1887/1284/1135 1888/1285/1136
f 1883/1280/1131 1888/1285/1136 1889/1286/1137
f 1885/1282/1133 1883/1280/1131 1889/1286/1137
f 1877/1274/1125 1875/1272/1123 1890/1287/1138
f 1875/1272/1123 1891/1288/1139 1890/1287/1138
f 1875/1272/1123 1873/1270/1121 1891/1288/1139
f 1890/1287/1138 1891/1288/1139 1892/1289/1140
f 1890/1287/1138 1892/1289/1140 1893/1290/1141
f 1879/1276/1127 1877/1274/1125 1894/1291/1142
f 1877/1274/1125 1890/1287/1138 1894/1291/1142
f 1894/1291/1142 1890/1287/1138 1893/1290/1141
f 1879/1276/1127 1894/1291/1142 1887/1284/1135
f 1894/1291/1142 1893/1290/1141 1895/1292/1143
f 1887/1284/1135 1894/1291/1142 1895/1292/1143
f 1887/1284/1135 1895/1292/1143 1896/1293/1144
f 1888/1285/1136 1887/1284/1135 1896/1293/1144
f 1888/1285/1136 1896/1293/1144 1897/1294/1145
f 1889/1286/1137 1888/1285/1136 1897/1294/1145
f 1893/1290/1141 1892/1289/1140 1898/1295/1146
f 1895/1292/1143 1893/1290/1141 1899/1296/1147
f 1893/1290/1141 1898/1295/1146 1899/1296/1147
f 1895/1292/1143 1899/1296/1147 1900/1297/1148
f 1896/1293/1144 1895/1292/1143 1900/1297/1148
f 1896/1293/1144 1900/1297/1148 1901/1298/1114
f 1897/1294/1145 1896/1293/1144 1901/1298/1114
f 1899/1296/1147 1898/1295/1146 1902/1299/1149
f 1900/1297/1148 1899/1296/1147 1903/1300/1150
f 1899/1296/1147 1902/1299/1149 1903/1300/1150
f 1900/1297/1148 1903/1300/1150 1904/1301/1151
f 1901/1298/1114 1900/1297/1148 1904/1301/1151
f 1902/1299/1149 1824/1221/1074 1905/1302/1152
f 1903/1300/1150 1902/1299/1149 1905/1302/1152
f 1905/1302/1152 1824/1221/1074 1822/1219/1072
f 1903/1300/1150 1905/1302/1152 1906/1303/1153
f 1904/1301/1151 1903/1300/1150 1906/1303/1153
f 1906/1303/1153 1905/1302/1152 1907/1304/1154
f 1905/1302/1152 1822/1219/1072 1907/1304/1154
f 1822/1219/1072 1820/1217/1070 1907/1304/1154
f 1873/1270/1121 1908/1305/1155 1891/1288/1139
f 1873/1270/1121 1870/1267/1118 1908/1305/1155
f 1870/1267/1118 1853/1250/1103 1908/1305/1155
f 1908/1305/1155 1853/1250/1103 1851/1248/1101
f 1908/1305/1155 1851/1248/1101 1909/1306/1156
f 1891/1288/1139 1909/1306/1156 1892/1289/1140
f 1909/1306/1156 1851/1248/1101 1842/1239/1092
f 1891/1288/1139 1908/1305/1155 1909/1306/1156
f 1909/1306/1156 1842/1239/1092 1910/1307/1157
f 1910/1307/1157 1842/1239/1092 1834/1231/1084
f 1892/1289/1140 1909/1306/1156 1910/1307/1157
f 1892/1289/1140 1910/1307/1157 1898/1295/1146
f 1911/1308/1158 1834/1231/1084 1825/1222/1075
f 1902/1299/1149 1911/1308/1158 1824/1221/1074
f 1898/1295/1146 1911/1308/1158 1902/1299/1149
f 1898/1295/1146 1910/1307/1157 1911/1308/1158
f 1911/1308/1158 1825/1222/1075 1824/1221/1074
f 1910/1307/1157 1834/1231/1084 1911/1308/1158
f 1820/1217/1070 1819/1216/1069 1912/1309/1159
f 1819/1216/1069 1791/1188/1042 1912/1309/1159
f 1820/1217/1070 1912/1309/1159 1907/1304/1154
f 1913/1310/702 1914/1311/1160 1915/1312/703
f 1914/1311/1160 1913/1310/702 1916/1313/1161
f 1917/1314/701 1916/1313/1161 1913/1310/702
f 1918/1315/727 1916/1313/1161 1917/1314/701
f 1918/1315/727 1919/1316/722 1916/1313/1161
f 1920/1317/1162 1919/1316/722 1918/1315/727
f 1921/1318/1163 1922/1319/1164 1923/1320/1165
f 1922/1319/1164 1924/1321/1166 1923/1320/1165
f 1923/1320/1165 1924/1321/1166 1925/1322/1167
f 1922/1319/1164 1926/1323/1168 1924/1321/1166
f 1923/1320/1165 1925/1322/1167 1927/1324/1169
f 1927/1324/1169 1925/1322/1167 1928/1325/1170
f 1929/1326/1171 1923/1320/1165 1927/1324/1169
f 1921/1318/1163 1923/1320/1165 1929/1326/1171
f 1930/1327/1172 1921/1318/1163 1929/1326/1171
f 1931/1328/1173 1930/1327/1172 1929/1326/1171
f 1932/1329/1174 1921/1318/1163 1930/1327/1172
f 1931/1328/1173 1932/1329/1174 1930/1327/1172
f 1933/1330/1175 1931/1328/1173 1929/1326/1171
f 1933/1330/1175 1929/1326/1171 1927/1324/1169
f 1934/1331/1176 1927/1324/1169 1928/1325/1170
f 1934/1331/1176 1933/1330/1175 1927/1324/1169
f 1935/1332/1177 1934/1331/1176 1928/1325/1170
f 1935/1332/1177 1928/1325/1170 1936/1333/1178
f 1925/1322/1167 1937/1334/1179 1928/1325/1170
f 1928/1325/1170 1937/1334/1179 1936/1333/1178
f 1924/1321/1166 1938/1335/1180 1925/1322/1167
f 1925/1322/1167 1938/1335/1180 1937/1334/1179
f 1924/1321/1166 1939/1336/1181 1938/1335/1180
f 1926/1323/1168 1939/1336/1181 1924/1321/1166
f 1926/1323/1168 1940/1337/1182 1939/1336/1181
f 1940/1337/1182 1941/1338/1183 1939/1336/1181
f 1939/1336/1181 1942/1339/1184 1938/1335/1180
f 1939/1336/1181 1941/1338/1183 1942/1339/1184
f 1938/1335/1180 1943/1340/1185 1937/1334/1179
f 1938/1335/1180 1942/1339/1184 1943/1340/1185
f 1937/1334/1179 1943/1340/1185 1944/1341/1186
f 1937/1334/1179 1944/1341/1186 1936/1333/1178
f 1945/1342/1187 1935/1332/1177 1936/1333/1178
f 1936/1333/1178 1944/1341/1186 1945/1342/1187
f 1946/1343/1188 1935/1332/1177 1945/1342/1187
f 1947/1344/860 1934/1331/1176 1935/1332/1177
f 1946/1343/1188 1947/1344/860 1935/1332/1177
f 1947/1344/860 1948/1345/1189 1934/1331/1176
f 1948/1345/1189 1933/1330/1175 1934/1331/1176
f 1949/1346/856 1931/1328/1173 1933/1330/1175
f 1948/1345/1189 1949/1346/856 1933/1330/1175
f 1949/1346/856 1950/1347/1190 1931/1328/1173
f 1950/1347/1190 1932/1329/1174 1931/1328/1173
f 1944/1341/1186 1951/1348/1191 1945/1342/1187
f 1944/1341/1186 1952/1349/1192 1951/1348/1191
f 1943/1340/1185 1952/1349/1192 1944/1341/1186
f 1943/1340/1185 1953/1350/1193 1952/1349/1192
f 1942/1339/1184 1953/1350/1193 1943/1340/1185
f 1941/1338/1183 1954/1351/1194 1942/1339/1184
f 1942/1339/1184 1954/1351/1194 1953/1350/1193
f 1955/1352/1195 1954/1351/1194 1941/1338/1183
f 1956/1353/1196 1955/1352/1195 1941/1338/1183
f 1956/1353/1196 1941/1338/1183 1940/1337/1182
f 1957/1354/1197 1956/1353/1196 1940/1337/1182
f 1957/1354/1197 1940/1337/1182 1926/1323/1168
f 1958/1355/1198 1957/1354/1197 1926/1323/1168
f 1958/1355/1198 1926/1323/1168 1922/1319/1164
f 1959/1356/1199 1958/1355/1198 1922/1319/1164
f 1959/1356/1199 1922/1319/1164 1921/1318/1163
f 1932/1329/1174 1959/1356/1199 1921/1318/1163
f 1952/1349/1192 1960/1357/1200 1951/1348/1191
f 1953/1350/1193 1961/1358/1201 1952/1349/1192
f 1952/1349/1192 1961/1358/1201 1960/1357/1200
f 1953/1350/1193 1962/1359/1202 1961/1358/1201
f 1954/1351/1194 1962/1359/1202 1953/1350/1193
f 1963/1360/1203 1962/1359/1202 1954/1351/1194
f 1955/1352/1195 1963/1360/1203 1954/1351/1194
f 1961/1358/1201 1964/1361/1204 1960/1357/1200
f 1962/1359/1202 1965/1362/1205 1961/1358/1201
f 1961/1358/1201 1965/1362/1205 1964/1361/1204
f 1966/1363/1206 1965/1362/1205 1962/1359/1202
f 1963/1360/1203 1966/1363/1206 1962/1359/1202
f 1965/1362/1205 1966/1363/1206 1964/1361/1204
f 1967/1364/1207 1959/1356/1199 1932/1329/1174
f 1950/1347/1190 1967/1364/1207 1932/1329/1174
f 1968/1365/1208 1958/1355/1198 1959/1356/1199
f 1967/1364/1207 1968/1365/1208 1959/1356/1199
f 1969/1366/1209 1957/1354/1197 1958/1355/1198
f 1968/1365/1208 1969/1366/1209 1958/1355/1198
f 1969/1366/1209 1970/1367/1210 1957/1354/1197
f 1970/1367/1210 1956/1353/1196 1957/1354/1197
f 1970/1367/1210 1971/1368/1211 1956/1353/1196
f 1971/1368/1211 1955/1352/1195 1956/1353/1196
f 1971/1368/1211 1972/1369/849 1955/1352/1195
f 1972/1369/849 1963/1360/1203 1955/1352/1195
f 1973/1370/1212 1966/1363/1206 1963/1360/1203
f 1972/1369/849 1973/1370/1212 1963/1360/1203
f 1966/1363/1206 1973/1370/1212 1974/1371/847
f 1964/1361/1204 1966/1363/1206 1974/1371/847
f 1964/1361/1204 1974/1371/847 1975/1372/1213
f 1960/1357/1200 1964/1361/1204 1975/1372/1213
f 1951/1348/1191 1960/1357/1200 1976/1373/1214
f 1960/1357/1200 1975/1372/1213 1976/1373/1214
f 1945/1342/1187 1951/1348/1191 1977/1374/1215
f 1951/1348/1191 1976/1373/1214 1977/1374/1215
f 1977/1374/1215 1946/1343/1188 1945/1342/1187
f 1978/1375/1216 1979/1376/1217 1980/1377/1218
f 1981/1378/1219 1978/1375/1216 1980/1377/1218
f 1982/1379/1220 1978/1375/1216 1981/1378/1219
f 1983/1380/1221 1982/1379/1220 1981/1378/1219
f 1980/1377/1218 1979/1376/1217 1984/1381/1222
f 1979/1376/1217 1985/1382/1223 1984/1381/1222
f 1980/1377/1218 1984/1381/1222 1986/1383/1224
f 1987/1384/1225 1980/1377/1218 1986/1383/1224
f 1981/1378/1219 1980/1377/1218 1987/1384/1225
f 1983/1380/1221 1981/1378/1219 1988/1385/1226
f 1988/1385/1226 1981/1378/1219 1987/1384/1225
f 1989/1386/1227 1983/1380/1221 1988/1385/1226
f 1985/1382/1223 1990/1387/1228 1991/1388/1229
f 1984/1381/1222 1985/1382/1223 1991/1388/1229
f 1984/1381/1222 1991/1388/1229 1992/1389/1230
f 1986/1383/1224 1984/1381/1222 1992/1389/1230
f 1986/1383/1224 1992/1389/1230 1993/1390/1231
f 1994/1391/1232 1986/1383/1224 1993/1390/1231
f 1987/1384/1225 1986/1383/1224 1994/1391/1232
f 1995/1392/1233 1987/1384/1225 1994/1391/1232
f 1988/1385/1226 1987/1384/1225 1995/1392/1233
f 1989/1386/1227 1988/1385/1226 1996/1393/1234
f 1996/1393/1234 1988/1385/1226 1995/1392/1233
f 1997/1394/1235 1989/1386/1227 1996/1393/1234
f 1991/1388/1229 1990/1387/1228 1998/1395/1236
f 1990/1387/1228 1999/1396/1237 1998/1395/1236
f 1991/1388/1229 1998/1395/1236 2000/1397/1238
f 1992/1389/1230 1991/1388/1229 2000/1397/1238
f 1993/1390/1231 1992/1389/1230 2001/1398/1239
f 1992/1389/1230 2000/1397/1238 2001/1398/1239
f 1993/1390/1231 2001/1398/1239 2002/1399/1240
f 1994/1391/1232 1993/1390/1231 2003/1400/1241
f 2003/1400/1241 1993/1390/1231 2002/1399/1240
f 2004/1401/1242 1994/1391/1232 2003/1400/1241
f 1995/1392/1233 1994/1391/1232 2004/1401/1242
f 2005/1402/1243 1995/1392/1233 2004/1401/1242
f 1996/1393/1234 1995/1392/1233 2005/1402/1243
f 1997/1394/1235 1996/1393/1234 2006/1403/1244
f 2006/1403/1244 1996/1393/1234 2005/1402/1243
f 2007/1404/1245 1997/1394/1235 2006/1403/1244
f 1998/1395/1236 1999/1396/1237 2008/1405/1246
f 1999/1396/1237 2009/1406/1247 2008/1405/1246
f 1998/1395/1236 2008/1405/1246 2010/1407/1248
f 2000/1397/1238 1998/1395/1236 2010/1407/1248
f 2000/1397/1238 2010/1407/1248 2011/1408/1249
f 2001/1398/1239 2000/1397/1238 2011/1408/1249
f 2002/1399/1240 2001/1398/1239 2012/1409/1250
f 2001/1398/1239 2011/1408/1249 2012/1409/1250
f 2002/1399/1240 2012/1409/1250 2013/1410/1251
f 2014/1411/1252 2002/1399/1240 2013/1410/1251
f 2003/1400/1241 2002/1399/1240 2014/1411/1252
f 2004/1401/1242 2003/1400/1241 2015/1412/1253
f 2015/1412/1253 2003/1400/1241 2014/1411/1252
f 2016/1413/1254 2004/1401/1242 2015/1412/1253
f 2005/1402/1243 2004/1401/1242 2016/1413/1254
f 2006/1403/1244 2005/1402/1243 2017/1414/1255
f 2017/1414/1255 2005/1402/1243 2016/1413/1254
f 2007/1404/1245 2006/1403/1244 2018/1415/1256
f 2018/1415/1256 2006/1403/1244 2017/1414/1255
f 2019/1416/1257 2007/1404/1245 2018/1415/1256
f 2014/1411/1252 2013/1410/1251 2020/1417/1258
f 2015/1412/1253 2014/1411/1252 2021/1418/1259
f 2021/1418/1259 2014/1411/1252 2020/1417/1258
f 2016/1413/1254 2015/1412/1253 2022/1419/1260
f 2022/1419/1260 2015/1412/1253 2021/1418/1259
f 2023/1420/1261 2016/1413/1254 2022/1419/1260
f 2017/1414/1255 2016/1413/1254 2023/1420/1261
f 2018/1415/1256 2017/1414/1255 2024/1421/1262
f 2024/1421/1262 2017/1414/1255 2023/1420/1261
f 2019/1416/1257 2018/1415/1256 2025/1422/1263
f 2025/1422/1263 2018/1415/1256 2024/1421/1262
f 2026/1423/1264 2019/1416/1257 2025/1422/1263
f 2022/1419/1260 2021/1418/1259 2027/1424/1265
f 2023/1420/1261 2022/1419/1260 2028/1425/1266
f 2028/1425/1266 2022/1419/1260 2027/1424/1265
f 2024/1421/1262 2023/1420/1261 2029/1426/1267
f 2029/1426/1267 2023/1420/1261 2028/1425/1266
f 2025/1422/1263 2024/1421/1262 2030/1427/1268
f 2030/1427/1268 2024/1421/1262 2029/1426/1267
f 2031/1428/1269 2025/1422/1263 2030/1427/1268
f 2026/1423/1264 2025/1422/1263 2031/1428/1269
f 2032/1429/1270 2026/1423/1264 2031/1428/1269
f 2033/1430/1271 2034/1431/1272 2035/1432/1273
f 2009/1406/1247 2033/1430/1271 2036/1433/1274
f 2008/1405/1246 2009/1406/1247 2036/1433/1274
f 2036/1433/1274 2033/1430/1271 2035/1432/1273
f 2008/1405/1246 2036/1433/1274 2037/1434/1275
f 2010/1407/1248 2008/1405/1246 2037/1434/1275
f 2011/1408/1249 2010/1407/1248 2038/1435/1276
f 2010/1407/1248 2037/1434/1275 2038/1435/1276
f 2012/1409/1250 2011/1408/1249 2039/1436/1277
f 2011/1408/1249 2038/1435/1276 2039/1436/1277
f 2012/1409/1250 2039/1436/1277 2040/1437/1278
f 2013/1410/1251 2012/1409/1250 2040/1437/1278
f 2020/1417/1258 2013/1410/1251 2041/1438/1279
f 2013/1410/1251 2040/1437/1278 2041/1438/1279
f 2020/1417/1258 2041/1438/1279 2042/1439/1280
f 2021/1418/1259 2020/1417/1258 2043/1440/1281
f 2027/1424/1265 2021/1418/1259 2043/1440/1281
f 2043/1440/1281 2020/1417/1258 2042/1439/1280
f 2042/1439/1280 2041/1438/1279 2044/1441/1282
f 2041/1438/1279 2045/1442/1283 2044/1441/1282
f 2041/1438/1279 2040/1437/1278 2045/1442/1283
f 2040/1437/1278 2039/1436/1277 2046/1443/1284
f 2040/1437/1278 2046/1443/1284 2045/1442/1283
f 2039/1436/1277 2038/1435/1276 2047/1444/1285
f 2039/1436/1277 2047/1444/1285 2046/1443/1284
f 2038/1435/1276 2048/1445/1286 2047/1444/1285
f 2038/1435/1276 2037/1434/1275 2048/1445/1286
f 2037/1434/1275 2036/1433/1274 2049/1446/1287
f 2036/1433/1274 2035/1432/1273 2049/1446/1287
f 2037/1434/1275 2049/1446/1287 2048/1445/1286
f 2050/1447/1288 2051/1448/1289 2052/1449/1290
f 2052/1449/1290 2051/1448/1289 2053/1450/1291
f 2052/1449/1290 2053/1450/1291 2054/1451/934
f 2054/1451/934 2053/1450/1291 2055/1452/903
f 2056/1453/1292 2055/1452/903 2053/1450/1291
f 2057/1454/902 2055/1452/903 2056/1453/1292
f 2058/1455/1293 2059/1456/1294 2060/1457/1295
f 2060/1457/1295 2059/1456/1294 2061/1458/1296
f 2060/1457/1295 2061/1458/1296 2062/1459/1297
f 2062/1459/1297 2061/1458/1296 2063/1460/1298
f 2064/1461/1299 2063/1460/1298 2061/1458/1296
f 2065/1462/1300 2063/1460/1298 2064/1461/1299
f 2066/1463/1122 2067/1464/1301 2068/1465/1120
f 2068/1465/1120 2067/1464/1301 2069/1466/1302
f 2068/1465/1120 2069/1466/1302 2070/1467/1303
f 2070/1467/1303 2069/1466/1302 2071/1468/1132
f 2072/1469/1304 2071/1468/1132 2069/1466/1302
f 2073/1470/1130 2071/1468/1132 2072/1469/1304
f 2074/1471/1297 2075/1472/1305 2076/1473/1306
f 2077/1474/1307 2074/1471/1297 2076/1473/1306
f 2076/1473/1306 2075/1472/1305 2078/1475/1308
f 2075/1472/1305 2079/1476/1309 2078/1475/1308
f 2076/1473/1306 2078/1475/1308 2080/1477/1310
f 2077/1474/1307 2076/1473/1306 2081/1478/1311
f 2081/1478/1311 2076/1473/1306 2080/1477/1310
f 2082/1479/1312 2077/1474/1307 2081/1478/1311
f 2083/1480/1313 2082/1479/1312 2084/1481/1314
f 2082/1479/1312 2081/1478/1311 2084/1481/1314
f 2081/1478/1311 2080/1477/1310 2085/1482/1315
f 2084/1481/1314 2081/1478/1311 2085/1482/1315
f 2085/1482/1315 2080/1477/1310 2086/1483/1316
f 2080/1477/1310 2078/1475/1308 2087/1484/1317
f 2080/1477/1310 2087/1484/1317 2086/1483/1316
f 2078/1475/1308 2079/1476/1309 2088/1485/1318
f 2078/1475/1308 2088/1485/1318 2087/1484/1317
f 2079/1476/1309 2089/1486/1319 2088/1485/1318
f 2088/1485/1318 2089/1486/1319 2090/1487/1320
f 2089/1486/1319 2091/1488/1321 2090/1487/1320
f 2087/1484/1317 2088/1485/1318 2092/1489/1322
f 2088/1485/1318 2090/1487/1320 2092/1489/1322
f 2086/1483/1316 2087/1484/1317 2093/1490/1323
f 2087/1484/1317 2092/1489/1322 2093/1490/1323
f 2086/1483/1316 2093/1490/1323 2094/1491/1324
f 2085/1482/1315 2086/1483/1316 2095/1492/1325
f 2095/1492/1325 2086/1483/1316 2094/1491/1324
f 2084/1481/1314 2085/1482/1315 2096/1493/1326
f 2096/1493/1326 2085/1482/1315 2095/1492/1325
f 2083/1480/1313 2084/1481/1314 2097/1494/1327
f 2097/1494/1327 2084/1481/1314 2096/1493/1326
f 2098/1495/1296 2083/1480/1313 2097/1494/1327
f 2090/1487/1320 2091/1488/1321 2099/1496/1328
f 2091/1488/1321 2100/1497/1329 2099/1496/1328
f 2092/1489/1322 2090/1487/1320 2101/1498/1330
f 2090/1487/1320 2099/1496/1328 2101/1498/1330
f 2093/1490/1323 2092/1489/1322 2102/1499/1331
f 2092/1489/1322 2101/1498/1330 2102/1499/1331
f 2093/1490/1323 2102/1499/1331 2103/1500/1332
f 2094/1491/1324 2093/1490/1323 2103/1500/1332
f 2094/1491/1324 2103/1500/1332 2104/1501/1333
f 2095/1492/1325 2094/1491/1324 2105/1502/1334
f 2105/1502/1334 2094/1491/1324 2104/1501/1333
f 2096/1493/1326 2095/1492/1325 2106/1503/1335
f 2106/1503/1335 2095/1492/1325 2105/1502/1334
f 2097/1494/1327 2096/1493/1326 2107/1504/1336
f 2107/1504/1336 2096/1493/1326 2106/1503/1335
f 2108/1505/1337 2097/1494/1327 2107/1504/1336
f 2098/1495/1296 2097/1494/1327 2108/1505/1337
f 2109/1506/1338 2098/1495/1296 2108/1505/1337
f 2108/1505/1337 2107/1504/1336 2110/1507/1339
f 2109/1506/1338 2108/1505/1337 2111/1508/1340
f 2111/1508/1340 2108/1505/1337 2110/1507/1339
f 2112/1509/1341 2109/1506/1338 2111/1508/1340
f 2100/1497/1329 2113/1510/1342 2114/1511/1343
f 2099/1496/1328 2100/1497/1329 2114/1511/1343
f 2101/1498/1330 2099/1496/1328 2115/1512/1344
f 2099/1496/1328 2114/1511/1343 2115/1512/1344
f 2102/1499/1331 2101/1498/1330 2116/1513/1345
f 2101/1498/1330 2115/1512/1344 2116/1513/1345
f 2103/1500/1332 2102/1499/1331 2117/1514/1346
f 2102/1499/1331 2116/1513/1345 2117/1514/1346
f 2103/1500/1332 2117/1514/1346 2118/1515/1347
f 2104/1501/1333 2103/1500/1332 2118/1515/1347
f 2104/1501/1333 2118/1515/1347 2119/1516/1348
f 2105/1502/1334 2104/1501/1333 2120/1517/1349
f 2120/1517/1349 2104/1501/1333 2119/1516/1348
f 2106/1503/1335 2105/1502/1334 2121/1518/1350
f 2121/1518/1350 2105/1502/1334 2120/1517/1349
f 2122/1519/1351 2106/1503/1335 2121/1518/1350
f 2107/1504/1336 2106/1503/1335 2122/1519/1351
f 2110/1507/1339 2107/1504/1336 2122/1519/1351
f 2114/1511/1343 2113/1510/1342 2123/1520/1352
f 2113/1510/1342 2124/1521/1353 2123/1520/1352
f 2115/1512/1344 2114/1511/1343 2125/1522/1354
f 2114/1511/1343 2123/1520/1352 2125/1522/1354
f 2116/1513/1345 2115/1512/1344 2126/1523/1355
f 2115/1512/1344 2125/1522/1354 2126/1523/1355
f 2116/1513/1345 2126/1523/1355 2127/1524/1356
f 2117/1514/1346 2116/1513/1345 2127/1524/1356
f 2118/1515/1347 2117/1514/1346 2128/1525/1357
f 2117/1514/1346 2127/1524/1356 2128/1525/1357
f 2119/1516/1348 2118/1515/1347 2129/1526/1358
f 2118/1515/1347 2128/1525/1357 2129/1526/1358
f 2119/1516/1348 2129/1526/1358 2130/1527/1359
f 2131/1528/1360 2119/1516/1348 2130/1527/1359
f 2120/1517/1349 2119/1516/1348 2131/1528/1360
f 2121/1518/1350 2120/1517/1349 2132/1529/1361
f 2132/1529/1361 2120/1517/1349 2131/1528/1360
f 2133/1530/1362 2121/1518/1350 2132/1529/1361
f 2122/1519/1351 2121/1518/1350 2133/1530/1362
f 2131/1528/1360 2130/1527/1359 2134/1531/1363
f 2135/1532/1364 2131/1528/1360 2134/1531/1363
f 2132/1529/1361 2131/1528/1360 2135/1532/1364
f 2133/1530/1362 2132/1529/1361 2136/1533/1365
f 2136/1533/1365 2132/1529/1361 2135/1532/1364
f 2137/1534/1366 2133/1530/1362 2136/1533/1365
f 2110/1507/1339 2122/1519/1351 2138/1535/1367
f 2138/1535/1367 2122/1519/1351 2133/1530/1362
f 2138/1535/1367 2133/1530/1362 2137/1534/1366
f 2139/1536/1319 2138/1535/1367 2137/1534/1366
f 2140/1537/1368 2110/1507/1339 2138/1535/1367
f 2140/1537/1368 2138/1535/1367 2139/1536/1319
f 2111/1508/1340 2110/1507/1339 2140/1537/1368
f 2141/1538/1369 2140/1537/1368 2139/1536/1319
f 2142/1539/1370 2140/1537/1368 2141/1538/1369
f 2142/1539/1370 2111/1508/1340 2140/1537/1368
f 2112/1509/1341 2111/1508/1340 2142/1539/1370
f 2143/1540/1305 2142/1539/1370 2141/1538/1369
f 2144/1541/1371 2112/1509/1341 2142/1539/1370
f 2144/1541/1371 2142/1539/1370 2143/1540/1305
f 2145/1542/1372 2144/1541/1371 2143/1540/1305
f 2146/1543/1373 2147/1544/1374 2148/1545/796
f 2147/1544/1374 2146/1543/1373 2149/1546/1375
f 2150/1547/794 2149/1546/1375 2146/1543/1373
f 2151/1548/793 2149/1546/1375 2150/1547/794
f 2151/1548/793 2152/1549/1376 2149/1546/1375
f 2153/1550/1377 2152/1549/1376 2151/1548/793
f 2154/1551/1216 2155/1552/1378 2156/1553/1379
f 2155/1552/1378 2154/1551/1216 2157/1554/1380
f 2158/1555/1381 2157/1554/1380 2154/1551/1216
f 2159/1556/1382 2157/1554/1380 2158/1555/1381
f 2159/1556/1382 2160/1557/1383 2157/1554/1380
f 2161/1558/1247 2160/1557/1383 2159/1556/1382
f 2162/1559/338 2163/1560/1384 2164/1561/1385
f 2163/1560/1384 2162/1559/338 2165/1562/1386
f 2166/1563/337 2165/1562/1386 2162/1559/338
f 2167/1564/1387 2165/1562/1386 2166/1563/337
f 2167/1564/1387 2168/1565/1388 2165/1562/1386
f 2169/1566/346 2168/1565/1388 2167/1564/1387
s 0
f 2170/1567/282 2171/1568/282 2172/1569/282
f 2173/1570/282 2174/239/282 2175/1571/282
f 2176/1572/282 2173/1570/282 2175/1571/282
f 2177/1573/282 2173/1570/282 2176/1572/282
f 2178/1574/282 2177/1573/282 2176/1572/282
f 2179/236/282 2177/1573/282 2178/1574/282
f 2180/1575/282 2179/236/282 2178/1574/282
f 2181/1576/282 2179/236/282 2180/1575/282
f 2182/1577/282 2181/1576/282 2180/1575/282
f 2183/1578/282 2181/1576/282 2182/1577/282
f 2171/1568/282 2184/1579/282 2172/1569/282
f 2184/1579/282 2183/1578/282 2182/1577/282
f 2171/1568/282 2185/202/282 2184/1579/282
f 2185/202/282 2183/1578/282 2184/1579/282
f 2184/1579/282 2182/1577/282 2186/1580/282
f 2172/1569/282 2184/1579/282 2186/1580/282
f 2176/1572/282 2175/1571/282 2187/1/282
f 2178/1574/282 2176/1572/282 2188/1581/282
f 2188/1581/282 2176/1572/282 2187/1/282
f 2189/1582/282 2178/1574/282 2188/1581/282
f 2180/1575/282 2178/1574/282 2189/1582/282
f 2186/1580/282 2182/1577/282 2190/1583/282
f 2182/1577/282 2180/1575/282 2190/1583/282
f 2190/1583/282 2180/1575/282 2189/1582/282
f 2191/1584/282 2192/1585/282 2193/1586/282
f 2192/1585/282 2194/1587/282 2193/1586/282
f 2194/1587/282 2195/236/282 2193/1586/282
f 2196/216/282 2195/236/282 2194/1587/282
f 2197/1588/282 2196/216/282 2194/1587/282
f 2196/216/282 2197/1588/282 2198/1589/282
f 2199/202/282 2196/216/282 2198/1589/282
f 2200/1590/282 2199/202/282 2198/1589/282
f 2201/1591/282 2200/1590/282 2198/1589/282
f 2202/1568/282 2200/1590/282 2201/1591/282
f 2203/1592/282 2202/1568/282 2201/1591/282
f 2202/1568/282 2203/1592/282 2204/1593/282
f 2205/1594/282 2202/1568/282 2204/1593/282
f 2205/1594/282 2204/1593/282 2206/1595/282
f 2207/1567/282 2205/1594/282 2206/1595/282
f 2208/1596/282 2207/1567/282 2206/1595/282
f 2209/1597/282 2208/1596/282 2206/1595/282
f 2208/1596/282 2209/1597/282 2210/1598/282
f 2211/1583/282 2208/1596/282 2210/1598/282
f 2212/1599/282 2211/1583/282 2210/1598/282
f 2213/1600/282 2212/1599/282 2210/1598/282
f 2212/1599/282 2213/1600/282 2214/1601/282
f 2215/1/282 2212/1599/282 2214/1601/282
f 2216/1602/282 2215/1/282 2214/1601/282
f 2217/1603/282 2216/1602/282 2214/1601/282
f 2218/1571/282 2216/1602/282 2217/1603/282
f 2219/1604/282 2218/1571/282 2217/1603/282
f 2218/1571/282 2219/1604/282 2220/1605/282
f 2221/1606/282 2218/1571/282 2220/1605/282
f 2221/1606/282 2220/1605/282 2222/1607/282
f 2223/239/282 2221/1606/282 2222/1607/282
f 2195/236/282 2224/256/282 2193/1586/282
f 2224/256/282 2223/239/282 2222/1607/282
f 2224/256/282 2225/1608/282 2193/1586/282
f 2225/1608/282 2224/256/282 2222/1607/282
o Object_89
v -0.053741 0.232743 0.055249
v -0.047341 0.230686 0.057479
v -0.053737 0.299501 0.055249
v -0.059639 0.236082 0.053194
v -0.064809 0.240575 0.051393
v -0.069052 0.246050 0.049914
v -0.072204 0.252297 0.048816
v -0.074145 0.259074 0.048139
v -0.074800 0.266123 0.047911
v -0.074144 0.273171 0.048139
v -0.072203 0.279949 0.048816
v -0.069049 0.286195 0.049914
v -0.064806 0.291669 0.051393
v -0.059636 0.296162 0.053194
v -0.040681 0.302250 0.059798
v -0.047337 0.301556 0.057479
v -0.034025 0.301556 0.062117
v -0.027625 0.299499 0.064347
v -0.021726 0.296160 0.066402
v -0.016557 0.291667 0.068203
v -0.012314 0.286192 0.069681
v -0.009161 0.279945 0.070780
v -0.007220 0.273168 0.071456
v -0.006565 0.266119 0.071684
v -0.007221 0.259071 0.071456
v -0.009163 0.252293 0.070780
v -0.012316 0.246047 0.069681
v -0.016559 0.240572 0.068203
v -0.021730 0.236080 0.066402
v -0.027628 0.232741 0.064347
v -0.034029 0.230685 0.062117
v -0.040685 0.229992 0.059798
v 0.021730 0.296162 0.066402
v 0.016560 0.291669 0.068203
v 0.074145 0.259071 0.048140
v 0.027629 0.299501 0.064347
v 0.034029 0.301556 0.062117
v 0.040685 0.302250 0.059798
v 0.047341 0.301556 0.057479
v 0.053742 0.299499 0.055249
v 0.059640 0.296160 0.053194
v 0.064810 0.291667 0.051393
v 0.069052 0.286192 0.049915
v 0.072205 0.279945 0.048816
v 0.074146 0.273168 0.048140
v 0.074801 0.266119 0.047911
v 0.069050 0.246047 0.049915
v 0.072203 0.252293 0.048816
v 0.064807 0.240572 0.051393
v 0.059637 0.236079 0.053194
v 0.053738 0.232741 0.055249
v 0.047338 0.230685 0.057479
v 0.040682 0.229992 0.059798
v 0.034026 0.230686 0.062117
v 0.027626 0.232742 0.064347
v 0.021727 0.236081 0.066402
v 0.016557 0.240575 0.068203
v 0.012315 0.246050 0.069681
v 0.009162 0.252296 0.070780
v 0.007221 0.259074 0.071456
v 0.006566 0.266123 0.071685
v 0.007222 0.273171 0.071456
v 0.009164 0.279949 0.070780
v 0.012317 0.286195 0.069681
v -0.161777 0.086797 -0.063485
v -0.154474 0.090702 -0.060115
v -0.169786 0.084491 -0.066726
v -0.178191 0.083873 -0.069713
v -0.186671 0.084967 -0.072330
v -0.194899 0.087731 -0.074479
v -0.202559 0.092059 -0.076075
v -0.222188 0.120930 -0.076075
v -0.138052 0.135918 -0.044155
v -0.143066 0.102657 -0.053504
v -0.148156 0.096058 -0.056745
v -0.139400 0.110247 -0.050518
v -0.137299 0.118535 -0.047900
v -0.136844 0.127203 -0.045752
v -0.219363 0.112503 -0.077058
v -0.215031 0.104688 -0.077390
v -0.209357 0.097785 -0.077058
v -0.223395 0.129645 -0.074479
v -0.222940 0.138313 -0.072331
v -0.220839 0.146601 -0.069713
v -0.217174 0.154190 -0.066726
v -0.150883 0.159063 -0.043172
v -0.157681 0.164788 -0.044155
v -0.145209 0.152160 -0.042840
v -0.140876 0.144345 -0.043172
v -0.190454 0.172357 -0.053505
v -0.205766 0.166145 -0.060115
v -0.212084 0.160790 -0.063486
v -0.198463 0.170051 -0.056745
v -0.165341 0.169117 -0.045752
v -0.173569 0.171881 -0.047900
v -0.182048 0.172975 -0.050518
v -0.165340 0.169117 -0.167427
v -0.157680 0.164788 -0.169023
v -0.173568 0.171881 -0.165279
v -0.182048 0.172975 -0.162661
v -0.190453 0.172357 -0.159674
v -0.198462 0.170051 -0.156434
v -0.205766 0.166145 -0.153064
v -0.145208 0.152160 -0.170338
v -0.150882 0.159063 -0.170006
v -0.212084 0.160790 -0.149694
v -0.217174 0.154190 -0.146453
v -0.220839 0.146601 -0.143466
v -0.222940 0.138313 -0.140849
v -0.222188 0.120930 -0.137104
v -0.215031 0.104688 -0.135789
v -0.219363 0.112503 -0.136121
v -0.223395 0.129645 -0.138701
v -0.140876 0.144345 -0.170006
v -0.138051 0.135918 -0.169023
v -0.136844 0.127203 -0.167427
v -0.137299 0.118535 -0.165278
v -0.154473 0.090703 -0.153064
v -0.169785 0.084491 -0.146453
v -0.186671 0.084967 -0.140848
v -0.178191 0.083873 -0.143466
v -0.161777 0.086797 -0.149693
v -0.143066 0.102657 -0.159674
v -0.139400 0.110247 -0.162661
v -0.148155 0.096058 -0.156434
v -0.202559 0.092059 -0.137104
v -0.209356 0.097785 -0.136121
v -0.194899 0.087731 -0.138700
v -0.000001 0.208780 0.060277
v 0.000877 0.214697 0.060277
v -0.000684 0.214697 0.060277
v 0.011672 0.208707 0.060277
v 0.010993 0.215885 0.060277
v 0.006462 0.208780 0.060277
v 0.006112 0.216155 0.060277
v 0.009698 0.222805 0.060277
v 0.005243 0.222805 0.060277
v 0.000850 0.222805 0.060277
v 0.006401 0.201405 0.060277
v -0.000001 0.201405 0.060277
v -0.006403 0.201406 0.060277
v -0.006463 0.208781 0.060277
v -0.006108 0.216155 0.060277
v -0.000647 0.222805 0.060277
v -0.005250 0.222805 0.060277
v -0.009705 0.222806 0.060277
v -0.010989 0.215887 0.060277
v -0.011673 0.208708 0.060277
v -0.011575 0.201756 0.060277
v -0.010040 0.195428 0.060277
v -0.005249 0.194238 0.060277
v -0.000001 0.193661 0.060277
v 0.005247 0.194237 0.060277
v 0.010038 0.195427 0.060277
v 0.011574 0.201754 0.060277
vn -0.3290 -0.0000 0.9443
vn 0.3290 -0.0000 0.9443
vn -0.3132 -0.2130 0.9255
vn -0.3132 -0.2129 0.9255
vn -0.3132 -0.2128 0.9255
vn -0.3131 -0.2130 0.9255
vn -0.3133 -0.2129 0.9255
vn -0.3133 -0.2130 0.9255
vn -0.3134 -0.2131 0.9254
vn -0.3131 -0.2129 0.9255
vn -0.3132 -0.2130 -0.9255
vn -0.3132 -0.2132 -0.9255
vn -0.3132 -0.2129 -0.9255
vn -0.3132 -0.2128 -0.9255
vn -0.3133 -0.2130 -0.9255
vn -0.3133 -0.2129 -0.9255
vn -0.3131 -0.2129 -0.9255
vn -0.3131 -0.2130 -0.9255
vn -0.3134 -0.2128 -0.9255
vn -0.3133 -0.2131 -0.9254
vn -0.3131 -0.2128 -0.9255
vn -0.0000 -0.0000 1.0000
vt 0.000000 1.000000
vt 0.205492 0.973758
vt 0.250000 0.978142
vt 0.162694 0.960776
vt 0.123251 0.939693
vt 0.088679 0.911321
vt 0.060307 0.876749
vt 0.039224 0.837306
vt 0.039224 0.662694
vt 0.460776 0.837306
vt 0.337306 0.960776
vt 0.294508 0.973758
vt 0.376749 0.939693
vt 0.411321 0.911321
vt 0.439693 0.876749
vt 0.026242 0.705492
vt 0.021858 0.750000
vt 0.026242 0.794508
vt 0.060307 0.623251
vt 0.088679 0.588679
vt 0.123251 0.560307
vt 0.162694 0.539224
vt 0.473758 0.705492
vt 0.460775 0.662694
vt 0.478142 0.750000
vt 0.473758 0.794508
vt 0.337306 0.539224
vt 0.250000 0.521858
vt 0.205492 0.526242
vt 0.294508 0.526242
vt 0.439693 0.623251
vt 0.411321 0.588679
vt 0.376749 0.560307
vt 0.500000 0.500000
vt 0.500000 0.250000
vt 0.471951 0.250000
vt 0.962543 0.503174
vt 0.960622 0.253765
vt 0.750000 0.500000
vt 0.750000 0.250000
vt 0.959535 0.040752
vt 0.748434 0.040752
vt 0.500000 0.040752
vt 0.750000 0.750000
vt 0.500000 0.750000
vt 0.250000 0.750000
vt 0.250000 0.500000
vt 0.250000 0.250000
vt 0.469536 0.040752
vt 0.251566 0.040752
vt 0.040465 0.040752
vt 0.039378 0.253765
vt 0.037312 0.503174
vt 0.036557 0.744757
vt 0.043729 0.959265
vt 0.260860 0.965406
vt 0.500000 0.967731
vt 0.739140 0.965406
vt 0.956271 0.959265
vt 0.963443 0.744757
s 0
usemtl paper
f 2226/1609/1389 2227/1609/1389 2228/1609/1389
f 2229/1609/1389 2226/1609/1389 2228/1609/1389
f 2230/1609/1389 2229/1609/1389 2228/1609/1389
f 2231/1609/1389 2230/1609/1389 2228/1609/1389
f 2232/1609/1389 2231/1609/1389 2228/1609/1389
f 2233/1609/1389 2232/1609/1389 2228/1609/1389
f 2234/1609/1389 2233/1609/1389 2228/1609/1389
f 2235/1609/1389 2234/1609/1389 2228/1609/1389
f 2236/1609/1389 2235/1609/1389 2228/1609/1389
f 2237/1609/1389 2236/1609/1389 2228/1609/1389
f 2238/1609/1389 2237/1609/1389 2228/1609/1389
f 2239/1609/1389 2238/1609/1389 2228/1609/1389
f 2240/1609/1389 2241/1609/1389 2228/1609/1389
f 2242/1609/1389 2240/1609/1389 2228/1609/1389
f 2243/1609/1389 2242/1609/1389 2228/1609/1389
f 2244/1609/1389 2243/1609/1389 2228/1609/1389
f 2245/1609/1389 2244/1609/1389 2228/1609/1389
f 2246/1609/1389 2245/1609/1389 2228/1609/1389
f 2247/1609/1389 2246/1609/1389 2228/1609/1389
f 2248/1609/1389 2247/1609/1389 2228/1609/1389
f 2249/1609/1389 2248/1609/1389 2228/1609/1389
f 2250/1609/1389 2249/1609/1389 2228/1609/1389
f 2251/1609/1389 2250/1609/1389 2228/1609/1389
f 2252/1609/1389 2251/1609/1389 2228/1609/1389
f 2253/1609/1389 2252/1609/1389 2228/1609/1389
f 2254/1609/1389 2253/1609/1389 2228/1609/1389
f 2255/1609/1389 2254/1609/1389 2228/1609/1389
f 2256/1609/1389 2255/1609/1389 2228/1609/1389
f 2227/1609/1389 2257/1609/1389 2228/1609/1389
f 2257/1609/1389 2256/1609/1389 2228/1609/1389
f 2258/1609/1390 2259/1609/1390 2260/1609/1390
f 2261/1609/1390 2258/1609/1390 2260/1609/1390
f 2262/1609/1390 2261/1609/1390 2260/1609/1390
f 2263/1609/1390 2262/1609/1390 2260/1609/1390
f 2264/1609/1390 2263/1609/1390 2260/1609/1390
f 2265/1609/1390 2264/1609/1390 2260/1609/1390
f 2266/1609/1390 2265/1609/1390 2260/1609/1390
f 2267/1609/1390 2266/1609/1390 2260/1609/1390
f 2268/1609/1390 2267/1609/1390 2260/1609/1390
f 2269/1609/1390 2268/1609/1390 2260/1609/1390
f 2270/1609/1390 2269/1609/1390 2260/1609/1390
f 2271/1609/1390 2270/1609/1390 2260/1609/1390
s 1
f 2272/1609/1390 2273/1609/1390 2260/1609/1390
s 0
f 2274/1609/1390 2272/1609/1390 2260/1609/1390
f 2275/1609/1390 2274/1609/1390 2260/1609/1390
f 2276/1609/1390 2275/1609/1390 2260/1609/1390
f 2277/1609/1390 2276/1609/1390 2260/1609/1390
f 2278/1609/1390 2277/1609/1390 2260/1609/1390
f 2279/1609/1390 2278/1609/1390 2260/1609/1390
f 2280/1609/1390 2279/1609/1390 2260/1609/1390
f 2281/1609/1390 2280/1609/1390 2260/1609/1390
f 2282/1609/1390 2281/1609/1390 2260/1609/1390
f 2283/1609/1390 2282/1609/1390 2260/1609/1390
s 1
f 2284/1609/1390 2283/1609/1390 2260/1609/1390
f 2285/1609/1390 2284/1609/1390 2260/1609/1390
s 0
f 2286/1609/1390 2285/1609/1390 2260/1609/1390
f 2287/1609/1390 2286/1609/1390 2260/1609/1390
f 2288/1609/1390 2287/1609/1390 2260/1609/1390
f 2259/1609/1390 2289/1609/1390 2260/1609/1390
f 2289/1609/1390 2288/1609/1390 2260/1609/1390
s 1
f 2290/1610/1391 2291/1611/1391 2292/1612/1391
s 0
f 2293/1613/1392 2292/1612/1392 2294/1614/1392
f 2295/1615/1393 2294/1614/1393 2296/1616/1393
f 2294/1614/1392 2297/1617/1392 2296/1616/1392
f 2292/1612/1392 2297/1617/1392 2294/1614/1392
f 2291/1611/1392 2298/1618/1392 2292/1612/1392
f 2292/1612/1392 2298/1618/1392 2297/1617/1392
s 1
f 2299/1619/1392 2298/1618/1392 2291/1611/1392
s 0
f 2300/1620/1394 2299/1619/1394 2291/1611/1394
f 2301/1621/1392 2298/1618/1392 2299/1619/1392
f 2302/1622/1392 2298/1618/1392 2301/1621/1392
s 1
f 2303/1623/1395 2298/1618/1395 2302/1622/1395
s 0
f 2304/1624/1396 2296/1616/1396 2297/1617/1396
f 2305/1625/1392 2296/1616/1392 2304/1624/1392
f 2306/1626/1397 2296/1616/1397 2305/1625/1397
s 1
f 2307/1627/1392 2297/1617/1392 2308/1628/1392
s 0
f 2308/1628/1392 2297/1617/1392 2309/1629/1392
f 2309/1629/1392 2297/1617/1392 2310/1630/1392
f 2311/1631/1391 2312/1632/1391 2313/1633/1391
f 2314/1634/1392 2312/1632/1392 2298/1618/1392
f 2313/1633/1398 2312/1632/1398 2314/1634/1398
f 2297/1617/1392 2298/1618/1392 2315/1635/1392
f 2312/1632/1392 2315/1635/1392 2298/1618/1392
f 2310/1630/1392 2297/1617/1392 2316/1636/1392
f 2316/1636/1392 2297/1617/1392 2315/1635/1392
f 2317/1637/1395 2310/1630/1395 2316/1636/1395
f 2318/1638/1392 2316/1636/1392 2315/1635/1392
f 2319/1639/1392 2320/1640/1392 2312/1632/1392
f 2320/1640/1392 2315/1635/1392 2312/1632/1392
f 2321/1641/1392 2315/1635/1392 2320/1640/1392
s 1
f 2322/1639/1399 2323/1632/1399 2324/1640/1399
s 0
f 2325/1641/1400 2324/1640/1400 2326/1635/1400
f 2326/1635/1399 2324/1640/1399 2327/1638/1399
f 2323/1632/1401 2328/1636/1401 2324/1640/1401
f 2327/1638/1402 2324/1640/1402 2328/1636/1402
f 2329/1633/1401 2328/1636/1401 2323/1632/1401
f 2330/1631/1403 2329/1633/1403 2323/1632/1403
f 2331/1637/1404 2328/1636/1404 2332/1630/1404
f 2332/1630/1401 2328/1636/1401 2333/1629/1401
f 2333/1629/1399 2328/1636/1399 2334/1628/1399
f 2334/1628/1401 2328/1636/1401 2335/1617/1401
f 2335/1617/1401 2328/1636/1401 2336/1625/1401
f 2337/1624/1405 2335/1617/1405 2336/1625/1405
s 1
f 2338/1627/1401 2334/1628/1401 2335/1617/1401
s 0
f 2339/1634/1404 2340/1618/1404 2329/1633/1404
f 2341/1623/1401 2329/1633/1401 2340/1618/1401
f 2342/1622/1401 2328/1636/1401 2329/1633/1401
f 2342/1622/1401 2329/1633/1401 2341/1623/1401
f 2336/1625/1401 2328/1636/1401 2343/1611/1401
f 2343/1611/1401 2328/1636/1401 2342/1622/1401
f 2344/1612/1401 2336/1625/1401 2343/1611/1401
f 2345/1614/1401 2336/1625/1401 2344/1612/1401
f 2346/1613/1401 2345/1614/1401 2344/1612/1401
f 2347/1610/1401 2344/1612/1401 2343/1611/1401
f 2348/1619/1401 2343/1611/1401 2342/1622/1401
f 2349/1621/1401 2348/1619/1401 2342/1622/1401
s 1
f 2350/1620/1406 2343/1611/1406 2348/1619/1407
s 0
f 2351/1616/1401 2336/1625/1401 2345/1614/1401
f 2352/1626/1408 2336/1625/1408 2351/1616/1408
f 2353/1615/1409 2351/1616/1409 2345/1614/1409
f 2354/1642/1410 2355/1643/1410 2356/1644/1410
f 2357/1645/1410 2358/1646/1410 2359/1647/1410
f 2355/1643/1410 2354/1642/1410 2359/1647/1410
f 2358/1646/1410 2360/1648/1410 2359/1647/1410
f 2360/1648/1410 2355/1643/1410 2359/1647/1410
f 2358/1646/1410 2361/1649/1410 2360/1648/1410
f 2361/1649/1410 2362/1650/1410 2360/1648/1410
f 2363/1651/1410 2355/1643/1410 2360/1648/1410
f 2362/1650/1410 2363/1651/1410 2360/1648/1410
f 2359/1647/1410 2354/1642/1410 2364/1652/1410
f 2354/1642/1410 2365/1653/1410 2364/1652/1410
f 2365/1653/1410 2354/1642/1410 2366/1654/1410
f 2354/1642/1410 2367/1655/1410 2366/1654/1410
f 2367/1655/1410 2354/1642/1410 2356/1644/1410
f 2368/1656/1410 2367/1655/1410 2356/1644/1410
f 2356/1644/1410 2369/1657/1410 2368/1656/1410
f 2369/1657/1410 2370/1658/1410 2368/1656/1410
f 2370/1658/1410 2371/1659/1410 2368/1656/1410
f 2368/1656/1410 2372/1660/1410 2367/1655/1410
f 2371/1659/1410 2372/1660/1410 2368/1656/1410
f 2372/1660/1410 2373/1661/1410 2367/1655/1410
f 2366/1654/1410 2367/1655/1410 2374/1662/1410
f 2367/1655/1410 2373/1661/1410 2374/1662/1410
f 2366/1654/1410 2374/1662/1410 2375/1663/1410
f 2376/1664/1410 2366/1654/1410 2375/1663/1410
f 2365/1653/1410 2366/1654/1410 2376/1664/1410
f 2377/1665/1410 2365/1653/1410 2376/1664/1410
f 2364/1652/1410 2365/1653/1410 2378/1666/1410
f 2365/1653/1410 2377/1665/1410 2378/1666/1410
f 2364/1652/1410 2378/1666/1410 2379/1667/1410
f 2359/1647/1410 2364/1652/1410 2380/1668/1410
f 2357/1645/1410 2359/1647/1410 2380/1668/1410
f 2380/1668/1410 2364/1652/1410 2379/1667/1410
o Object_92
v 0.039819 0.141901 0.056982
v 0.019271 0.129024 0.061444
v 0.019271 0.127565 0.057233
v 0.039819 0.140442 0.052771
v 0.000000 0.064488 0.062738
v -0.047507 0.064290 0.047507
v -0.062738 0.064488 -0.000000
v 0.000000 0.059381 0.000000
v -0.047507 0.064290 -0.047508
v 0.047507 0.064290 0.047507
v 0.062738 0.064488 0.000000
v 0.000000 0.064488 -0.062738
v 0.047507 0.064290 -0.047507
v 0.000000 0.124150 -0.050146
v 0.038095 0.124104 -0.038095
v 0.000000 0.093232 -0.056652
v -0.056652 0.093232 -0.000000
v -0.062738 0.064488 -0.000000
v -0.047507 0.064290 0.047507
v -0.043016 0.093193 0.043016
v -0.050146 0.124150 -0.000000
v -0.038095 0.124104 0.038095
v 0.000000 0.093233 0.056652
v -0.000000 0.124150 0.050146
v 0.043016 0.093193 0.043016
v 0.038095 0.124104 0.038095
v 0.056652 0.093233 0.000000
v 0.050146 0.124150 0.000000
v 0.043016 0.093193 -0.043016
v 0.000000 0.064488 -0.062738
v 0.047507 0.064290 -0.047507
v 0.062738 0.064488 0.000000
v 0.047507 0.064290 0.047507
v 0.000000 0.064488 0.062738
v -0.043016 0.093193 -0.043016
v -0.047507 0.064290 -0.047508
v -0.038095 0.124104 -0.038095
v -0.032119 0.155049 -0.032120
v -0.042247 0.155099 -0.000000
v -0.032119 0.155049 0.032119
v -0.000000 0.155099 0.042247
v 0.032119 0.155049 0.032120
v 0.042247 0.155099 0.000000
v 0.032119 0.155049 -0.032120
v 0.000000 0.155099 -0.042247
v 0.034957 0.184688 -0.000000
v 0.026471 0.184807 -0.026471
v 0.000000 0.184688 -0.034957
v 0.000000 0.093232 -0.056652
v 0.000000 0.064488 -0.062738
v 0.000000 0.124150 -0.050146
v 0.000000 0.155099 -0.042247
v 0.000000 0.184688 -0.034957
v -0.026470 0.184807 -0.026471
v -0.034956 0.184688 -0.000000
v -0.026470 0.184807 0.026470
v 0.000000 0.184688 0.034957
v 0.026471 0.184807 0.026471
v -0.006281 0.177703 0.042157
v 0.019271 0.127565 0.057233
v 0.019271 0.129024 0.061444
v -0.006281 0.177740 0.042266
v 0.001569 0.182622 0.040452
v 0.039819 0.140442 0.052771
v 0.019271 0.127565 0.057233
v -0.006281 0.177703 0.042157
v 0.001569 0.182660 0.040561
v 0.039819 0.141901 0.056982
v 0.039819 0.140442 0.052771
v 0.001569 0.182622 0.040452
v -0.006281 0.177740 0.042266
v 0.019271 0.129024 0.061444
v 0.039819 0.141901 0.056982
v 0.001569 0.182660 0.040561
v 0.028535 0.004828 0.000000
v 0.028535 0.003820 -0.016656
v 0.041805 0.003708 -0.013271
v 0.045191 0.003820 -0.000000
v 0.011879 0.003820 0.000000
v 0.015264 0.003708 -0.013270
v 0.015264 0.003708 0.013271
v 0.028535 0.003820 0.016656
v 0.041805 0.003708 0.013271
v 0.000000 0.184688 0.034957
v 0.026471 0.184807 0.026471
v 0.034957 0.184688 -0.000000
v 0.000000 0.186753 -0.000000
v 0.026471 0.184807 -0.026471
v 0.000000 0.184688 -0.034957
v -0.034956 0.184688 -0.000000
v -0.026470 0.184807 -0.026471
v -0.026470 0.184807 0.026470
v -0.028535 0.004828 0.000000
v -0.045191 0.003820 0.000000
v -0.041805 0.003708 -0.013271
v -0.028535 0.003820 -0.016656
v -0.028535 0.003820 0.016656
v -0.041805 0.003708 0.013271
v -0.015264 0.003708 0.013271
v -0.011879 0.003820 0.000000
v -0.015264 0.003708 -0.013271
v -0.028535 0.072782 -0.021609
v -0.028535 0.003820 -0.016656
v -0.041805 0.003708 -0.013271
v -0.045850 0.072810 -0.017316
v -0.045191 0.003820 0.000000
v -0.050143 0.072782 -0.000000
v -0.041805 0.003708 0.013271
v -0.045850 0.072810 0.017315
v -0.028535 0.003820 0.016656
v -0.028535 0.072782 0.021609
v -0.015264 0.003708 0.013271
v -0.011219 0.072810 0.017315
v -0.011879 0.003820 0.000000
v -0.006926 0.072782 -0.000000
v -0.015264 0.003708 -0.013271
v -0.011219 0.072810 -0.017315
v -0.028535 0.003820 -0.016656
v -0.028535 0.072782 -0.021609
v -0.047998 0.072536 -0.019463
v -0.028535 0.072535 -0.024649
v -0.028535 0.072782 -0.021609
v -0.045850 0.072810 -0.017316
v -0.053183 0.072535 -0.000000
v -0.050143 0.072782 -0.000000
v -0.047998 0.072536 0.019463
v -0.045850 0.072810 0.017315
v -0.028535 0.072535 0.024649
v -0.028535 0.072782 0.021609
v -0.009071 0.072536 0.019463
v -0.011219 0.072810 0.017315
v -0.003886 0.072535 -0.000000
v -0.006926 0.072782 -0.000000
v -0.009071 0.072536 -0.019463
v -0.011219 0.072810 -0.017315
v -0.028535 0.072535 -0.024649
v -0.028535 0.072782 -0.021609
v 0.009071 0.072536 -0.019463
v 0.028535 0.072536 -0.024649
v 0.028535 0.072782 -0.021609
v 0.011219 0.072810 -0.017315
v 0.003886 0.072536 0.000000
v 0.006926 0.072782 0.000000
v 0.009071 0.072536 0.019463
v 0.011219 0.072810 0.017315
v 0.028535 0.072536 0.024649
v 0.028535 0.072782 0.021609
v 0.047998 0.072536 0.019463
v 0.045850 0.072810 0.017316
v 0.053183 0.072536 0.000000
v 0.050143 0.072782 0.000000
v 0.047998 0.072536 -0.019463
v 0.045850 0.072810 -0.017315
v 0.028535 0.072536 -0.024649
v 0.028535 0.072782 -0.021609
v 0.011219 0.072810 -0.017315
v 0.028535 0.072782 -0.021609
v 0.028535 0.003820 -0.016656
v 0.015264 0.003708 -0.013270
v 0.006926 0.072782 0.000000
v 0.011879 0.003820 0.000000
v 0.011219 0.072810 0.017315
v 0.015264 0.003708 0.013271
v 0.028535 0.072782 0.021609
v 0.028535 0.003820 0.016656
v 0.045850 0.072810 0.017316
v 0.041805 0.003708 0.013271
v 0.050143 0.072782 0.000000
v 0.045191 0.003820 -0.000000
v 0.045850 0.072810 -0.017315
v 0.041805 0.003708 -0.013271
v 0.028535 0.072782 -0.021609
v 0.028535 0.003820 -0.016656
v -0.006281 0.177740 0.042266
v 0.001569 0.182660 0.040561
v 0.001569 0.182622 0.040452
v -0.006281 0.177703 0.042157
v -0.068106 0.233020 -0.000003
v -0.053762 0.211578 -0.000003
v -0.050470 0.214277 0.025909
v -0.063460 0.234414 0.027270
v -0.044036 0.219601 0.042110
v -0.071856 0.264204 -0.000004
v -0.065139 0.295967 -0.000004
v -0.066983 0.264046 0.028040
v -0.050049 0.236011 0.047101
v -0.026291 0.214172 0.047541
v -0.028173 0.204398 0.027546
v -0.029709 0.201228 -0.000003
v 0.000000 0.201211 0.028810
v 0.000000 0.198533 -0.000003
v 0.028173 0.204398 0.027546
v 0.029709 0.201228 -0.000003
v 0.050470 0.214277 0.025910
v 0.053762 0.211578 -0.000003
v 0.063460 0.234414 0.027270
v 0.068106 0.233020 -0.000003
v 0.066984 0.264046 0.028041
v -0.052479 0.263867 0.048724
v -0.027870 0.234224 0.057633
v 0.000000 0.211437 0.050194
v 0.026291 0.214172 0.047542
v 0.044036 0.219600 0.042111
v 0.050049 0.236011 0.047102
v 0.052479 0.263867 0.048725
v 0.048156 0.292395 0.045092
v 0.060865 0.294313 0.026053
v 0.041105 0.310811 0.039235
v 0.046527 0.316966 0.023871
v 0.024229 0.317087 0.043957
v 0.028895 0.264047 0.059404
v 0.027871 0.234224 0.057633
v 0.026727 0.294505 0.055030
v 0.025137 0.329795 0.024809
v 0.000000 0.320204 0.046260
v 0.000000 0.334060 0.025807
v -0.024229 0.317087 0.043956
v -0.025136 0.329795 0.024809
v -0.041104 0.310811 0.039235
v -0.046527 0.316966 0.023871
v -0.048155 0.292395 0.045092
v -0.060865 0.294313 0.026052
v -0.028895 0.264047 0.059404
v 0.000000 0.232782 0.060875
v 0.000000 0.296209 0.058019
v 0.000000 0.264204 0.062158
v -0.026727 0.294505 0.055029
v 0.071856 0.264204 -0.000003
v 0.065140 0.295967 -0.000003
v 0.049242 0.320040 -0.000002
v 0.026182 0.334034 -0.000002
v 0.000000 0.338558 -0.000003
v -0.026181 0.334034 -0.000002
v -0.049241 0.320041 -0.000003
v 0.063440 0.234432 -0.027669
v 0.050457 0.214291 -0.026207
v 0.043954 0.219685 -0.043954
v -0.049241 0.320041 -0.000003
v -0.046514 0.316949 -0.024152
v -0.065139 0.295967 -0.000004
v -0.025124 0.329776 -0.025125
v -0.026181 0.334034 -0.000002
v 0.000001 0.334034 -0.026181
v 0.000000 0.338558 -0.000003
v 0.025125 0.329776 -0.025125
v 0.026182 0.334034 -0.000002
v 0.046515 0.316949 -0.024151
v 0.049242 0.320040 -0.000002
v 0.060845 0.294298 -0.026533
v 0.065140 0.295967 -0.000003
v 0.066956 0.264049 -0.028662
v 0.071856 0.264204 -0.000003
v 0.049910 0.236104 -0.049909
v 0.026208 0.214291 -0.050457
v 0.000001 0.320040 -0.049241
v 0.024152 0.316949 -0.046514
v 0.041020 0.310718 -0.041019
v 0.048020 0.292306 -0.048020
v 0.052312 0.263871 -0.052312
v 0.027669 0.234432 -0.063440
v 0.000000 0.211578 -0.053761
v 0.000001 0.233021 -0.068107
v -0.026207 0.214291 -0.050457
v -0.027668 0.234432 -0.063440
v -0.043953 0.219685 -0.043954
v -0.049909 0.236104 -0.049909
v 0.000001 0.295967 -0.065140
v -0.026532 0.294298 -0.060845
v -0.028661 0.264049 -0.066955
v 0.000001 0.264204 -0.071856
v 0.028663 0.264049 -0.066955
v 0.026534 0.294298 -0.060845
v -0.024151 0.316949 -0.046515
v -0.052311 0.263872 -0.052312
v -0.048019 0.292306 -0.048020
v -0.041019 0.310718 -0.041020
v 0.028160 0.204410 -0.028159
v 0.000000 0.201228 -0.029708
v -0.028159 0.204410 -0.028159
v -0.050457 0.214291 -0.026208
v -0.063440 0.234432 -0.027669
v -0.066955 0.264049 -0.028662
v -0.060844 0.294298 -0.026533
v 0.068106 0.233020 -0.000003
v 0.053762 0.211578 -0.000003
v 0.029709 0.201228 -0.000003
v 0.000000 0.198533 -0.000003
v -0.029709 0.201228 -0.000003
v -0.053762 0.211578 -0.000003
v -0.068106 0.233020 -0.000003
v -0.071856 0.264204 -0.000004
vn 0.5527 -0.7874 0.2729
vn -0.0132 -0.9978 0.0647
vn 0.0061 -1.0000 -0.0061
vn -0.0647 -0.9978 0.0132
vn -0.0000 -1.0000 -0.0000
vn -0.0515 -0.9973 -0.0515
vn 0.0515 -0.9973 0.0515
vn 0.0647 -0.9978 -0.0132
vn 0.0132 -0.9978 -0.0647
vn -0.0061 -1.0000 0.0061
vn -0.0001 0.2256 -0.9742
vn 0.6865 0.2402 -0.6863
vn -0.0007 0.2059 -0.9786
vn -0.9786 0.2059 0.0008
vn -0.9785 0.2060 0.0011
vn -0.6912 0.2158 0.6897
vn -0.6907 0.2177 0.6896
vn -0.9742 0.2256 0.0002
vn -0.6865 0.2402 0.6863
vn 0.0008 0.2059 0.9786
vn 0.0002 0.2256 0.9742
vn 0.6896 0.2177 0.6907
vn 0.6863 0.2402 0.6865
vn 0.9786 0.2059 -0.0008
vn 0.9742 0.2256 -0.0002
vn 0.6907 0.2177 -0.6896
vn -0.0011 0.2060 -0.9785
vn 0.6912 0.2158 -0.6897
vn 0.9785 0.2060 -0.0011
vn 0.6897 0.2158 0.6912
vn 0.0011 0.2060 0.9785
vn -0.6896 0.2177 -0.6907
vn -0.6897 0.2158 -0.6912
vn -0.6863 0.2402 -0.6865
vn -0.6827 0.2613 -0.6824
vn -0.9698 0.2437 -0.0002
vn -0.6824 0.2613 0.6827
vn -0.0002 0.2437 0.9698
vn 0.6827 0.2613 0.6824
vn 0.9698 0.2437 0.0002
vn 0.6824 0.2613 -0.6827
vn 0.0002 0.2437 -0.9698
vn 0.9707 0.2401 0.0010
vn 0.6824 0.2584 -0.6838
vn 0.0010 0.2401 -0.9707
vn -0.0008 0.2059 -0.9786
vn -0.0012 0.2060 -0.9785
vn -0.0003 0.2256 -0.9742
vn 0.0009 0.2401 -0.9708
vn -0.6838 0.2584 -0.6824
vn -0.9707 0.2401 -0.0010
vn -0.6824 0.2584 0.6838
vn -0.0010 0.2401 0.9707
vn 0.6838 0.2584 0.6824
vn -0.8985 -0.4149 0.1434
vn -0.8985 -0.4147 0.1437
vn -0.8985 -0.4146 0.1443
vn -0.0208 -0.2976 -0.9545
vn 0.7537 0.6207 -0.2159
vn 0.7539 0.6208 -0.2151
vn 0.7538 0.6209 -0.2152
vn -0.0208 0.3568 0.9340
vn 0.0083 -0.9987 0.0504
vn -0.0421 -0.9982 0.0421
vn -0.0504 -0.9987 -0.0083
vn 0.0504 -0.9987 0.0083
vn 0.0114 -0.9999 0.0114
vn 0.0421 -0.9982 -0.0421
vn -0.0083 -0.9987 -0.0504
vn -0.0114 -0.9999 -0.0114
vn 0.0099 0.9989 0.0466
vn -0.0066 1.0000 -0.0066
vn 0.0466 0.9989 0.0099
vn -0.0000 1.0000 -0.0000
vn 0.0367 0.9987 -0.0367
vn -0.0099 0.9989 -0.0466
vn -0.0466 0.9989 -0.0099
vn 0.0066 1.0000 0.0066
vn -0.0367 0.9987 0.0367
vn 0.0504 -0.9987 -0.0083
vn 0.0421 -0.9982 0.0421
vn -0.0083 -0.9987 0.0504
vn 0.0083 -0.9987 -0.0504
vn 0.0114 -0.9999 -0.0114
vn -0.0421 -0.9982 -0.0421
vn -0.0504 -0.9987 0.0083
vn -0.0114 -0.9999 0.0114
vn -0.0004 -0.0722 -0.9974
vn -0.0005 -0.0723 -0.9974
vn -0.7044 -0.0817 -0.7051
vn -0.7045 -0.0819 -0.7050
vn -0.9974 -0.0723 0.0005
vn -0.9974 -0.0722 0.0004
vn -0.7051 -0.0817 0.7044
vn -0.7050 -0.0819 0.7045
vn 0.0005 -0.0723 0.9974
vn 0.0004 -0.0722 0.9974
vn 0.7044 -0.0817 0.7051
vn 0.7045 -0.0819 0.7050
vn 0.9974 -0.0723 -0.0005
vn 0.9974 -0.0722 -0.0004
vn 0.7051 -0.0817 -0.7044
vn 0.7050 -0.0819 -0.7045
vn -0.0004 -0.0723 -0.9974
vn -0.0003 -0.0722 -0.9974
vn 0.0621 -0.9961 0.0634
vn 0.0011 -0.9967 0.0817
vn 0.0017 -0.9967 0.0815
vn 0.0615 -0.9960 0.0647
vn 0.0818 -0.9967 -0.0011
vn 0.0815 -0.9967 -0.0017
vn 0.0634 -0.9961 -0.0621
vn 0.0647 -0.9960 -0.0615
vn -0.0011 -0.9967 -0.0818
vn -0.0017 -0.9967 -0.0815
vn -0.0621 -0.9961 -0.0634
vn -0.0615 -0.9960 -0.0647
vn -0.0818 -0.9967 0.0011
vn -0.0815 -0.9967 0.0017
vn -0.0634 -0.9961 0.0621
vn -0.0647 -0.9960 0.0615
vn 0.0011 -0.9967 0.0818
vn -0.0817 -0.9967 0.0011
vn 0.0016 -0.9967 0.0815
vn -0.7050 -0.0819 -0.7045
vn 0.0003 -0.0722 -0.9974
vn 0.0004 -0.0723 -0.9974
vn -0.7051 -0.0817 -0.7044
vn -0.9974 -0.0722 -0.0004
vn -0.9974 -0.0723 -0.0005
vn -0.7045 -0.0819 0.7050
vn -0.7044 -0.0817 0.7051
vn -0.0004 -0.0722 0.9974
vn -0.0005 -0.0723 0.9974
vn 0.7050 -0.0819 0.7045
vn 0.7051 -0.0817 0.7044
vn 0.9974 -0.0722 0.0004
vn 0.9974 -0.0723 0.0005
vn 0.7045 -0.0819 -0.7050
vn 0.7044 -0.0817 -0.7051
vn 0.0004 -0.0722 -0.9974
vn 0.0005 -0.0723 -0.9974
vn -0.5526 0.7872 -0.2736
vn -0.5528 0.7875 -0.2726
vn -0.5528 0.7872 -0.2733
vn -0.5527 0.7875 -0.2728
vn -0.9384 -0.3456 0.0005
vn -0.6458 -0.7635 -0.0026
vn -0.6208 -0.7248 0.2989
vn -0.8790 -0.3166 0.3565
vn -0.5188 -0.5925 0.6163
vn -0.9990 0.0441 0.0014
vn -0.9229 0.3850 0.0014
vn -0.9244 0.0445 0.3788
vn -0.6272 -0.2583 0.7348
vn -0.2660 -0.6824 0.6809
vn -0.2629 -0.9218 0.2850
vn -0.2538 -0.9672 -0.0047
vn 0.0056 -0.9621 0.2726
vn -0.0000 -1.0000 0.0011
vn 0.2585 -0.9245 0.2803
vn 0.2537 -0.9673 0.0068
vn 0.6245 -0.7194 0.3040
vn 0.6459 -0.7634 0.0039
vn 0.8740 -0.3228 0.3631
vn 0.9384 -0.3455 0.0012
vn 0.9243 0.0435 0.3791
vn -0.6442 0.0480 0.7634
vn -0.2765 -0.2607 0.9250
vn 0.0036 -0.7130 0.7012
vn 0.2560 -0.6869 0.6801
vn 0.5485 -0.5858 0.5967
vn 0.6336 -0.2597 0.7288
vn 0.6442 0.0408 0.7638
vn 0.6170 0.3096 0.7235
vn 0.8632 0.3595 0.3544
vn 0.5308 0.5746 0.6229
vn 0.6530 0.6872 0.3185
vn 0.2861 0.6407 0.7125
vn 0.2648 0.0389 0.9635
vn 0.2709 -0.2525 0.9289
vn 0.2747 0.3026 0.9127
vn 0.3305 0.8747 0.3545
vn -0.0012 0.6616 0.7499
vn -0.0001 0.9284 0.3716
vn -0.2750 0.6389 0.7185
vn -0.3268 0.8780 0.3498
vn -0.5630 0.5563 0.6112
vn -0.6617 0.6784 0.3191
vn -0.6210 0.3115 0.7192
vn -0.8584 0.3653 0.3601
vn -0.2646 0.0499 0.9631
vn 0.0041 -0.2562 0.9666
vn -0.0044 0.2950 0.9555
vn 0.0001 0.0439 0.9990
vn -0.2699 0.2959 0.9163
vn 0.9990 0.0439 0.0011
vn 0.9229 0.3850 0.0008
vn 0.6933 0.7207 -0.0002
vn 0.3491 0.9371 -0.0000
vn -0.0000 1.0000 0.0007
vn -0.3491 0.9371 0.0013
vn -0.6934 0.7206 0.0014
vn 0.8856 -0.3212 -0.3355
vn 0.6251 -0.7272 -0.2836
vn 0.5445 -0.6134 -0.5721
vn -0.6934 0.7206 0.0013
vn -0.6571 0.6905 -0.3025
vn -0.9229 0.3850 0.0013
vn -0.3338 0.8816 -0.3338
vn -0.3491 0.9371 0.0012
vn 0.0006 0.9371 -0.3491
vn -0.0000 1.0000 0.0006
vn 0.3301 0.8844 -0.3301
vn 0.6642 0.6835 -0.3028
vn 0.8660 0.3696 -0.3368
vn 0.9229 0.3850 0.0007
vn 0.9345 0.0429 -0.3534
vn 0.9990 0.0439 0.0010
vn 0.6729 -0.2873 -0.6817
vn 0.2910 -0.7209 -0.6290
vn -0.0004 0.7207 -0.6933
vn 0.2973 0.6889 -0.6611
vn 0.5853 0.5867 -0.5597
vn 0.6691 0.3377 -0.6621
vn 0.7066 0.0428 -0.7063
vn 0.3405 -0.3278 -0.8813
vn -0.0016 -0.7634 -0.6459
vn 0.0002 -0.3456 -0.9384
vn -0.2803 -0.7299 -0.6234
vn -0.3355 -0.3212 -0.8856
vn -0.5727 -0.6124 -0.5450
vn -0.6817 -0.2873 -0.6729
vn -0.0002 0.3851 -0.9229
vn -0.3367 0.3696 -0.8660
vn -0.3534 0.0430 -0.9345
vn -0.0002 0.0439 -0.9990
vn 0.3534 0.0438 -0.9344
vn 0.3324 0.3641 -0.8700
vn -0.3080 0.6851 -0.6601
vn -0.7063 0.0428 -0.7066
vn -0.6621 0.3377 -0.6691
vn -0.5537 0.5981 -0.5794
vn 0.2665 -0.9262 -0.2665
vn -0.0059 -0.9672 -0.2539
vn -0.2626 -0.9285 -0.2626
vn -0.6273 -0.7236 -0.2878
vn -0.8813 -0.3278 -0.3405
vn -0.9344 0.0438 -0.3534
vn -0.8700 0.3641 -0.3324
vn 0.9384 -0.3455 0.0011
vn 0.2537 -0.9673 0.0067
vn -0.0000 -1.0000 0.0010
vn -0.2538 -0.9672 -0.0048
vn -0.6458 -0.7635 -0.0027
vn -0.9384 -0.3455 0.0005
vn -0.9990 0.0441 0.0013
vt 0.705545 0.422585
vt 0.774688 0.436541
vt 0.778631 0.417006
vt 0.709488 0.403049
vt 0.880891 0.000223
vt 0.778005 0.000223
vt 0.717922 0.083743
vt 0.841167 0.123468
vt 0.717922 0.186630
vt 0.964411 0.060306
vt 0.964411 0.163193
vt 0.801442 0.246713
vt 0.904328 0.246713
vt 0.095383 0.314148
vt 0.145927 0.380889
vt 0.144061 0.272937
vt 0.238099 0.798339
vt 0.297135 0.820112
vt 0.325992 0.720117
vt 0.264445 0.709084
vt 0.179780 0.776662
vt 0.203429 0.698100
vt 0.270800 0.616371
vt 0.208765 0.616371
vt 0.264444 0.523657
vt 0.203429 0.534641
vt 0.238098 0.434402
vt 0.179780 0.456080
vt 0.199879 0.349241
vt 0.193403 0.232964
vt 0.254304 0.317775
vt 0.297135 0.412629
vt 0.325992 0.512624
vt 0.333641 0.616371
vt 0.199879 0.883500
vt 0.254304 0.914966
vt 0.145927 0.851852
vt 0.091538 0.819200
vt 0.121121 0.754620
vt 0.141508 0.686877
vt 0.146281 0.616371
vt 0.141508 0.545864
vt 0.121121 0.478121
vt 0.091538 0.413541
vt 0.047609 0.357055
vt 0.061512 0.500688
vt 0.036673 0.447042
vt 0.000223 0.400534
vt 0.144061 0.959804
vt 0.193403 0.999777
vt 0.095383 0.918594
vt 0.047609 0.875686
vt 0.000223 0.832208
vt 0.036673 0.785699
vt 0.061511 0.732053
vt 0.078418 0.675375
vt 0.082612 0.616371
vt 0.078418 0.557366
vt 0.789640 0.263945
vt 0.798548 0.417721
vt 0.798548 0.264265
vt 0.758714 0.257702
vt 0.750379 0.254542
vt 0.690853 0.395983
vt 0.725462 0.581889
vt 0.694536 0.575646
vt 0.234803 0.099482
vt 0.187028 0.112210
vt 0.187028 0.071808
vt 0.222075 0.051706
vt 0.247532 0.147257
vt 0.207129 0.147257
vt 0.282579 0.127155
vt 0.282579 0.086753
vt 0.262477 0.051706
vt 0.092672 0.232518
vt 0.140075 0.198447
vt 0.140075 0.140069
vt 0.070149 0.162592
vt 0.106004 0.092666
vt 0.047626 0.092666
vt 0.000223 0.185115
vt 0.000223 0.126737
vt 0.034295 0.232518
vt 0.533333 0.565088
vt 0.354240 0.613434
vt 0.363957 0.652650
vt 0.545992 0.616177
vt 0.370099 0.692584
vt 0.553993 0.668199
vt 0.374576 0.732737
vt 0.559826 0.720509
vt 0.375416 0.773131
vt 0.560920 0.773131
vt 0.374576 0.813525
vt 0.559826 0.825754
vt 0.370099 0.853679
vt 0.553993 0.878063
vt 0.363957 0.893612
vt 0.545992 0.930086
vt 0.354240 0.932829
vt 0.533333 0.981175
vt 0.692772 0.584384
vt 0.723698 0.590626
vt 0.593920 0.752008
vt 0.593920 0.818833
vt 0.650054 0.810656
vt 0.654884 0.765218
vt 0.682211 0.806976
vt 0.627202 0.675355
vt 0.694583 0.622298
vt 0.681343 0.716674
vt 0.693807 0.779803
vt 0.702918 0.829692
vt 0.670889 0.852205
vt 0.616622 0.882832
vt 0.708577 0.888576
vt 0.667687 0.942806
vt 0.753911 0.914804
vt 0.739393 0.975403
vt 0.799589 0.923406
vt 0.807168 0.979624
vt 0.841944 0.906263
vt 0.871415 0.961242
vt 0.881337 0.867472
vt 0.716648 0.743495
vt 0.723744 0.802033
vt 0.733446 0.855593
vt 0.766745 0.877818
vt 0.794281 0.891478
vt 0.817216 0.872854
vt 0.845840 0.840907
vt 0.870251 0.802648
vt 0.909136 0.816726
vt 0.883517 0.771289
vt 0.915304 0.765090
vt 0.863598 0.747515
vt 0.815181 0.816993
vt 0.787608 0.850187
vt 0.840703 0.779699
vt 0.895519 0.720588
vt 0.835057 0.720831
vt 0.860809 0.686678
vt 0.801552 0.700732
vt 0.818659 0.662635
vt 0.773216 0.688121
vt 0.770432 0.655855
vt 0.746716 0.709502
vt 0.722485 0.675989
vt 0.748073 0.766393
vt 0.754771 0.827311
vt 0.810134 0.753886
vt 0.781924 0.791298
vt 0.776908 0.731597
vt 0.935956 0.908158
vt 0.968431 0.828782
vt 0.967724 0.755177
vt 0.944515 0.690299
vt 0.898630 0.636518
vt 0.834303 0.607197
vt 0.765543 0.602731
vt 0.621853 0.274448
vt 0.626882 0.227970
vt 0.592174 0.232037
vt 0.302484 0.284775
vt 0.356497 0.274493
vt 0.301533 0.209479
vt 0.376783 0.319697
vt 0.326221 0.351043
vt 0.412042 0.354566
vt 0.373089 0.406267
vt 0.455283 0.378841
vt 0.439098 0.436086
vt 0.504329 0.385872
vt 0.509343 0.440626
vt 0.553154 0.365179
vt 0.581980 0.420773
vt 0.594815 0.323750
vt 0.651013 0.366584
vt 0.579550 0.259186
vt 0.570390 0.209789
vt 0.440804 0.316391
vt 0.472976 0.337759
vt 0.501312 0.351192
vt 0.527398 0.328599
vt 0.556394 0.294573
vt 0.547913 0.237502
vt 0.539877 0.184892
vt 0.518064 0.213845
vt 0.507531 0.162429
vt 0.487092 0.191678
vt 0.480138 0.147627
vt 0.457523 0.167249
vt 0.466087 0.282833
vt 0.436448 0.258773
vt 0.461312 0.223517
vt 0.492659 0.247564
vt 0.524419 0.271063
vt 0.497388 0.304687
vt 0.411391 0.291360
vt 0.429896 0.199266
vt 0.405186 0.236522
vt 0.390664 0.267828
vt 0.605299 0.185657
vt 0.566877 0.149056
vt 0.521099 0.122218
vt 0.474474 0.113143
vt 0.431186 0.130796
vt 0.391253 0.170383
vt 0.362922 0.221854
vt 0.684921 0.288056
vt 0.684921 0.219571
vt 0.661833 0.153866
vt 0.609655 0.092277
vt 0.536065 0.059110
vt 0.466540 0.055038
vt 0.400712 0.073927
vt 0.334582 0.128178
s 0
usemtl chip_body
f 2381/1669/1411 2382/1670/1411 2383/1671/1411
f 2384/1672/1411 2381/1669/1411 2383/1671/1411
s 1
f 2385/1673/1412 2386/1674/1413 2387/1675/1414
f 2388/1676/1415 2385/1673/1412 2387/1675/1414
f 2388/1676/1415 2387/1675/1414 2389/1677/1416
f 2390/1678/1417 2385/1673/1412 2388/1676/1415
f 2391/1679/1418 2390/1678/1417 2388/1676/1415
f 2391/1679/1418 2388/1676/1415 2392/1680/1419
f 2392/1680/1419 2388/1676/1415 2389/1677/1416
f 2393/1681/1420 2391/1679/1418 2392/1680/1419
f 2394/1682/1421 2395/1683/1422 2396/1684/1423
f 2397/1685/1424 2398/1686/1425 2399/1687/1426
f 2400/1688/1427 2397/1685/1424 2399/1687/1426
f 2401/1689/1428 2397/1685/1424 2400/1688/1427
f 2402/1690/1429 2401/1689/1428 2400/1688/1427
f 2402/1690/1429 2400/1688/1427 2403/1691/1430
f 2404/1692/1431 2402/1690/1429 2403/1691/1430
f 2404/1692/1431 2403/1691/1430 2405/1693/1432
f 2406/1694/1433 2404/1692/1431 2405/1693/1432
f 2406/1694/1433 2405/1693/1432 2407/1695/1434
f 2408/1696/1435 2406/1694/1433 2407/1695/1434
f 2408/1696/1435 2407/1695/1434 2409/1697/1436
f 2395/1683/1422 2408/1696/1435 2409/1697/1436
f 2395/1683/1422 2409/1697/1436 2396/1684/1423
f 2396/1684/1423 2409/1697/1436 2410/1698/1437
f 2409/1697/1436 2407/1695/1434 2411/1699/1438
f 2409/1697/1436 2411/1699/1438 2410/1698/1437
f 2407/1695/1434 2405/1693/1432 2412/1700/1439
f 2407/1695/1434 2412/1700/1439 2411/1699/1438
f 2405/1693/1432 2403/1691/1430 2413/1701/1440
f 2405/1693/1432 2413/1701/1440 2412/1700/1439
f 2403/1691/1430 2414/1702/1441 2413/1701/1440
f 2403/1691/1430 2400/1688/1427 2414/1702/1441
f 2400/1688/1427 2399/1687/1426 2414/1702/1441
f 2397/1685/1424 2415/1703/1442 2398/1686/1425
f 2415/1703/1442 2416/1704/1443 2398/1686/1425
f 2401/1689/1428 2417/1705/1444 2397/1685/1424
f 2417/1705/1444 2415/1703/1442 2397/1685/1424
f 2418/1706/1445 2417/1705/1444 2401/1689/1428
f 2419/1707/1446 2401/1689/1428 2402/1690/1429
f 2419/1707/1446 2418/1706/1445 2401/1689/1428
f 2420/1708/1447 2402/1690/1429 2404/1692/1431
f 2420/1708/1447 2419/1707/1446 2402/1690/1429
f 2421/1709/1448 2404/1692/1431 2406/1694/1433
f 2421/1709/1448 2420/1708/1447 2404/1692/1431
f 2422/1710/1449 2406/1694/1433 2408/1696/1435
f 2422/1710/1449 2421/1709/1448 2406/1694/1433
f 2423/1711/1450 2408/1696/1435 2395/1683/1422
f 2423/1711/1450 2422/1710/1449 2408/1696/1435
f 2424/1712/1451 2395/1683/1422 2394/1682/1421
f 2424/1712/1451 2423/1711/1450 2395/1683/1422
f 2425/1713/1452 2424/1712/1451 2394/1682/1421
f 2426/1714/1453 2423/1711/1450 2424/1712/1451
f 2427/1715/1454 2426/1714/1453 2424/1712/1451
f 2427/1715/1454 2424/1712/1451 2425/1713/1452
f 2428/1716/1455 2427/1715/1454 2425/1713/1452
f 2415/1703/1442 2429/1717/1456 2416/1704/1443
f 2429/1717/1456 2430/1718/1457 2416/1704/1443
f 2417/1705/1444 2431/1719/1458 2415/1703/1442
f 2431/1719/1458 2429/1717/1456 2415/1703/1442
f 2432/1720/1452 2431/1719/1458 2417/1705/1444
f 2418/1706/1445 2432/1720/1452 2417/1705/1444
f 2433/1721/1459 2432/1720/1452 2418/1706/1445
f 2434/1722/1460 2433/1721/1459 2418/1706/1445
f 2434/1722/1460 2418/1706/1445 2419/1707/1446
f 2435/1723/1461 2419/1707/1446 2420/1708/1447
f 2435/1723/1461 2434/1722/1460 2419/1707/1446
f 2436/1724/1462 2435/1723/1461 2420/1708/1447
f 2436/1724/1462 2420/1708/1447 2421/1709/1448
f 2437/1725/1463 2421/1709/1448 2422/1710/1449
f 2437/1725/1463 2436/1724/1462 2421/1709/1448
f 2438/1726/1464 2422/1710/1449 2423/1711/1450
f 2426/1714/1453 2438/1726/1464 2423/1711/1450
f 2438/1726/1464 2437/1725/1463 2422/1710/1449
f 2439/1727/1465 2440/1671/1466 2441/1728/1466
f 2442/1729/1467 2439/1727/1465 2441/1728/1466
s 0
f 2443/1730/1468 2444/1672/1468 2445/1671/1468
f 2446/1727/1468 2443/1730/1468 2445/1671/1468
s 1
f 2447/1731/1469 2448/1732/1470 2449/1672/1470
f 2450/1730/1471 2447/1731/1469 2449/1672/1470
s 0
f 2451/1733/1472 2452/1670/1472 2453/1669/1472
f 2454/1734/1472 2451/1733/1472 2453/1669/1472
s 1
f 2455/1735/1415 2456/1736/1473 2457/1737/1474
f 2458/1738/1475 2455/1735/1415 2457/1737/1474
f 2455/1735/1415 2459/1739/1476 2456/1736/1473
f 2459/1739/1476 2460/1740/1477 2456/1736/1473
f 2461/1741/1478 2459/1739/1476 2455/1735/1415
f 2462/1742/1479 2455/1735/1415 2458/1738/1475
f 2462/1742/1479 2461/1741/1478 2455/1735/1415
f 2463/1743/1480 2462/1742/1479 2458/1738/1475
f 2464/1744/1481 2465/1745/1482 2466/1746/1483
f 2467/1747/1484 2464/1744/1481 2466/1746/1483
f 2467/1747/1484 2466/1746/1483 2468/1748/1485
f 2469/1749/1486 2467/1747/1484 2468/1748/1485
f 2470/1750/1487 2467/1747/1484 2469/1749/1486
f 2471/1751/1488 2470/1750/1487 2469/1749/1486
f 2470/1750/1487 2472/1752/1489 2467/1747/1484
f 2472/1752/1489 2464/1744/1481 2467/1747/1484
f 2473/1735/1415 2474/1738/1490 2475/1737/1491
f 2476/1736/1492 2473/1735/1415 2475/1737/1491
f 2473/1735/1415 2477/1742/1493 2474/1738/1490
f 2477/1742/1493 2478/1743/1494 2474/1738/1490
f 2479/1741/1495 2477/1742/1493 2473/1735/1415
f 2480/1739/1496 2473/1735/1415 2476/1736/1492
f 2480/1739/1496 2479/1741/1495 2473/1735/1415
f 2481/1740/1497 2480/1739/1496 2476/1736/1492
f 2482/1753/1498 2483/1754/1499 2484/1755/1500
f 2485/1756/1501 2482/1753/1498 2484/1755/1500
f 2485/1756/1501 2484/1755/1500 2486/1757/1502
f 2487/1758/1503 2485/1756/1501 2486/1757/1502
f 2487/1758/1503 2486/1757/1502 2488/1759/1504
f 2489/1760/1505 2487/1758/1503 2488/1759/1504
f 2489/1760/1505 2488/1759/1504 2490/1761/1506
f 2491/1762/1507 2489/1760/1505 2490/1761/1506
f 2491/1762/1507 2490/1761/1506 2492/1763/1508
f 2493/1764/1509 2491/1762/1507 2492/1763/1508
f 2493/1764/1509 2492/1763/1508 2494/1765/1510
f 2495/1766/1511 2493/1764/1509 2494/1765/1510
f 2495/1766/1511 2494/1765/1510 2496/1767/1512
f 2497/1768/1513 2495/1766/1511 2496/1767/1512
f 2497/1768/1513 2496/1767/1512 2498/1769/1514
f 2499/1770/1515 2497/1768/1513 2498/1769/1514
f 2500/1756/1516 2501/1753/1517 2502/1753/1518
f 2503/1756/1519 2500/1756/1516 2502/1753/1518
f 2504/1758/1520 2500/1756/1516 2503/1756/1519
f 2505/1758/1521 2504/1758/1520 2503/1756/1519
f 2506/1760/1522 2504/1758/1520 2505/1758/1521
f 2507/1760/1523 2506/1760/1522 2505/1758/1521
f 2508/1762/1524 2506/1760/1522 2507/1760/1523
f 2509/1762/1525 2508/1762/1524 2507/1760/1523
f 2510/1764/1526 2508/1762/1524 2509/1762/1525
f 2511/1764/1527 2510/1764/1526 2509/1762/1525
f 2512/1766/1528 2510/1764/1526 2511/1764/1527
f 2513/1766/1529 2512/1766/1528 2511/1764/1527
f 2514/1768/1530 2512/1766/1528 2513/1766/1529
f 2515/1768/1531 2514/1768/1530 2513/1766/1529
f 2516/1770/1532 2514/1768/1530 2515/1768/1531
f 2517/1770/1518 2516/1770/1532 2515/1768/1531
f 2518/1768/1516 2519/1770/1517 2520/1770/1518
f 2521/1768/1519 2518/1768/1516 2520/1770/1518
f 2522/1766/1520 2518/1768/1516 2521/1768/1519
f 2523/1766/1521 2522/1766/1520 2521/1768/1519
f 2524/1764/1522 2522/1766/1520 2523/1766/1521
f 2525/1764/1523 2524/1764/1522 2523/1766/1521
f 2526/1762/1524 2524/1764/1522 2525/1764/1523
f 2527/1762/1525 2526/1762/1524 2525/1764/1523
f 2528/1760/1526 2526/1762/1524 2527/1762/1525
f 2529/1760/1527 2528/1760/1526 2527/1762/1525
f 2530/1758/1533 2528/1760/1526 2529/1760/1527
f 2531/1758/1529 2530/1758/1533 2529/1760/1527
f 2532/1756/1530 2530/1758/1533 2531/1758/1529
f 2533/1756/1531 2532/1756/1530 2531/1758/1529
f 2534/1753/1532 2532/1756/1530 2533/1756/1531
f 2535/1753/1534 2534/1753/1532 2533/1756/1531
f 2536/1768/1535 2537/1770/1536 2538/1769/1537
f 2539/1767/1538 2536/1768/1535 2538/1769/1537
f 2540/1766/1539 2536/1768/1535 2539/1767/1538
f 2541/1765/1540 2540/1766/1539 2539/1767/1538
f 2542/1764/1541 2540/1766/1539 2541/1765/1540
f 2543/1763/1542 2542/1764/1541 2541/1765/1540
f 2544/1762/1543 2542/1764/1541 2543/1763/1542
f 2545/1761/1544 2544/1762/1543 2543/1763/1542
f 2546/1760/1545 2544/1762/1543 2545/1761/1544
f 2547/1759/1546 2546/1760/1545 2545/1761/1544
f 2548/1758/1547 2546/1760/1545 2547/1759/1546
f 2549/1757/1548 2548/1758/1547 2547/1759/1546
f 2550/1756/1549 2548/1758/1547 2549/1757/1548
f 2551/1755/1550 2550/1756/1549 2549/1757/1548
f 2552/1753/1551 2550/1756/1549 2551/1755/1550
f 2553/1754/1552 2552/1753/1551 2551/1755/1550
f 2554/1733/1553 2555/1734/1554 2556/1771/1555
f 2557/1772/1556 2554/1733/1553 2556/1771/1555
f 2558/1773/1557 2559/1774/1558 2560/1775/1559
f 2561/1776/1560 2558/1773/1557 2560/1775/1559
f 2561/1776/1560 2560/1775/1559 2562/1777/1561
f 2563/1778/1562 2558/1773/1557 2561/1776/1560
f 2564/1779/1563 2563/1778/1562 2565/1780/1564
f 2565/1780/1564 2563/1778/1562 2561/1776/1560
f 2565/1780/1564 2561/1776/1560 2566/1781/1565
f 2566/1781/1565 2561/1776/1560 2562/1777/1561
f 2566/1781/1565 2562/1777/1561 2567/1782/1566
f 2567/1782/1566 2562/1777/1561 2560/1775/1559
f 2568/1783/1567 2560/1775/1559 2559/1774/1558
f 2568/1783/1567 2567/1782/1566 2560/1775/1559
f 2569/1784/1568 2568/1783/1567 2559/1774/1558
f 2570/1785/1569 2568/1783/1567 2569/1784/1568
f 2571/1786/1570 2570/1785/1569 2569/1784/1568
f 2572/1787/1571 2570/1785/1569 2571/1786/1570
f 2573/1788/1572 2572/1787/1571 2571/1786/1570
f 2574/1789/1573 2572/1787/1571 2573/1788/1572
f 2575/1790/1574 2574/1789/1573 2573/1788/1572
f 2576/1791/1575 2574/1789/1573 2575/1790/1574
f 2577/1792/1576 2576/1791/1575 2575/1790/1574
f 2578/1793/1577 2576/1791/1575 2577/1792/1576
f 2579/1794/1578 2565/1780/1564 2566/1781/1565
f 2580/1795/1579 2566/1781/1565 2567/1782/1566
f 2579/1794/1578 2566/1781/1565 2580/1795/1579
f 2580/1795/1579 2567/1782/1566 2581/1796/1580
f 2581/1796/1580 2567/1782/1566 2568/1783/1567
f 2570/1785/1569 2581/1796/1580 2568/1783/1567
f 2582/1797/1581 2581/1796/1580 2570/1785/1569
f 2572/1787/1571 2582/1797/1581 2570/1785/1569
f 2574/1789/1573 2583/1798/1582 2572/1787/1571
f 2583/1798/1582 2582/1797/1581 2572/1787/1571
f 2576/1791/1575 2584/1799/1583 2574/1789/1573
f 2584/1799/1583 2583/1798/1582 2574/1789/1573
f 2585/1800/1584 2584/1799/1583 2576/1791/1575
f 2578/1793/1577 2585/1800/1584 2576/1791/1575
f 2586/1801/1585 2585/1800/1584 2578/1793/1577
f 2587/1802/1586 2586/1801/1585 2578/1793/1577
f 2588/1803/1587 2586/1801/1585 2587/1802/1586
f 2589/1804/1588 2588/1803/1587 2587/1802/1586
f 2588/1803/1587 2590/1805/1589 2586/1801/1585
f 2590/1805/1589 2588/1803/1587 2589/1804/1588
f 2585/1800/1584 2591/1806/1590 2584/1799/1583
f 2591/1806/1590 2592/1807/1591 2584/1799/1583
f 2592/1807/1591 2582/1797/1581 2583/1798/1582
f 2584/1799/1583 2592/1807/1591 2583/1798/1582
f 2586/1801/1585 2593/1808/1592 2585/1800/1584
f 2590/1805/1589 2593/1808/1592 2586/1801/1585
f 2593/1808/1592 2591/1806/1590 2585/1800/1584
f 2594/1809/1593 2590/1805/1589 2589/1804/1588
f 2590/1805/1589 2595/1810/1594 2593/1808/1592
f 2595/1810/1594 2590/1805/1589 2594/1809/1593
f 2596/1811/1595 2595/1810/1594 2594/1809/1593
f 2597/1812/1596 2595/1810/1594 2596/1811/1595
f 2598/1813/1597 2597/1812/1596 2596/1811/1595
f 2599/1814/1598 2597/1812/1596 2598/1813/1597
f 2600/1815/1599 2599/1814/1598 2598/1813/1597
f 2599/1814/1598 2600/1815/1599 2601/1816/1600
f 2600/1815/1599 2602/1817/1601 2601/1816/1600
f 2601/1816/1600 2602/1817/1601 2579/1794/1578
f 2602/1817/1601 2564/1779/1563 2565/1780/1564
f 2602/1817/1601 2565/1780/1564 2579/1794/1578
f 2603/1818/1602 2579/1794/1578 2580/1795/1579
f 2601/1816/1600 2579/1794/1578 2603/1818/1602
f 2604/1819/1603 2581/1796/1580 2582/1797/1581
f 2604/1819/1603 2580/1795/1579 2581/1796/1580
f 2603/1818/1602 2580/1795/1579 2604/1819/1603
f 2592/1807/1591 2604/1819/1603 2582/1797/1581
f 2593/1808/1592 2605/1820/1604 2591/1806/1590
f 2595/1810/1594 2597/1812/1596 2605/1820/1604
f 2595/1810/1594 2605/1820/1604 2593/1808/1592
f 2605/1820/1604 2606/1821/1605 2591/1806/1590
f 2606/1821/1605 2604/1819/1603 2592/1807/1591
f 2606/1821/1605 2603/1818/1602 2604/1819/1603
f 2591/1806/1590 2606/1821/1605 2592/1807/1591
f 2605/1820/1604 2607/1822/1606 2606/1821/1605
f 2597/1812/1596 2599/1814/1598 2607/1822/1606
f 2597/1812/1596 2607/1822/1606 2605/1820/1604
f 2607/1822/1606 2601/1816/1600 2603/1818/1602
f 2607/1822/1606 2603/1818/1602 2606/1821/1605
f 2599/1814/1598 2601/1816/1600 2607/1822/1606
f 2587/1802/1586 2578/1793/1577 2608/1823/1607
f 2608/1823/1607 2578/1793/1577 2577/1792/1576
f 2609/1824/1608 2587/1802/1586 2608/1823/1607
f 2589/1804/1588 2587/1802/1586 2609/1824/1608
f 2610/1825/1609 2589/1804/1588 2609/1824/1608
f 2594/1809/1593 2589/1804/1588 2610/1825/1609
f 2596/1811/1595 2594/1809/1593 2611/1826/1610
f 2611/1826/1610 2594/1809/1593 2610/1825/1609
f 2612/1827/1611 2596/1811/1595 2611/1826/1610
f 2598/1813/1597 2596/1811/1595 2612/1827/1611
f 2613/1828/1612 2598/1813/1597 2612/1827/1611
f 2600/1815/1599 2598/1813/1597 2613/1828/1612
f 2614/1829/1613 2600/1815/1599 2613/1828/1612
f 2600/1815/1599 2614/1829/1613 2602/1817/1601
f 2614/1829/1613 2564/1779/1563 2602/1817/1601
f 2615/1830/1614 2616/1831/1615 2617/1832/1616
f 2618/1833/1617 2619/1834/1618 2620/1835/1619
f 2619/1834/1618 2618/1833/1617 2621/1836/1620
f 2618/1833/1617 2622/1837/1621 2621/1836/1620
f 2621/1836/1620 2622/1837/1621 2623/1838/1622
f 2622/1837/1621 2624/1839/1623 2623/1838/1622
f 2623/1838/1622 2624/1839/1623 2625/1840/1624
f 2624/1839/1623 2626/1841/1610 2625/1840/1624
f 2625/1840/1624 2626/1841/1610 2627/1842/1625
f 2626/1841/1610 2628/1843/1609 2627/1842/1625
f 2627/1842/1625 2628/1843/1609 2629/1844/1626
f 2628/1843/1609 2630/1845/1627 2629/1844/1626
f 2629/1844/1626 2630/1845/1627 2631/1846/1628
f 2631/1846/1628 2632/1847/1629 2615/1830/1614
f 2630/1845/1627 2632/1847/1629 2631/1846/1628
f 2633/1848/1630 2615/1830/1614 2617/1832/1616
f 2631/1846/1628 2615/1830/1614 2633/1848/1630
f 2617/1832/1616 2616/1831/1615 2634/1849/1631
f 2633/1848/1630 2617/1832/1616 2634/1849/1631
f 2621/1836/1620 2623/1838/1622 2635/1850/1632
f 2623/1838/1622 2625/1840/1624 2636/1851/1633
f 2635/1850/1632 2623/1838/1622 2636/1851/1633
f 2625/1840/1624 2627/1842/1625 2637/1852/1634
f 2636/1851/1633 2625/1840/1624 2637/1852/1634
f 2627/1842/1625 2629/1844/1626 2638/1853/1635
f 2637/1852/1634 2627/1842/1625 2638/1853/1635
f 2638/1853/1635 2629/1844/1626 2639/1854/1636
f 2629/1844/1626 2631/1846/1628 2639/1854/1636
f 2639/1854/1636 2631/1846/1628 2633/1848/1630
f 2640/1855/1637 2633/1848/1630 2634/1849/1631
f 2639/1854/1636 2633/1848/1630 2640/1855/1637
f 2640/1855/1637 2634/1849/1631 2641/1856/1638
f 2642/1857/1639 2640/1855/1637 2641/1856/1638
f 2642/1857/1639 2641/1856/1638 2643/1858/1640
f 2644/1859/1641 2642/1857/1639 2643/1858/1640
f 2644/1859/1641 2643/1858/1640 2645/1860/1642
f 2646/1861/1643 2644/1859/1641 2645/1860/1642
f 2635/1850/1632 2647/1862/1644 2648/1863/1645
f 2635/1850/1632 2636/1851/1633 2647/1862/1644
f 2648/1863/1645 2647/1862/1644 2649/1864/1646
f 2649/1864/1646 2644/1859/1641 2646/1861/1643
f 2647/1862/1644 2650/1865/1647 2649/1864/1646
f 2650/1865/1647 2642/1857/1639 2644/1859/1641
f 2649/1864/1646 2650/1865/1647 2644/1859/1641
f 2651/1866/1648 2640/1855/1637 2642/1857/1639
f 2651/1866/1648 2639/1854/1636 2640/1855/1637
f 2638/1853/1635 2639/1854/1636 2651/1866/1648
f 2650/1865/1647 2651/1866/1648 2642/1857/1639
f 2636/1851/1633 2652/1867/1649 2647/1862/1644
f 2652/1867/1649 2638/1853/1635 2651/1866/1648
f 2636/1851/1633 2637/1852/1634 2652/1867/1649
f 2637/1852/1634 2638/1853/1635 2652/1867/1649
f 2652/1867/1649 2651/1866/1648 2650/1865/1647
f 2647/1862/1644 2652/1867/1649 2650/1865/1647
f 2653/1868/1650 2635/1850/1632 2648/1863/1645
f 2619/1834/1618 2621/1836/1620 2653/1868/1650
f 2653/1868/1650 2621/1836/1620 2635/1850/1632
f 2654/1869/1651 2649/1864/1646 2646/1861/1643
f 2648/1863/1645 2649/1864/1646 2654/1869/1651
f 2653/1868/1650 2648/1863/1645 2655/1870/1652
f 2655/1870/1652 2648/1863/1645 2654/1869/1651
f 2656/1871/1653 2619/1834/1618 2653/1868/1650
f 2656/1871/1653 2653/1868/1650 2655/1870/1652
f 2616/1831/1615 2657/1872/1654 2634/1849/1631
f 2634/1849/1631 2657/1872/1654 2641/1856/1638
f 2641/1856/1638 2658/1873/1655 2643/1858/1640
f 2657/1872/1654 2658/1873/1655 2641/1856/1638
f 2643/1858/1640 2659/1874/1656 2645/1860/1642
f 2658/1873/1655 2659/1874/1656 2643/1858/1640
f 2646/1861/1643 2645/1860/1642 2660/1875/1657
f 2659/1874/1656 2660/1875/1657 2645/1860/1642
f 2654/1869/1651 2646/1861/1643 2661/1876/1658
f 2661/1876/1658 2646/1861/1643 2660/1875/1657
f 2655/1870/1652 2654/1869/1651 2662/1877/1659
f 2662/1877/1659 2654/1869/1651 2661/1876/1658
f 2663/1878/1660 2655/1870/1652 2662/1877/1659
f 2656/1871/1653 2655/1870/1652 2663/1878/1660
f 2619/1834/1618 2656/1871/1653 2663/1878/1660
f 2619/1834/1618 2663/1878/1660 2620/1835/1619
f 2632/1847/1629 2664/1879/1661 2615/1830/1614
f 2615/1830/1614 2664/1879/1661 2616/1831/1615
f 2616/1831/1615 2665/1880/1574 2657/1872/1654
f 2664/1879/1661 2665/1880/1574 2616/1831/1615
f 2657/1872/1654 2666/1881/1662 2658/1873/1655
f 2665/1880/1574 2666/1881/1662 2657/1872/1654
f 2658/1873/1655 2667/1882/1663 2659/1874/1656
f 2666/1881/1662 2667/1882/1663 2658/1873/1655
f 2659/1874/1656 2668/1883/1664 2660/1875/1657
f 2667/1882/1663 2668/1883/1664 2659/1874/1656
f 2668/1883/1664 2669/1884/1665 2660/1875/1657
f 2661/1876/1658 2660/1875/1657 2669/1884/1665
f 2662/1877/1659 2661/1876/1658 2670/1885/1666
f 2670/1885/1666 2661/1876/1658 2669/1884/1665
f 2663/1878/1660 2662/1877/1659 2671/1886/1667
f 2620/1835/1619 2663/1878/1660 2671/1886/1667
f 2671/1886/1667 2662/1877/1659 2670/1885/1666
o Object_95
v -0.219852 0.225637 -0.103530
v -0.216083 0.219928 -0.103772
v -0.208631 0.255575 -0.104666
v 0.099160 0.439296 -0.109791
v 0.103274 0.393475 -0.109406
v 0.011735 0.406120 -0.108513
v 0.007710 0.440988 -0.109590
v -0.116930 0.358091 -0.108513
v -0.130023 0.377697 -0.109595
v -0.208631 0.255575 -0.108514
v -0.217623 0.267693 -0.109641
v -0.248878 0.079717 -0.099919
v -0.246294 0.076000 -0.101173
v -0.079406 0.066070 -0.100279
v -0.110467 0.111192 -0.062487
v 0.043135 0.121729 -0.097770
v -0.251489 0.083474 -0.102115
v -0.141314 0.156489 -0.045781
v -0.254029 0.087306 -0.099935
v -0.176000 0.207627 -0.062531
v -0.256525 0.091091 -0.101222
v -0.210368 0.258898 -0.100332
v -0.075089 0.295617 -0.046566
v -0.117868 0.358538 -0.097822
v 0.043844 0.357099 -0.062531
v 0.008806 0.407914 -0.100331
v 0.185893 0.386464 -0.101146
v 0.184668 0.389685 -0.101866
v 0.005461 0.177141 -0.046510
v 0.139958 0.215215 -0.100279
v 0.109421 0.260693 -0.062486
v 0.193739 0.376453 -0.101869
v -0.032228 0.232574 -0.023986
v 0.078643 0.306037 -0.045780
v 0.188449 0.382587 -0.103179
v 0.191100 0.378798 -0.101131
v 0.191100 0.378798 -0.112046
v 0.193739 0.376453 -0.111307
v 0.139958 0.215215 -0.112898
v -0.117868 0.358539 -0.115357
v 0.008806 0.407914 -0.112846
v -0.075088 0.295617 -0.166612
v 0.043845 0.357099 -0.150647
v 0.184668 0.389685 -0.111310
v 0.185893 0.386465 -0.112030
v 0.078643 0.306037 -0.167397
v 0.188450 0.382587 -0.109997
v 0.109421 0.260694 -0.150691
v 0.043135 0.121729 -0.115407
v 0.005462 0.177141 -0.166667
v -0.079406 0.066070 -0.112899
v -0.110467 0.111192 -0.150692
v -0.246293 0.076000 -0.112006
v -0.248878 0.079717 -0.113260
v -0.141313 0.156489 -0.167398
v -0.251489 0.083474 -0.111065
v -0.176000 0.207627 -0.150648
v -0.254029 0.087306 -0.113244
v -0.210368 0.258898 -0.112847
v -0.256525 0.091091 -0.111958
v -0.032227 0.232575 -0.189192
v -0.217623 0.267693 -0.103538
v -0.130023 0.377697 -0.103584
v -0.130023 0.377697 -0.109595
v -0.217623 0.267693 -0.109641
v 0.105420 0.393682 -0.101614
v 0.105420 0.393682 -0.111563
v 0.103274 0.393475 -0.109406
v 0.103274 0.393475 -0.103771
v -0.116930 0.358091 -0.111563
v -0.208631 0.255575 -0.111564
v -0.208631 0.255575 -0.108514
v -0.116930 0.358091 -0.108513
v -0.208631 0.255575 -0.101616
v -0.116930 0.358091 -0.101615
v -0.116930 0.358091 -0.104665
v -0.208631 0.255575 -0.104666
v -0.116930 0.358091 -0.101615
v 0.011735 0.406120 -0.101615
v 0.011735 0.406120 -0.104665
v -0.116930 0.358091 -0.104665
v -0.217866 0.218715 -0.111564
v -0.217866 0.218715 -0.101616
v -0.216083 0.219928 -0.103772
v -0.216083 0.219928 -0.109407
v 0.011735 0.406120 -0.111563
v -0.116930 0.358091 -0.111563
v -0.116930 0.358091 -0.108513
v 0.011735 0.406120 -0.108513
v -0.219852 0.225637 -0.109649
v -0.216083 0.219928 -0.109407
v -0.216083 0.219928 -0.103772
v -0.219852 0.225637 -0.103530
v -0.256525 0.091091 -0.101222
v -0.210368 0.258898 -0.100332
v -0.210368 0.258898 -0.112847
v -0.256525 0.091091 -0.111958
v 0.099141 0.114468 -0.106588
v 0.081639 0.107431 -0.106588
v 0.086482 0.110413 -0.112968
v 0.096785 0.117855 -0.116700
v 0.096785 0.117855 -0.096476
v 0.086482 0.110413 -0.100209
v 0.107349 0.124923 -0.100209
v 0.111831 0.128425 -0.106588
v 0.107349 0.124923 -0.112968
v -0.217623 0.267693 -0.103538
v -0.219852 0.225637 -0.103530
v -0.208631 0.255575 -0.104666
v -0.092401 0.020500 -0.106589
v -0.110413 0.026101 -0.106589
v -0.104775 0.025354 -0.112969
v -0.092086 0.024614 -0.116701
v -0.092086 0.024614 -0.096477
v -0.104775 0.025354 -0.100210
v -0.079433 0.023419 -0.100209
v -0.073746 0.023302 -0.106589
v -0.079433 0.023419 -0.112969
v -0.219852 0.225637 -0.109649
v -0.217623 0.267693 -0.109641
v -0.216083 0.219928 -0.109407
v 0.223523 0.455353 -0.100488
v 0.248517 0.423401 -0.102358
v 0.248517 0.423401 -0.110818
v 0.223523 0.455353 -0.112687
v 0.200579 0.486158 -0.101880
v 0.200579 0.486158 -0.111297
v 0.269039 0.388407 -0.100488
v 0.289247 0.355742 -0.101879
v 0.289247 0.355742 -0.111296
v 0.269039 0.388407 -0.112687
v 0.248517 0.423401 -0.102358
v 0.248517 0.423401 -0.110818
v 0.193739 0.376453 -0.101869
v 0.139958 0.215215 -0.100279
v 0.139958 0.215215 -0.112898
v 0.193739 0.376453 -0.111307
v 0.289247 0.355742 -0.111296
v 0.289247 0.355742 -0.101879
v 0.193739 0.376453 -0.101869
v 0.193739 0.376453 -0.111307
v 0.200579 0.486158 -0.101880
v 0.200579 0.486158 -0.111297
v 0.184668 0.389685 -0.111310
v 0.184668 0.389685 -0.101866
v 0.008806 0.407914 -0.100331
v 0.184668 0.389685 -0.101866
v 0.184668 0.389685 -0.111310
v 0.008806 0.407914 -0.112846
v -0.130023 0.377697 -0.103584
v -0.217623 0.267693 -0.103538
v -0.116930 0.358091 -0.104665
v 0.011735 0.406120 -0.104665
v 0.007710 0.440988 -0.103588
v 0.103274 0.393475 -0.103771
v 0.099160 0.439296 -0.103386
v -0.208631 0.255575 -0.104666
v -0.116930 0.358091 -0.104665
v 0.099160 0.439296 -0.103386
v 0.103274 0.393475 -0.103771
v 0.103274 0.393475 -0.109406
v 0.099160 0.439296 -0.109791
v -0.219852 0.225637 -0.103530
v -0.217623 0.267693 -0.103538
v -0.217623 0.267693 -0.109641
v -0.219852 0.225637 -0.109649
v 0.007710 0.440988 -0.103588
v 0.099160 0.439296 -0.103386
v 0.099160 0.439296 -0.109791
v 0.007710 0.440988 -0.109590
v -0.130023 0.377697 -0.103584
v 0.007710 0.440988 -0.103588
v 0.007710 0.440988 -0.109590
v -0.130023 0.377697 -0.109595
v -0.117868 0.358538 -0.097822
v 0.008806 0.407914 -0.100331
v 0.008806 0.407914 -0.112846
v -0.117868 0.358539 -0.115357
v -0.210368 0.258898 -0.100332
v -0.210368 0.258898 -0.112847
v 0.043135 0.121729 -0.097770
v -0.079406 0.066070 -0.100279
v -0.079406 0.066070 -0.112899
v 0.043135 0.121729 -0.115407
v 0.139958 0.215215 -0.100279
v 0.139958 0.215215 -0.112898
v -0.079406 0.066070 -0.100279
v -0.246294 0.076000 -0.101173
v -0.246293 0.076000 -0.112006
v -0.079406 0.066070 -0.112899
v 0.269039 0.388407 -0.112687
v 0.289247 0.355742 -0.111296
v 0.193739 0.376453 -0.111307
v 0.191100 0.378798 -0.112046
v 0.248517 0.423401 -0.110818
v 0.188450 0.382587 -0.109997
v 0.223523 0.455353 -0.112687
v 0.185893 0.386465 -0.112030
v 0.200579 0.486158 -0.111297
v 0.184668 0.389685 -0.111310
v 0.223523 0.455353 -0.100488
v 0.200579 0.486158 -0.101880
v 0.184668 0.389685 -0.101866
v 0.185893 0.386464 -0.101146
v 0.248517 0.423401 -0.102358
v 0.188449 0.382587 -0.103179
v 0.269039 0.388407 -0.100488
v 0.191100 0.378798 -0.101131
v 0.289247 0.355742 -0.101879
v 0.193739 0.376453 -0.101869
v -0.248878 0.079717 -0.113260
v -0.246293 0.076000 -0.112006
v -0.246294 0.076000 -0.101173
v -0.248878 0.079717 -0.099919
v -0.251489 0.083474 -0.111065
v -0.251489 0.083474 -0.102115
v -0.254029 0.087306 -0.113244
v -0.254029 0.087306 -0.099935
v -0.256525 0.091091 -0.111958
v -0.256525 0.091091 -0.101222
v 0.046133 0.154436 -0.119103
v 0.063132 0.166256 -0.124963
v 0.062965 0.166495 -0.121927
v 0.047326 0.155688 -0.116590
v 0.038172 0.148901 -0.106588
v 0.040372 0.151013 -0.106588
v 0.046133 0.154436 -0.094075
v 0.047325 0.155688 -0.096587
v 0.063131 0.166256 -0.088214
v 0.062965 0.166495 -0.091250
v 0.080130 0.178075 -0.094074
v 0.078541 0.177393 -0.096587
v 0.088090 0.183610 -0.106588
v 0.085344 0.182284 -0.106588
v 0.080130 0.178075 -0.119102
v 0.078541 0.177393 -0.116590
v 0.063132 0.166256 -0.124963
v 0.062965 0.166495 -0.121927
v -0.108242 0.084969 -0.119103
v -0.087598 0.083393 -0.124964
v -0.087576 0.083684 -0.121928
v -0.106527 0.085187 -0.116591
v -0.117910 0.085708 -0.106589
v -0.114870 0.085955 -0.106589
v -0.108242 0.084969 -0.094075
v -0.106527 0.085187 -0.096587
v -0.087598 0.083393 -0.088214
v -0.087576 0.083684 -0.091250
v -0.066955 0.081817 -0.094075
v -0.068617 0.082292 -0.096587
v -0.057287 0.081079 -0.106589
v -0.060254 0.081785 -0.106589
v -0.066955 0.081817 -0.119103
v -0.068617 0.082292 -0.116590
v -0.087598 0.083393 -0.124964
v -0.087576 0.083684 -0.121928
v -0.087576 0.083684 -0.121928
v -0.092086 0.024614 -0.116701
v -0.104775 0.025354 -0.112969
v -0.106527 0.085187 -0.116591
v -0.110413 0.026101 -0.106589
v -0.114870 0.085955 -0.106589
v -0.104775 0.025354 -0.100210
v -0.106527 0.085187 -0.096587
v -0.092086 0.024614 -0.096477
v -0.087576 0.083684 -0.091250
v -0.079433 0.023419 -0.100209
v -0.068617 0.082292 -0.096587
v -0.073746 0.023302 -0.106589
v -0.060254 0.081785 -0.106589
v -0.079433 0.023419 -0.112969
v -0.068617 0.082292 -0.116590
v -0.092086 0.024614 -0.116701
v -0.087576 0.083684 -0.121928
v 0.062965 0.166495 -0.121927
v 0.096785 0.117855 -0.116700
v 0.086482 0.110413 -0.112968
v 0.047326 0.155688 -0.116590
v 0.081639 0.107431 -0.106588
v 0.040372 0.151013 -0.106588
v 0.086482 0.110413 -0.100209
v 0.047325 0.155688 -0.096587
v 0.096785 0.117855 -0.096476
v 0.062965 0.166495 -0.091250
v 0.107349 0.124923 -0.100209
v 0.078541 0.177393 -0.096587
v 0.111831 0.128425 -0.106588
v 0.085344 0.182284 -0.106588
v 0.107349 0.124923 -0.112968
v 0.078541 0.177393 -0.116590
v 0.096785 0.117855 -0.116700
v 0.062965 0.166495 -0.121927
v -0.217623 0.267693 -0.109641
v -0.208631 0.255575 -0.108514
v -0.216083 0.219928 -0.109407
v -0.217866 0.218715 -0.101616
v -0.208631 0.255575 -0.101616
v -0.208631 0.255575 -0.104666
v -0.216083 0.219928 -0.103772
v -0.217866 0.218715 -0.101616
v -0.208631 0.255575 -0.104666
v -0.208631 0.255575 -0.108514
v -0.208631 0.255575 -0.111564
v -0.216083 0.219928 -0.109407
v -0.208631 0.255575 -0.111564
v -0.217866 0.218715 -0.111564
v -0.216083 0.219928 -0.109407
v 0.105420 0.393682 -0.111563
v 0.011735 0.406120 -0.111563
v 0.011735 0.406120 -0.108513
v 0.103274 0.393475 -0.109406
v 0.105420 0.393682 -0.111563
v 0.011735 0.406120 -0.108513
v 0.011735 0.406120 -0.104665
v 0.011735 0.406120 -0.101615
v 0.103274 0.393475 -0.103771
v 0.011735 0.406120 -0.101615
v 0.105420 0.393682 -0.101614
v 0.103274 0.393475 -0.103771
vn 0.0774 0.0088 0.9970
vn -0.0111 -0.0094 -0.9999
vn 0.0111 -0.0296 -0.9995
vn -0.0110 -0.0095 -0.9999
vn -0.0110 -0.0094 -0.9999
vn 0.0352 -0.0315 -0.9989
vn 0.0353 -0.0315 -0.9989
vn 0.0605 -0.0478 -0.9970
vn -0.2218 0.0176 0.9749
vn -0.0250 -0.3352 0.9418
vn 0.1210 -0.5847 0.8022
vn 0.0200 -0.5039 0.8635
vn 0.3322 -0.5019 0.7986
vn -0.1961 -0.2218 0.9552
vn -0.2075 -0.1677 0.9637
vn -0.2756 -0.2771 0.9205
vn -0.4466 0.1662 0.8792
vn -0.4782 0.0392 0.8774
vn -0.4962 0.2859 0.8198
vn -0.2350 0.3562 0.9044
vn -0.3056 0.4610 0.8331
vn 0.0099 0.4764 0.8792
vn -0.0875 0.5528 0.8287
vn 0.2073 -0.0144 0.9782
vn 0.0323 0.2299 0.9727
vn 0.2567 -0.3890 0.8848
vn 0.5140 -0.3286 0.7923
vn 0.4616 -0.2026 0.8637
vn 0.3975 0.0225 0.9173
vn 0.0084 -0.0127 0.9999
vn 0.2276 0.1407 0.9635
vn 0.1952 0.2243 0.9548
vn 0.2372 0.2857 0.9285
vn 0.0676 0.1925 -0.9790
vn 0.2168 -0.0627 -0.9742
vn 0.4996 -0.3269 -0.8022
vn -0.3163 0.4537 -0.8331
vn -0.0831 0.5667 -0.8197
vn -0.2448 0.3496 -0.9044
vn 0.0103 0.4762 -0.8793
vn 0.1734 0.3581 -0.9174
vn 0.3551 0.1220 -0.9269
vn 0.2332 0.1321 -0.9634
vn 0.2841 0.1058 -0.9530
vn 0.4616 -0.2034 -0.8634
vn 0.3446 -0.4935 -0.7986
vn 0.2673 -0.3818 -0.8848
vn 0.1169 -0.5987 -0.7924
vn 0.0193 -0.5038 -0.8636
vn -0.1320 -0.4574 -0.8794
vn -0.3566 -0.1451 -0.9229
vn -0.2136 -0.1591 -0.9639
vn -0.2754 -0.0926 -0.9569
vn -0.4462 0.1666 -0.8793
vn -0.0622 -0.2180 -0.9740
vn -0.4817 0.2853 -0.8286
vn -0.3450 0.0899 -0.9343
vn 0.0087 -0.0125 -0.9999
vn -0.7823 0.6229 -0.0000
vn -0.0959 0.9954 -0.0000
vn -0.7453 0.6667 -0.0000
vn -0.3497 0.9369 -0.0000
vn -0.5623 0.8269 -0.0000
vn -0.8346 -0.5509 -0.0000
vn -0.9642 0.2652 -0.0000
vn 0.5709 -0.8210 -0.0000
vn 0.4223 -0.9061 0.0261
vn 0.3961 -0.8917 -0.2192
vn 0.5676 -0.7492 -0.3414
vn 0.5047 -0.7929 0.3414
vn 0.6041 -0.7920 -0.0883
vn 0.6980 -0.6817 0.2192
vn 0.7023 -0.7114 -0.0261
vn 0.5322 -0.8420 0.0883
vn 0.1164 -0.0060 0.9932
vn -0.0761 -0.9971 -0.0000
vn -0.2450 -0.9692 0.0261
vn -0.2563 -0.9414 -0.2193
vn -0.0333 -0.9393 -0.3414
vn -0.1097 -0.9335 0.3414
vn -0.0321 -0.9956 -0.0882
vn 0.1104 -0.9694 0.2192
vn 0.0950 -0.9951 -0.0261
vn -0.1194 -0.9889 0.0883
vn 0.0597 -0.0030 -0.9982
vn 0.7949 0.6067 -0.0000
vn 0.7876 0.6161 -0.0000
vn 0.8020 0.5973 -0.0000
vn 0.8566 0.5161 -0.0000
vn 0.8504 0.5261 -0.0000
vn 0.8626 0.5059 -0.0000
vn 0.9486 -0.3164 -0.0000
vn -0.2119 -0.9773 -0.0000
vn -0.9867 0.1627 -0.0000
vn 0.1031 0.9947 -0.0000
vn 0.0164 -0.0441 0.9989
vn 0.0567 -0.0507 0.9971
vn -0.0142 -0.0325 0.9994
vn -0.0024 -0.0086 1.0000
vn 0.9960 0.0894 -0.0000
vn -0.9986 0.0529 -0.0000
vn 0.0185 0.9998 -0.0000
vn -0.4175 0.9087 -0.0000
vn -0.5623 0.8270 -0.0000
vn -0.3632 0.9317 -0.0000
vn -0.5622 0.8270 -0.0000
vn -0.7329 0.6804 -0.0000
vn 0.5623 -0.8270 -0.0000
vn 0.4135 -0.9105 -0.0000
vn 0.6946 -0.7194 -0.0000
vn -0.0594 -0.9982 -0.0000
vn -0.0113 -0.0170 -0.9998
vn -0.0105 -0.0490 -0.9987
vn 0.0207 -0.2425 -0.9699
vn -0.1228 0.1022 -0.9872
vn -0.0036 0.0067 -1.0000
vn 0.0175 0.0876 -0.9960
vn -0.0139 -0.0112 -0.9998
vn 0.2008 -0.1457 -0.9687
vn -0.0502 0.0147 -0.9986
vn -0.3785 0.0626 -0.9235
vn -0.0199 -0.0044 0.9998
vn -0.0494 0.0083 0.9987
vn -0.2153 0.1070 0.9707
vn 0.0479 -0.1491 0.9877
vn 0.0048 -0.0058 1.0000
vn 0.0865 -0.0125 0.9962
vn -0.0154 -0.0087 0.9998
vn -0.0620 0.2450 0.9675
vn -0.0046 -0.0522 0.9986
vn -0.0830 -0.3832 0.9199
vn -0.8210 -0.5710 -0.0000
vn -0.8274 -0.5616 -0.0000
vn -0.8212 -0.5706 -0.0000
vn -0.8342 -0.5515 -0.0000
vn -0.8347 -0.5506 -0.0000
vn -0.8348 -0.5506 -0.0000
vn 0.6183 -0.7802 0.0942
vn 0.5691 -0.8165 0.0967
vn 0.5696 -0.8162 0.0964
vn 0.6200 -0.7784 0.0985
vn 0.6879 -0.7258 0.0039
vn 0.6901 -0.7236 0.0130
vn 0.6182 -0.7795 -0.1014
vn 0.6139 -0.7832 -0.0981
vn 0.5673 -0.8178 -0.0967
vn 0.5668 -0.8182 -0.0964
vn 0.5162 -0.8513 -0.0941
vn 0.5138 -0.8522 -0.0985
vn 0.4409 -0.8976 -0.0039
vn 0.4381 -0.8988 -0.0130
vn 0.5155 -0.8509 0.1013
vn 0.5205 -0.8482 0.0981
vn 0.5696 -0.8163 0.0964
vn -0.0136 -0.9955 0.0941
vn -0.0747 -0.9925 0.0967
vn -0.0741 -0.9926 0.0964
vn -0.0112 -0.9951 0.0985
vn 0.0748 -0.9972 0.0039
vn 0.0778 -0.9969 0.0130
vn -0.0133 -0.9948 -0.1013
vn -0.0189 -0.9950 -0.0981
vn -0.0769 -0.9923 -0.0966
vn -0.0775 -0.9923 -0.0964
vn -0.1377 -0.9860 -0.0942
vn -0.1401 -0.9852 -0.0985
vn -0.2252 -0.9743 -0.0039
vn -0.2282 -0.9735 -0.0130
vn -0.1379 -0.9852 0.1014
vn -0.1324 -0.9863 0.0981
vn -0.0075 -0.0886 -0.9960
vn -0.0079 -0.0889 -0.9960
vn -0.5286 -0.0652 -0.8464
vn -0.5552 -0.0646 -0.8292
vn -0.9970 -0.0776 0.0021
vn -0.9971 -0.0765 0.0011
vn -0.5310 -0.0642 0.8450
vn -0.5568 -0.0655 0.8281
vn -0.0057 -0.0891 0.9960
vn -0.0061 -0.0887 0.9960
vn 0.5125 -0.1447 0.8464
vn 0.5390 -0.1481 0.8292
vn 0.9736 -0.2281 -0.0020
vn 0.9739 -0.2270 -0.0011
vn 0.5151 -0.1440 -0.8450
vn 0.5404 -0.1492 -0.8281
vn -0.0078 -0.0889 -0.9960
vn -0.0074 -0.0886 -0.9960
vn 0.0502 -0.0734 -0.9960
vn 0.0501 -0.0739 -0.9960
vn -0.3685 -0.3845 -0.8464
vn -0.3896 -0.4008 -0.8292
vn -0.7238 -0.6900 0.0021
vn -0.7246 -0.6892 0.0011
vn -0.3711 -0.3852 0.8450
vn -0.3903 -0.4025 0.8281
vn 0.0519 -0.0727 0.9960
vn 0.0513 -0.0726 0.9960
vn 0.4887 0.2116 0.8464
vn 0.5114 0.2257 0.8292
vn 0.8988 0.4383 -0.0020
vn 0.8983 0.4393 -0.0011
vn 0.4903 0.2137 -0.8450
vn 0.5132 0.2257 -0.8281
vn 0.1232 -0.0009 -0.9924
vn -0.9700 0.2431 -0.0000
vn -0.8022 0.1532 -0.5771
vn -0.9788 0.2046 -0.0000
vn -0.8076 0.2023 0.5540
vn 0.1316 0.9913 -0.0000
vn 0.1354 0.9644 0.2273
vn 0.1368 0.9906 -0.0000
vn 0.1284 0.9669 -0.2205
vt 0.821548 0.988526
vt 0.828269 0.996628
vt 0.836141 0.944582
vt 0.805901 0.502630
vt 0.743089 0.496769
vt 0.759931 0.620746
vt 0.806565 0.616754
vt 0.777449 0.790254
vt 0.807397 0.787646
vt 0.791432 0.944762
vt 0.808127 0.933811
vt 0.055223 0.425948
vt 0.055729 0.434590
vt 0.263180 0.529519
vt 0.269905 0.466301
vt 0.371242 0.570465
vt 0.053281 0.417065
vt 0.277151 0.402916
vt 0.053861 0.407998
vt 0.281683 0.321596
vt 0.052918 0.398611
vt 0.285323 0.211407
vt 0.455322 0.344153
vt 0.503178 0.218832
vt 0.599737 0.440426
vt 0.668027 0.356370
vt 0.714628 0.649619
vt 0.721289 0.643210
vt 0.398183 0.497300
vt 0.479768 0.609094
vt 0.515359 0.556776
vt 0.696413 0.668388
vt 0.422932 0.430600
vt 0.550688 0.504288
vt 0.709324 0.656783
vt 0.702249 0.662209
vt 0.693097 0.695346
vt 0.691266 0.686920
vt 0.475261 0.623420
vt 0.215550 0.999825
vt 0.500451 0.992286
vt 0.272505 0.841857
vt 0.482011 0.852525
vt 0.700675 0.722399
vt 0.697653 0.712998
vt 0.474882 0.758283
vt 0.696615 0.703855
vt 0.475004 0.688828
vt 0.365009 0.587386
vt 0.336741 0.664710
vt 0.257227 0.543380
vt 0.214976 0.594037
vt 0.047880 0.452460
vt 0.041000 0.457833
vt 0.170197 0.647700
vt 0.032771 0.462186
vt 0.104042 0.715905
vt 0.026061 0.468634
vt 0.000175 0.812158
vt 0.017662 0.474003
vt 0.309857 0.738684
vt 0.819339 0.933954
vt 0.819059 0.787661
vt 0.000175 0.184431
vt 0.012205 0.184431
vt 0.849008 0.790041
vt 0.865111 0.620522
vt 0.807221 0.999825
vt 0.821719 0.999601
vt 0.807050 0.988750
vt 0.276676 0.184781
vt 0.038070 0.380404
vt 0.064091 0.157322
vt 0.055998 0.184431
vt 0.070104 0.179238
vt 0.081135 0.162410
vt 0.047047 0.152234
vt 0.047047 0.172355
vt 0.058077 0.135406
vt 0.072183 0.130213
vt 0.081135 0.142289
vt 0.029626 0.157280
vt 0.037732 0.130129
vt 0.023604 0.135330
vt 0.012556 0.152184
vt 0.046697 0.162376
vt 0.046697 0.142223
vt 0.035649 0.179230
vt 0.021521 0.184431
vt 0.012556 0.172336
vt 0.800444 0.997055
vt 0.947331 0.374805
vt 0.949978 0.429159
vt 0.967000 0.429159
vt 0.969646 0.374805
vt 0.949978 0.320451
vt 0.967000 0.320451
vt 0.947331 0.483513
vt 0.949978 0.537866
vt 0.967000 0.537866
vt 0.969646 0.483512
vt 0.940375 0.221772
vt 0.941715 0.204802
vt 0.810824 0.194466
vt 0.809484 0.211435
vt 0.799434 0.040656
vt 0.782446 0.039573
vt 0.774093 0.170606
vt 0.791081 0.171689
vt 0.742739 0.639317
vt 0.691103 0.343523
vt 0.818488 0.616711
vt 0.881872 0.496769
vt 0.819180 0.502644
vt 0.000175 0.126806
vt 0.012205 0.126806
vt 0.517025 0.184781
vt 0.900969 0.259301
vt 0.803848 0.216440
vt 0.861705 0.296980
vt 0.798079 0.221290
vt 0.817838 0.329183
vt 0.792309 0.226139
vt 0.774093 0.361551
vt 0.786411 0.230831
vt 0.837556 0.079490
vt 0.796170 0.177249
vt 0.875825 0.118178
vt 0.801107 0.182944
vt 0.908688 0.161553
vt 0.806044 0.188639
vt 0.081485 0.177374
vt 0.084132 0.184431
vt 0.101154 0.184431
vt 0.103800 0.177374
vt 0.084132 0.170317
vt 0.101154 0.170317
vt 0.081485 0.163259
vt 0.103800 0.163259
vt 0.084132 0.156202
vt 0.101154 0.156202
vt 0.990945 0.832163
vt 0.980752 0.805163
vt 0.997011 0.852511
vt 0.999073 0.873644
vt 0.999825 0.902494
vt 0.999073 0.931344
vt 0.997011 0.952477
vt 0.990945 0.972825
vt 0.980752 0.999825
vt 0.891116 0.755017
vt 0.901325 0.782059
vt 0.885041 0.734637
vt 0.882975 0.713472
vt 0.882223 0.684577
vt 0.882975 0.655682
vt 0.885041 0.634516
vt 0.891116 0.614136
vt 0.901325 0.587094
vt 0.977307 0.751091
vt 0.970341 0.732640
vt 0.966195 0.718734
vt 0.964786 0.704292
vt 0.964273 0.684577
vt 0.964786 0.664861
vt 0.966195 0.650419
vt 0.970341 0.636513
vt 0.977307 0.618062
vt 0.904889 0.836083
vt 0.911844 0.854505
vt 0.915983 0.868389
vt 0.917390 0.882809
vt 0.917902 0.902494
vt 0.917390 0.922179
vt 0.915983 0.936598
vt 0.911844 0.950482
vt 0.904889 0.968905
s 0
usemtl fish
f 2672/1887/1668 2673/1888/1668 2674/1889/1668
f 2675/1890/1669 2676/1891/1669 2677/1892/1669
s 1
f 2678/1893/1670 2675/1890/1671 2677/1892/1672
f 2678/1893/1670 2677/1892/1672 2679/1894/1673
f 2680/1895/1674 2678/1893/1670 2679/1894/1673
s 0
f 2680/1895/1674 2679/1894/1674 2681/1896/1674
s 1
f 2682/1897/1675 2680/1895/1674 2681/1896/1674
f 2683/1898/1676 2684/1899/1677 2685/1900/1678
f 2686/1901/1679 2683/1898/1676 2685/1900/1678
f 2686/1901/1679 2685/1900/1678 2687/1902/1680
f 2688/1903/1681 2683/1898/1676 2686/1901/1679
f 2689/1904/1682 2688/1903/1681 2686/1901/1679
f 2690/1905/1683 2688/1903/1681 2689/1904/1682
f 2691/1906/1684 2690/1905/1683 2689/1904/1682
f 2692/1907/1685 2690/1905/1683 2691/1906/1684
f 2693/1908/1686 2692/1907/1685 2691/1906/1684
f 2693/1908/1686 2691/1906/1684 2694/1909/1687
f 2695/1910/1688 2693/1908/1686 2694/1909/1687
f 2695/1910/1688 2694/1909/1687 2696/1911/1689
f 2697/1912/1690 2695/1910/1688 2696/1911/1689
f 2697/1912/1690 2696/1911/1689 2698/1913/1691
f 2699/1914/1692 2697/1912/1690 2698/1913/1691
f 2700/1915/1693 2686/1901/1679 2687/1902/1680
f 2689/1904/1682 2686/1901/1679 2700/1915/1693
f 2700/1915/1693 2687/1902/1680 2701/1916/1694
f 2702/1917/1695 2700/1915/1693 2701/1916/1694
f 2702/1917/1695 2701/1916/1694 2703/1918/1696
f 2704/1919/1697 2689/1904/1682 2700/1915/1693
f 2704/1919/1697 2700/1915/1693 2702/1917/1695
f 2694/1909/1687 2691/1906/1684 2704/1919/1697
f 2691/1906/1684 2689/1904/1682 2704/1919/1697
f 2694/1909/1687 2704/1919/1697 2705/1920/1698
f 2696/1911/1689 2694/1909/1687 2705/1920/1698
f 2705/1920/1698 2704/1919/1697 2702/1917/1695
f 2698/1913/1691 2696/1911/1689 2706/1921/1699
f 2696/1911/1689 2705/1920/1698 2706/1921/1699
f 2707/1922/1700 2702/1917/1695 2703/1918/1696
f 2705/1920/1698 2702/1917/1695 2707/1922/1700
f 2706/1921/1699 2705/1920/1698 2707/1922/1700
f 2708/1923/1701 2709/1924/1702 2710/1925/1703
f 2711/1926/1704 2712/1927/1705 2713/1928/1706
f 2712/1927/1705 2714/1929/1707 2713/1928/1706
f 2712/1927/1705 2715/1930/1708 2714/1929/1707
f 2715/1930/1708 2716/1931/1709 2714/1929/1707
f 2714/1929/1707 2716/1931/1709 2717/1932/1710
f 2716/1931/1709 2718/1933/1711 2717/1932/1710
f 2719/1934/1712 2708/1923/1701 2710/1925/1703
f 2717/1932/1710 2718/1933/1711 2719/1934/1712
f 2718/1933/1711 2708/1923/1701 2719/1934/1712
f 2719/1934/1712 2710/1925/1703 2720/1935/1713
f 2721/1936/1714 2719/1934/1712 2720/1935/1713
f 2717/1932/1710 2719/1934/1712 2721/1936/1714
f 2721/1936/1714 2720/1935/1713 2722/1937/1715
f 2723/1938/1716 2721/1936/1714 2722/1937/1715
f 2723/1938/1716 2722/1937/1715 2724/1939/1717
f 2725/1940/1718 2723/1938/1716 2724/1939/1717
f 2726/1941/1719 2723/1938/1716 2725/1940/1718
f 2727/1942/1720 2726/1941/1719 2725/1940/1718
f 2728/1943/1721 2713/1928/1706 2726/1941/1719
f 2711/1926/1704 2713/1928/1706 2728/1943/1721
f 2728/1943/1721 2726/1941/1719 2727/1942/1720
f 2729/1944/1722 2728/1943/1721 2727/1942/1720
f 2730/1945/1723 2728/1943/1721 2729/1944/1722
f 2730/1945/1723 2711/1926/1704 2728/1943/1721
f 2731/1946/1724 2730/1945/1723 2729/1944/1722
f 2713/1928/1706 2732/1947/1725 2726/1941/1719
f 2726/1941/1719 2732/1947/1725 2723/1938/1716
f 2732/1947/1725 2717/1932/1710 2721/1936/1714
f 2732/1947/1725 2721/1936/1714 2723/1938/1716
f 2714/1929/1707 2717/1932/1710 2732/1947/1725
f 2713/1928/1706 2714/1929/1707 2732/1947/1725
s 0
f 2733/1948/1726 2734/1949/1726 2735/1895/1726
f 2736/1897/1726 2733/1948/1726 2735/1895/1726
f 2737/1950/1727 2738/1951/1727 2739/1951/1727
f 2740/1950/1727 2737/1950/1727 2739/1951/1727
f 2741/1894/1728 2742/1896/1728 2743/1896/1728
f 2744/1894/1728 2741/1894/1728 2743/1896/1728
f 2745/1889/1728 2746/1952/1728 2747/1952/1728
f 2748/1889/1728 2745/1889/1728 2747/1952/1728
f 2749/1952/1729 2750/1953/1729 2751/1953/1729
f 2752/1952/1729 2749/1952/1729 2751/1953/1729
f 2753/1954/1730 2754/1955/1730 2755/1955/1730
s 1
f 2756/1954/1730 2753/1954/1730 2755/1955/1730
s 0
f 2757/1892/1729 2758/1894/1729 2759/1894/1729
f 2760/1892/1729 2757/1892/1729 2759/1894/1729
f 2761/1956/1731 2762/1954/1731 2763/1955/1731
f 2764/1887/1731 2761/1956/1731 2763/1955/1731
f 2765/1907/1732 2766/1908/1732 2767/1957/1732
f 2768/1958/1732 2765/1907/1732 2767/1957/1732
s 1
f 2769/1959/1733 2770/1960/1734 2771/1961/1735
f 2772/1962/1736 2769/1959/1733 2771/1961/1735
f 2769/1959/1733 2773/1963/1737 2770/1960/1734
f 2773/1963/1737 2774/1964/1738 2770/1960/1734
f 2775/1965/1739 2773/1963/1737 2769/1959/1733
f 2776/1966/1740 2775/1965/1739 2769/1959/1733
f 2776/1966/1740 2769/1959/1733 2772/1962/1736
f 2777/1967/1741 2776/1966/1740 2772/1962/1736
s 0
f 2778/1948/1742 2779/1887/1742 2780/1889/1742
s 1
f 2781/1968/1743 2782/1969/1744 2783/1970/1745
f 2784/1971/1746 2781/1968/1743 2783/1970/1745
f 2781/1968/1743 2785/1972/1747 2782/1969/1744
f 2785/1972/1747 2786/1973/1748 2782/1969/1744
f 2787/1974/1749 2785/1972/1747 2781/1968/1743
f 2788/1975/1750 2781/1968/1743 2784/1971/1746
f 2788/1975/1750 2787/1974/1749 2781/1968/1743
f 2789/1976/1751 2788/1975/1750 2784/1971/1746
s 0
f 2790/1956/1752 2791/1897/1752 2792/1977/1752
s 1
f 2793/1978/1753 2794/1979/1754 2795/1980/1754
f 2796/1981/1753 2793/1978/1753 2795/1980/1754
f 2797/1982/1755 2793/1978/1753 2796/1981/1753
f 2798/1983/1755 2797/1982/1755 2796/1981/1753
f 2799/1984/1756 2800/1985/1757 2801/1986/1757
f 2802/1987/1756 2799/1984/1756 2801/1986/1757
f 2803/1979/1758 2799/1984/1756 2802/1987/1756
f 2804/1980/1758 2803/1979/1758 2802/1987/1756
s 0
f 2805/1918/1759 2806/1916/1759 2807/1925/1759
f 2808/1924/1759 2805/1918/1759 2807/1925/1759
s 1
f 2809/1988/1760 2810/1989/1760 2811/1990/1760
s 0
f 2812/1991/1760 2809/1988/1760 2811/1990/1760
f 2813/1992/1761 2814/1993/1761 2815/1994/1761
f 2816/1995/1761 2813/1992/1761 2815/1994/1761
f 2817/1912/1762 2818/1914/1762 2819/1996/1762
f 2820/1997/1762 2817/1912/1762 2819/1996/1762
s 1
f 2821/1949/1763 2822/1948/1764 2823/1952/1763
f 2821/1949/1763 2823/1952/1763 2824/1953/1765
f 2825/1998/1765 2821/1949/1763 2824/1953/1765
s 0
f 2825/1998/1765 2824/1953/1765 2826/1999/1765
s 1
f 2827/2000/1766 2825/1998/1765 2826/1999/1765
s 0
f 2822/1948/1764 2828/1889/1764 2829/1952/1764
f 2830/2001/1767 2831/1950/1767 2832/1951/1767
f 2833/2002/1767 2830/2001/1767 2832/1951/1767
f 2834/1887/1768 2835/1948/1768 2836/1897/1768
f 2837/1956/1768 2834/1887/1768 2836/1897/1768
f 2838/1998/1769 2839/2000/1769 2840/1890/1769
f 2841/1893/1769 2838/1998/1769 2840/1890/1769
f 2842/1949/1770 2843/1998/1770 2844/1893/1770
f 2845/1895/1770 2842/1949/1770 2844/1893/1770
s 1
f 2846/1910/1771 2847/1912/1772 2848/1997/1772
f 2849/2003/1773 2846/1910/1771 2848/1997/1772
f 2850/1908/1774 2846/1910/1771 2849/2003/1773
f 2851/1957/1774 2850/1908/1774 2849/2003/1773
f 2852/1902/1775 2853/1900/1776 2854/1937/1776
f 2855/1935/1775 2852/1902/1775 2854/1937/1776
f 2856/1916/1777 2852/1902/1775 2855/1935/1775
f 2857/1925/1777 2856/1916/1777 2855/1935/1775
s 0
f 2858/1900/1778 2859/1899/1778 2860/1939/1778
f 2861/1937/1778 2858/1900/1778 2860/1939/1778
s 1
f 2862/2004/1779 2863/1988/1780 2864/1991/1781
f 2865/2005/1782 2862/2004/1779 2864/1991/1781
f 2866/2006/1783 2862/2004/1779 2865/2005/1782
f 2867/2007/1784 2866/2006/1783 2865/2005/1782
f 2868/2008/1785 2866/2006/1783 2867/2007/1784
f 2869/2009/1786 2868/2008/1785 2867/2007/1784
f 2870/2010/1787 2868/2008/1785 2869/2009/1786
f 2871/2011/1788 2870/2010/1787 2869/2009/1786
f 2872/2012/1789 2873/1992/1790 2874/1995/1791
f 2875/2013/1792 2872/2012/1789 2874/1995/1791
f 2876/2014/1793 2872/2012/1789 2875/2013/1792
f 2877/2015/1794 2876/2014/1793 2875/2013/1792
f 2878/2016/1795 2876/2014/1793 2877/2015/1794
f 2879/2017/1796 2878/2016/1795 2877/2015/1794
f 2880/1989/1797 2878/2016/1795 2879/2017/1796
f 2881/1990/1798 2880/1989/1797 2879/2017/1796
s 0
f 2882/2018/1799 2883/2019/1799 2884/2020/1799
f 2885/2021/1799 2882/2018/1799 2884/2020/1799
s 1
f 2886/2022/1800 2882/2018/1801 2885/2021/1801
f 2887/2023/1800 2886/2022/1800 2885/2021/1801
f 2888/2024/1802 2886/2022/1800 2887/2023/1800
f 2889/2025/1802 2888/2024/1802 2887/2023/1800
f 2890/2026/1803 2888/2024/1802 2889/2025/1802
f 2891/2027/1804 2890/2026/1803 2889/2025/1802
f 2892/2028/1805 2893/2029/1806 2894/2029/1807
f 2895/2028/1808 2892/2028/1805 2894/2029/1807
f 2896/2030/1809 2892/2028/1805 2895/2028/1808
f 2897/2030/1810 2896/2030/1809 2895/2028/1808
f 2898/2031/1811 2896/2030/1809 2897/2030/1810
f 2899/2031/1812 2898/2031/1811 2897/2030/1810
f 2900/2032/1813 2898/2031/1811 2899/2031/1812
f 2901/2032/1814 2900/2032/1813 2899/2031/1812
f 2902/2033/1815 2900/2032/1813 2901/2032/1814
f 2903/2033/1816 2902/2033/1815 2901/2032/1814
f 2904/2034/1817 2902/2033/1815 2903/2033/1816
f 2905/2034/1818 2904/2034/1817 2903/2033/1816
f 2906/2035/1819 2904/2034/1817 2905/2034/1818
f 2907/2035/1820 2906/2035/1819 2905/2034/1818
f 2908/2036/1806 2906/2035/1819 2907/2035/1820
f 2909/2036/1821 2908/2036/1806 2907/2035/1820
f 2910/2037/1822 2911/2038/1823 2912/2038/1824
f 2913/2037/1825 2910/2037/1822 2912/2038/1824
f 2914/2039/1826 2910/2037/1822 2913/2037/1825
f 2915/2039/1827 2914/2039/1826 2913/2037/1825
f 2916/2040/1828 2914/2039/1826 2915/2039/1827
f 2917/2040/1829 2916/2040/1828 2915/2039/1827
f 2918/2041/1830 2916/2040/1828 2917/2040/1829
f 2919/2041/1831 2918/2041/1830 2917/2040/1829
f 2920/2042/1832 2918/2041/1830 2919/2041/1831
f 2921/2042/1833 2920/2042/1832 2919/2041/1831
f 2922/2043/1834 2920/2042/1832 2921/2042/1833
f 2923/2043/1835 2922/2043/1834 2921/2042/1833
f 2924/2044/1836 2922/2043/1834 2923/2043/1835
f 2925/2044/1837 2924/2044/1836 2923/2043/1835
f 2926/2045/1823 2924/2044/1836 2925/2044/1837
f 2927/2045/1824 2926/2045/1823 2925/2044/1837
f 2928/2038/1838 2929/2046/1839 2930/2047/1840
f 2931/2037/1841 2928/2038/1838 2930/2047/1840
f 2931/2037/1841 2930/2047/1840 2932/2048/1842
f 2933/2039/1843 2931/2037/1841 2932/2048/1842
f 2933/2039/1843 2932/2048/1842 2934/2049/1844
f 2935/2040/1845 2933/2039/1843 2934/2049/1844
f 2935/2040/1845 2934/2049/1844 2936/2050/1846
f 2937/2041/1847 2935/2040/1845 2936/2050/1846
f 2937/2041/1847 2936/2050/1846 2938/2051/1848
f 2939/2042/1849 2937/2041/1847 2938/2051/1848
f 2939/2042/1849 2938/2051/1848 2940/2052/1850
f 2941/2043/1851 2939/2042/1849 2940/2052/1850
f 2941/2043/1851 2940/2052/1850 2942/2053/1852
f 2943/2044/1853 2941/2043/1851 2942/2053/1852
f 2943/2044/1853 2942/2053/1852 2944/2054/1854
f 2945/2045/1855 2943/2044/1853 2944/2054/1854
f 2946/2029/1856 2947/2055/1857 2948/2056/1858
f 2949/2028/1859 2946/2029/1856 2948/2056/1858
f 2949/2028/1859 2948/2056/1858 2950/2057/1860
f 2951/2030/1861 2949/2028/1859 2950/2057/1860
f 2951/2030/1861 2950/2057/1860 2952/2058/1862
f 2953/2031/1863 2951/2030/1861 2952/2058/1862
f 2953/2031/1863 2952/2058/1862 2954/2059/1864
f 2955/2032/1865 2953/2031/1863 2954/2059/1864
f 2955/2032/1865 2954/2059/1864 2956/2060/1866
f 2957/2033/1867 2955/2032/1865 2956/2060/1866
f 2957/2033/1867 2956/2060/1866 2958/2061/1868
f 2959/2034/1869 2957/2033/1867 2958/2061/1868
f 2959/2034/1869 2958/2061/1868 2960/2062/1870
f 2961/2035/1871 2959/2034/1869 2960/2062/1870
f 2961/2035/1871 2960/2062/1870 2962/2063/1857
f 2963/2036/1856 2961/2035/1871 2962/2063/1857
s 0
f 2964/1897/1872 2965/1896/1872 2966/1977/1872
f 2967/1888/1873 2968/1889/1873 2969/1889/1873
f 2970/1888/1874 2971/1888/1874 2972/1889/1874
f 2973/1896/1875 2974/1896/1875 2975/1977/1875
f 2976/1896/1876 2977/1977/1876 2978/1977/1876
f 2979/1891/1877 2980/1892/1877 2981/1892/1877
f 2982/1891/1878 2983/1891/1878 2984/1892/1878
f 2985/1953/1879 2986/1953/1879 2987/1999/1879
s 1
f 2988/1953/1880 2989/1999/1880 2990/1999/1880
o Object_98
v 0.002751 0.343185 -0.018062
v 0.005314 0.346863 -0.007780
v 0.004957 0.345381 -0.007771
v -0.001028 0.333726 -0.021355
v 0.002768 0.342027 -0.017070
v -0.000224 0.333691 -0.020060
v 0.033785 0.331554 -0.029390
v 0.040638 0.336435 -0.011871
v 0.058015 0.310027 -0.040665
v 0.069844 0.314746 -0.015587
v 0.075105 0.286808 -0.048974
v 0.090163 0.290955 -0.019101
v 0.086990 0.267122 -0.053135
v 0.102723 0.270828 -0.022702
v 0.096848 0.249629 -0.053103
v 0.110312 0.252762 -0.027128
v 0.113517 0.229183 -0.052448
v 0.121923 0.231158 -0.036175
v 0.147960 0.207199 -0.057494
v 0.148896 0.207416 -0.055697
v 0.078685 0.231373 -0.061745
v 0.061208 0.250467 -0.061493
v 0.105677 0.215816 -0.059451
v 0.147460 0.205659 -0.058451
v 0.037740 0.330857 0.006519
v 0.004914 0.341614 0.001628
v 0.002636 0.333140 0.004851
v 0.026890 0.318398 0.013514
v 0.000815 0.329150 0.000220
v 0.020294 0.312560 0.005011
v -0.000212 0.328890 -0.007542
v 0.018060 0.312216 -0.009853
v -0.000969 0.329493 -0.015315
v 0.017008 0.313139 -0.024823
v 0.021621 0.319326 -0.034327
v 0.036336 0.297331 -0.047223
v 0.048274 0.273044 -0.056657
v 0.064170 0.308491 0.011242
v 0.044535 0.295285 0.021932
v 0.032930 0.289363 0.009923
v 0.029313 0.289335 -0.011533
v 0.027817 0.290639 -0.033202
v 0.038056 0.265039 -0.039851
v 0.052363 0.239768 -0.044803
v 0.074293 0.218928 -0.048728
v 0.105783 0.206457 -0.052589
v 0.083697 0.282887 0.012983
v 0.059722 0.267819 0.025887
v 0.045194 0.261781 0.011624
v 0.040320 0.262670 -0.013979
v 0.055786 0.235607 -0.018694
v 0.079055 0.213449 -0.027153
v 0.110397 0.202130 -0.039819
v 0.098186 0.259324 0.009463
v 0.076124 0.240078 0.021905
v 0.061665 0.233290 0.007205
v 0.085452 0.210028 -0.005576
v 0.115614 0.199323 -0.026857
v 0.110278 0.238917 -0.001164
v 0.096579 0.217101 0.007453
v 0.121443 0.204376 -0.018187
v 0.125351 0.220597 -0.021476
v 0.147776 0.204573 -0.057844
v 0.148464 0.204065 -0.056520
v 0.149175 0.203732 -0.055153
v 0.149705 0.204310 -0.054137
v 0.149645 0.206187 -0.054255
v 0.148896 0.207416 -0.055697
v 0.121923 0.231158 -0.036175
v 0.110312 0.252762 -0.027128
v 0.102723 0.270828 -0.022702
v 0.090163 0.290955 -0.019101
v 0.069844 0.314746 -0.015587
v 0.040638 0.336435 -0.011871
v 0.004957 0.345381 -0.007771
v 0.005314 0.346863 -0.007780
v 0.005116 0.342733 0.002644
v 0.002130 0.333124 0.006290
v -0.000160 0.328178 0.000876
v -0.001231 0.327759 -0.007451
v -0.002065 0.328541 -0.015779
v -0.027041 0.336678 -0.043347
v -0.037570 0.352066 -0.042502
v -0.010575 0.355473 -0.027663
v -0.008890 0.343037 -0.032140
v -0.036947 0.320871 -0.062722
v -0.054146 0.335570 -0.066193
v -0.052013 0.357615 -0.029487
v -0.016694 0.360477 -0.006178
v -0.006149 0.356665 -0.026825
v -0.008561 0.345090 -0.030970
v -0.005626 0.339021 -0.016305
v 0.000199 0.361008 -0.006235
v -0.075586 0.338748 -0.054150
v 0.035050 0.358488 -0.030236
v 0.018989 0.353401 -0.044090
v 0.006583 0.337555 -0.044759
v 0.008882 0.328582 -0.034611
v 0.018908 0.326164 -0.021255
v -0.000495 0.337874 -0.007217
v -0.012241 0.336776 -0.017055
v -0.029618 0.328433 -0.033986
v -0.039496 0.311357 -0.050599
v -0.047120 0.291146 -0.069175
v -0.043793 0.302552 -0.081676
v -0.063604 0.317340 -0.086923
v -0.088807 0.318161 -0.076263
v -0.069793 0.302743 -0.103454
v -0.095453 0.302248 -0.094557
v -0.050764 0.286814 -0.099859
v -0.055081 0.273463 -0.090065
v -0.071469 0.265497 -0.079599
v -0.062690 0.285014 -0.056193
v -0.052578 0.307592 -0.037086
v -0.038928 0.326685 -0.021539
v -0.017488 0.335876 -0.007239
v 0.004672 0.337938 0.001922
v 0.029778 0.325438 -0.008369
v -0.075590 0.291692 -0.116250
v -0.097908 0.290910 -0.109479
v -0.060550 0.276306 -0.117331
v -0.065535 0.263177 -0.112984
v -0.080499 0.255184 -0.106810
v -0.096374 0.249061 -0.100776
v -0.089113 0.259454 -0.069916
v -0.079628 0.280617 -0.044262
v -0.066865 0.305458 -0.024465
v -0.048923 0.326557 -0.009507
v -0.022693 0.336264 0.002632
v -0.100819 0.254354 -0.132114
v -0.090120 0.258327 -0.134470
v -0.079877 0.263513 -0.136463
v -0.075714 0.272031 -0.136049
v -0.084332 0.282011 -0.131635
v -0.098812 0.281504 -0.127516
v -0.110002 0.253670 -0.097754
v -0.105337 0.264350 -0.067548
v -0.095921 0.285668 -0.041726
v -0.071986 0.314344 -0.010496
v -0.057997 0.333668 -0.004093
v -0.024607 0.342426 0.009092
v 0.007952 0.343354 0.007667
v 0.040091 0.332514 -0.002679
v 0.044140 0.349617 -0.012504
v 0.006246 0.355362 0.004522
v -0.023155 0.354857 0.005441
v -0.060806 0.349807 -0.013039
v -0.087090 0.328471 -0.034737
v -0.102731 0.304668 -0.056936
v -0.110755 0.285882 -0.079201
v -0.112709 0.274701 -0.101555
v -0.109539 0.270987 -0.126401
v -0.109297 0.257344 -0.129075
v -0.097908 0.290910 -0.109479
v -0.095453 0.302248 -0.094557
v -0.088807 0.318161 -0.076263
v -0.075586 0.338748 -0.054150
v -0.052013 0.357615 -0.029487
v -0.016694 0.360477 -0.006178
v 0.000199 0.361008 -0.006235
v 0.035050 0.358488 -0.030236
v 0.058162 0.338531 -0.055109
v 0.069958 0.326956 -0.033818
v 0.070817 0.317467 -0.076480
v 0.084792 0.302722 -0.055624
v 0.077131 0.301525 -0.093748
v 0.050884 0.302388 -0.103922
v 0.070817 0.317467 -0.076480
v 0.044320 0.317165 -0.088539
v 0.030937 0.285930 -0.101240
v 0.022817 0.301808 -0.083627
v 0.034961 0.271865 -0.091203
v 0.025766 0.289538 -0.070317
v 0.051497 0.263288 -0.079905
v 0.041819 0.282626 -0.056111
v 0.069376 0.256712 -0.069331
v 0.059391 0.277539 -0.042971
v 0.086125 0.261631 -0.066166
v 0.076737 0.282566 -0.039774
v 0.092308 0.284149 -0.077596
v 0.062240 0.308771 -0.018692
v 0.077131 0.301525 -0.093748
v 0.079644 0.290157 -0.108253
v 0.094341 0.273411 -0.100141
v 0.091408 0.251945 -0.097017
v 0.077675 0.247396 -0.100735
v 0.061795 0.253845 -0.107273
v 0.046850 0.262194 -0.113863
v 0.041978 0.275674 -0.118068
v 0.057239 0.291222 -0.115942
v 0.079644 0.290157 -0.108253
v 0.081142 0.281013 -0.126964
v 0.091834 0.270382 -0.125836
v 0.091596 0.256753 -0.128840
v 0.083147 0.253864 -0.132156
v 0.072484 0.257957 -0.134678
v 0.062273 0.263256 -0.136798
v 0.058123 0.271814 -0.136283
v 0.066710 0.281687 -0.131423
v 0.080943 0.275609 -0.157802
v 0.081707 0.276474 -0.157047
v 0.081142 0.281013 -0.126964
v 0.083148 0.276426 -0.156652
v 0.083148 0.276426 -0.156652
v 0.084307 0.275509 -0.156872
v 0.084407 0.274323 -0.157570
v 0.083593 0.274065 -0.157967
v 0.082496 0.274414 -0.158077
v 0.081433 0.274867 -0.158112
v 0.006905 0.315604 0.051871
v 0.004883 0.324917 0.032666
v -0.000249 0.332941 0.047714
v 0.003160 0.322258 0.059774
v -0.008974 0.334981 0.049939
v -0.006612 0.324891 0.064057
v -0.015087 0.333484 0.037698
v -0.015971 0.321689 0.061808
v -0.015131 0.328662 0.034102
v -0.016047 0.317048 0.056670
v -0.010534 0.323881 0.030850
v -0.010798 0.312947 0.051389
v 0.001719 0.345172 0.021789
v 0.004084 0.338578 0.019265
v -0.004476 0.344847 0.026783
v -0.010292 0.344725 0.020527
v -0.011232 0.342784 0.018207
v -0.007808 0.338351 0.016863
v -0.003885 0.334275 0.015778
v -0.005304 0.319536 0.027966
v -0.004818 0.309332 0.046546
v -0.000619 0.346010 -0.000739
v 0.000264 0.348098 0.000445
v -0.002477 0.349954 0.000902
v -0.005601 0.348195 0.000371
v -0.004940 0.345394 -0.001205
v -0.003859 0.345227 -0.001768
v -0.002423 0.345019 -0.001433
v -0.001425 0.344785 -0.001205
v 0.000698 0.333400 0.016268
v 0.000671 0.318848 0.027858
v 0.002036 0.309315 0.045572
v -0.002977 0.343817 -0.002191
v -0.000735 0.343683 -0.002002
v -0.004885 0.344264 -0.002355
v -0.006359 0.345108 -0.001685
v -0.006704 0.349246 0.000289
v -0.002506 0.351460 0.001139
v 0.001378 0.349138 0.000509
v 0.000858 0.345873 -0.001092
v -0.000735 0.343683 -0.002002
v -0.001425 0.344785 -0.001205
v 0.000698 0.333400 0.016268
v 0.000671 0.318848 0.027858
v 0.002036 0.309315 0.045572
v 0.004465 0.298307 0.057956
v 0.009516 0.304056 0.064766
v 0.006181 0.308794 0.074230
v -0.003229 0.309417 0.080078
v -0.012516 0.305450 0.078355
v -0.012812 0.301740 0.072438
v -0.007885 0.299263 0.065859
v -0.002222 0.297285 0.059717
v 0.004465 0.298307 0.057956
v 0.008416 0.286356 0.068016
v 0.013002 0.291002 0.074174
v 0.010836 0.293327 0.083362
v 0.003436 0.291832 0.089487
v -0.004330 0.287463 0.088416
v -0.004939 0.285059 0.082817
v -0.001282 0.284483 0.076270
v 0.003009 0.284369 0.070095
v 0.008416 0.286356 0.068016
v 0.011774 0.270492 0.076879
v 0.015014 0.272682 0.075229
v 0.025375 0.255620 0.075910
v 0.026155 0.256509 0.075409
v 0.015014 0.272682 0.075229
v 0.018305 0.275719 0.079542
v 0.017580 0.276087 0.086230
v 0.013372 0.273580 0.090854
v 0.008441 0.269832 0.090299
v 0.007675 0.268715 0.086277
v 0.009514 0.269430 0.081453
v 0.024965 0.254989 0.077295
v 0.026155 0.256509 0.075409
v 0.027181 0.257392 0.076714
v 0.027255 0.257173 0.078739
v 0.026339 0.256010 0.080139
v 0.025032 0.254668 0.079973
v 0.024675 0.254472 0.078755
v -0.016989 0.334772 -0.001332
v -0.011801 0.335641 -0.001263
v -0.012148 0.336977 -0.000614
v -0.012650 0.328888 0.015760
v -0.016786 0.336031 -0.000496
v -0.021121 0.337074 -0.000424
v -0.019578 0.311271 0.029320
v -0.023061 0.328099 0.013274
v -0.020135 0.337581 0.000622
v -0.024253 0.349267 0.004885
v -0.026974 0.303804 0.041123
v -0.033799 0.312380 0.021481
v -0.031285 0.332730 0.013305
v -0.023155 0.348366 0.005441
v -0.016318 0.349977 0.005255
v -0.038258 0.307321 0.029736
v -0.040643 0.296521 0.048439
v -0.044249 0.320427 0.020179
v -0.031991 0.340447 0.014839
v -0.015990 0.348489 0.005217
v -0.003682 0.351223 0.000095
v -0.003670 0.349698 0.000085
v -0.017991 0.349749 0.025607
v -0.041466 0.334519 0.020800
v -0.046964 0.316874 0.026336
v -0.047821 0.302402 0.034322
v -0.057769 0.291927 0.051606
v -0.059592 0.298646 0.038351
v -0.077912 0.291003 0.050139
v -0.076189 0.296065 0.041588
v -0.100517 0.294929 0.036453
v -0.099861 0.295733 0.035267
v -0.076210 0.303705 0.038575
v -0.099609 0.296935 0.034895
v -0.088782 0.312962 0.032797
v -0.004476 0.348378 0.026783
v -0.027609 0.343011 0.044074
v -0.002761 0.335823 0.050788
v -0.082481 0.310722 0.059379
v -0.065131 0.321098 0.065249
v -0.072397 0.320346 0.030595
v -0.062403 0.309482 0.033522
v -0.054124 0.313590 0.029386
v -0.052025 0.329678 0.024211
v -0.035124 0.335769 0.056060
v -0.020038 0.325641 0.067010
v -0.002761 0.319535 0.046558
v -0.011456 0.308278 0.064108
v -0.038917 0.316241 0.078010
v -0.061580 0.307631 0.078688
v -0.083712 0.300992 0.067966
v -0.049120 0.329380 0.063862
v -0.062840 0.324719 0.027703
v -0.031814 0.297486 0.075957
v -0.057177 0.290382 0.077178
v -0.082121 0.289123 0.066773
v -0.079874 0.286972 0.059173
v -0.056333 0.286735 0.065576
v -0.033909 0.292360 0.063364
v -0.016116 0.301961 0.053291
v -0.005778 0.311823 0.037931
v -0.002520 0.330769 0.018761
v -0.002732 0.336753 0.022861
v -0.007634 0.338400 -0.000496
v -0.003406 0.341259 0.000510
v -0.006602 0.337414 -0.001034
v -0.003327 0.339957 -0.000280
v -0.011801 0.335641 -0.001263
v -0.012148 0.336977 -0.000614
v -0.012650 0.328888 0.015760
v -0.019578 0.311271 0.029320
v -0.026974 0.303804 0.041123
v -0.040643 0.296521 0.048439
v -0.057769 0.291927 0.051606
v -0.077912 0.291003 0.050139
v -0.101207 0.294286 0.037717
v -0.100517 0.294929 0.036453
v -0.100194 0.298218 0.036140
v -0.101137 0.298014 0.037934
v -0.101814 0.296477 0.039089
v -0.101767 0.294616 0.038824
v 0.170042 0.311049 -0.007712
v 0.169342 0.311287 -0.008761
v 0.169740 0.312297 -0.006338
v 0.168273 0.312304 -0.009317
v 0.168513 0.313921 -0.006247
v 0.167182 0.314847 -0.007482
v 0.167217 0.313405 -0.009712
v 0.166635 0.314446 -0.009236
v 0.001835 0.225698 -0.148293
v 0.000910 0.224811 -0.148235
v 0.001163 0.227431 -0.148582
v -0.000658 0.224666 -0.148327
v -0.000744 0.228109 -0.148812
v -0.002614 0.227300 -0.148833
v -0.002229 0.224702 -0.148444
v -0.003198 0.225524 -0.148628
v 0.084407 0.274323 -0.157570
v 0.083593 0.274065 -0.157967
v 0.084307 0.275509 -0.156872
v 0.082496 0.274414 -0.158077
v 0.083148 0.276426 -0.156652
v 0.081707 0.276474 -0.157047
v 0.081433 0.274867 -0.158112
v 0.080943 0.275609 -0.157802
v 0.149705 0.204310 -0.054137
v 0.149175 0.203732 -0.055153
v 0.149645 0.206187 -0.054255
v 0.148464 0.204065 -0.056520
v 0.148896 0.207416 -0.055697
v 0.147960 0.207199 -0.057494
v 0.147776 0.204573 -0.057844
v 0.147460 0.205659 -0.058451
v -0.039152 0.269397 -0.040221
v -0.046120 0.247125 -0.050736
v -0.026580 0.269837 -0.049459
v -0.019740 0.292250 -0.039479
v -0.030759 0.292065 -0.031223
v -0.051287 0.273158 -0.039860
v -0.041263 0.295939 -0.030613
v -0.009589 0.293332 -0.048722
v -0.058500 0.251004 -0.050347
v -0.063484 0.231076 -0.065031
v -0.052723 0.227019 -0.065793
v -0.033143 0.247995 -0.059949
v -0.015032 0.271183 -0.059870
v -0.007316 0.297970 -0.058674
v -0.000510 0.319733 -0.041994
v -0.002708 0.315236 -0.034565
v -0.010867 0.314270 -0.027247
v -0.019640 0.314186 -0.020609
v -0.027661 0.318050 -0.019616
v -0.004235 0.334838 -0.005140
v -0.009534 0.338158 -0.003882
v 0.002006 0.334891 -0.009873
v 0.007902 0.335698 -0.014967
v 0.009929 0.339537 -0.019641
v 0.004141 0.346713 -0.021183
v -0.009874 0.328106 -0.045811
v -0.020000 0.306456 -0.064766
v -0.012607 0.276023 -0.071369
v -0.021189 0.249858 -0.070327
v -0.041004 0.228307 -0.073624
v -0.059470 0.212134 -0.087560
v -0.066454 0.215456 -0.086438
v -0.051336 0.213350 -0.092507
v -0.030115 0.230684 -0.082348
v -0.018521 0.255386 -0.081763
v -0.027398 0.284494 -0.078873
v -0.036321 0.309396 -0.058299
v -0.022596 0.331110 -0.040211
v -0.004587 0.349309 -0.016755
v -0.005144 0.350607 -0.017331
v 0.004626 0.347723 -0.022218
v 0.011327 0.339481 -0.020248
v 0.009033 0.334747 -0.014588
v -0.046137 0.287159 -0.071891
v -0.033476 0.264497 -0.089185
v -0.027230 0.236952 -0.091579
v -0.043670 0.215479 -0.097873
v -0.064717 0.205608 -0.117445
v -0.066086 0.205373 -0.116702
v -0.052703 0.266944 -0.082199
v -0.039836 0.246820 -0.096963
v -0.041117 0.220819 -0.102976
v -0.063404 0.206014 -0.118219
v -0.056867 0.249106 -0.090683
v -0.048827 0.229042 -0.105001
v -0.062869 0.207013 -0.118821
v -0.060264 0.230796 -0.100526
v -0.063968 0.208540 -0.118814
v -0.065821 0.208855 -0.118026
v -0.030253 0.326842 -0.029014
v -0.022596 0.331110 -0.040211
v -0.036321 0.309396 -0.058299
v -0.045481 0.304931 -0.043704
v -0.046137 0.287159 -0.071891
v -0.056431 0.282343 -0.055222
v -0.052703 0.266944 -0.082199
v -0.063484 0.261208 -0.065604
v -0.056867 0.249106 -0.090683
v -0.067048 0.242409 -0.077036
v -0.060264 0.230796 -0.100526
v -0.067845 0.225016 -0.092588
v -0.065821 0.208855 -0.118026
v -0.067196 0.207768 -0.116987
v -0.067170 0.205986 -0.116388
v -0.010468 0.345678 -0.009355
v -0.004587 0.349309 -0.016755
v 0.002717 0.333790 -0.009093
v -0.004009 0.333828 -0.004020
v -0.010393 0.337954 -0.002639
v -0.011653 0.346578 -0.009021
v -0.005144 0.350607 -0.017331
v 0.166635 0.314446 -0.009236
v 0.167217 0.313405 -0.009712
v 0.132608 0.311124 -0.004972
v 0.135636 0.302453 -0.008008
v 0.168273 0.312304 -0.009317
v 0.108202 0.312619 -0.003686
v 0.141371 0.292797 -0.004140
v 0.169342 0.311287 -0.008761
v 0.109740 0.298439 -0.007529
v 0.090985 0.316308 -0.003490
v 0.147204 0.283781 0.000937
v 0.170042 0.311049 -0.007712
v 0.113745 0.282246 -0.000400
v 0.088465 0.299884 -0.007342
v 0.074767 0.320989 -0.003127
v 0.068655 0.305611 -0.006876
v 0.054918 0.327855 -0.002938
v 0.086644 0.281111 0.001768
v 0.117947 0.267045 0.008564
v 0.151160 0.281181 0.009373
v 0.169740 0.312297 -0.006338
v 0.168513 0.313921 -0.006247
v 0.149798 0.291147 0.019360
v 0.121363 0.262277 0.022122
v 0.085142 0.263485 0.012984
v 0.061336 0.288400 0.002314
v 0.047882 0.315163 -0.006384
v 0.030802 0.336231 -0.003779
v 0.167182 0.314847 -0.007482
v 0.143240 0.305024 0.018966
v 0.121648 0.278215 0.036766
v 0.085656 0.257938 0.029105
v 0.054400 0.272314 0.013599
v 0.038561 0.301469 0.001434
v 0.025698 0.326512 -0.006340
v 0.004371 0.340680 -0.005669
v 0.002630 0.334644 -0.006776
v 0.018228 0.316415 -0.000518
v -0.000717 0.328520 -0.003219
v 0.010893 0.307136 0.006672
v -0.004127 0.322922 0.001070
v -0.004783 0.321946 0.000099
v -0.000979 0.327813 -0.004545
v 0.002594 0.334452 -0.008288
v 0.004665 0.341652 -0.006806
v 0.029558 0.288772 0.011090
v 0.051908 0.267595 0.029707
v 0.089435 0.276383 0.045545
v 0.117526 0.301202 0.034648
v 0.135874 0.313622 0.008593
v 0.166635 0.314446 -0.009236
v 0.132608 0.311124 -0.004972
v 0.111771 0.316002 0.017395
v 0.108202 0.312619 -0.003686
v 0.093435 0.320195 0.021079
v 0.090985 0.316308 -0.003490
v 0.075633 0.325274 0.021351
v 0.025533 0.285535 0.025083
v 0.058475 0.285197 0.045996
v 0.092755 0.303019 0.041999
v 0.007060 0.305159 0.017087
v 0.032290 0.300519 0.039491
v 0.068629 0.309872 0.042309
v 0.011326 0.316982 0.027806
v 0.044628 0.320513 0.036559
v 0.020789 0.332010 0.025618
v 0.054346 0.332284 0.018458
v 0.029147 0.340304 0.012144
v -0.006465 0.321883 0.006914
v -0.005727 0.329356 0.012480
v -0.001920 0.338584 0.010780
v 0.002112 0.344892 -0.000496
v 0.074767 0.320989 -0.003127
v 0.054918 0.327855 -0.002938
v 0.030802 0.336231 -0.003779
v 0.004371 0.340680 -0.005669
v 0.004665 0.341652 -0.006806
v 0.002256 0.346404 -0.000356
v -0.002337 0.339600 0.011838
v -0.006721 0.329423 0.013634
v -0.007686 0.320990 0.007108
v -0.190965 0.310514 -0.024904
v -0.190899 0.309322 -0.026443
v -0.191385 0.309428 -0.025644
v -0.190038 0.309808 -0.027043
v -0.189892 0.311523 -0.025159
v -0.188882 0.311791 -0.026228
v -0.189169 0.310383 -0.027543
v -0.188611 0.311129 -0.027408
v 0.029147 0.340304 0.012144
v 0.012862 0.347867 0.001550
v 0.006246 0.348870 0.004522
v 0.012528 0.349749 0.025607
v 0.037217 0.336493 0.030988
v 0.022087 0.343011 0.044074
v 0.056058 0.307631 0.078688
v 0.059609 0.321098 0.065250
v 0.033395 0.316241 0.078010
v 0.043598 0.329380 0.063862
v 0.014516 0.325641 0.067010
v 0.029602 0.335769 0.056060
v -0.002761 0.335823 0.050788
v -0.004476 0.348378 0.026783
v -0.003670 0.349698 0.000085
v 0.006517 0.350370 0.004479
v 0.013858 0.348669 0.000719
v 0.015483 0.336963 -0.000466
v 0.014613 0.337581 0.000622
v 0.025122 0.332472 0.014063
v 0.038727 0.320427 0.020179
v -0.003682 0.351223 0.000095
v -0.002761 0.319535 0.046558
v 0.005934 0.308278 0.064108
v 0.026292 0.297487 0.075957
v 0.051654 0.290382 0.077179
v 0.011501 0.334779 -0.001334
v 0.015483 0.336963 -0.000466
v 0.014613 0.337581 0.000622
v 0.011264 0.336031 -0.000496
v 0.006279 0.335641 -0.001262
v 0.006626 0.336977 -0.000614
v 0.001142 0.337346 -0.001018
v 0.002112 0.338400 -0.000496
v -0.003327 0.339957 -0.000280
v -0.003406 0.341259 0.000510
v -0.002732 0.336753 0.022861
v -0.002944 0.330769 0.018761
v 0.000255 0.311824 0.037932
v 0.010593 0.301961 0.053291
v 0.028386 0.292360 0.063364
v 0.050810 0.286735 0.065576
v 0.007187 0.328888 0.015760
v 0.014056 0.311271 0.029320
v 0.021451 0.303804 0.041123
v 0.035121 0.296521 0.048439
v 0.052247 0.291927 0.051607
v 0.074351 0.286972 0.059173
v 0.072389 0.291003 0.050140
v 0.054069 0.298646 0.038352
v 0.070666 0.296065 0.041589
v 0.056880 0.309482 0.033522
v 0.070688 0.303705 0.038576
v 0.076598 0.289123 0.066774
v 0.096244 0.294616 0.041200
v 0.095684 0.294286 0.040093
v 0.094995 0.294928 0.038829
v 0.094338 0.295732 0.037643
v 0.094086 0.296935 0.037271
v 0.017597 0.328099 0.013274
v 0.028277 0.312380 0.021481
v 0.032736 0.307321 0.029737
v 0.042299 0.302402 0.034322
v 0.048602 0.313590 0.029386
v 0.025122 0.332472 0.014063
v 0.038727 0.320427 0.020179
v 0.041442 0.316874 0.026336
v -0.189169 0.310383 -0.027543
v -0.188611 0.311129 -0.027408
v -0.152454 0.300851 -0.020268
v -0.156981 0.292540 -0.020941
v -0.126325 0.297404 -0.016476
v -0.190038 0.309808 -0.027043
v -0.129965 0.283189 -0.015968
v -0.109153 0.299232 -0.014809
v -0.164294 0.285698 -0.014985
v -0.190899 0.309322 -0.026443
v -0.107623 0.282436 -0.012521
v -0.093221 0.304351 -0.012754
v -0.137176 0.270950 -0.004864
v -0.171581 0.279797 -0.008068
v -0.191385 0.309428 -0.025644
v -0.086593 0.289026 -0.009795
v -0.071986 0.314344 -0.010496
v -0.109070 0.267866 0.002396
v -0.144548 0.260248 0.007637
v -0.175867 0.280418 0.000375
v -0.190965 0.310514 -0.024904
v -0.189892 0.311523 -0.025159
v -0.172699 0.292135 0.007157
v -0.149711 0.260617 0.021377
v -0.111059 0.255099 0.018825
v -0.081689 0.276262 0.005911
v -0.063863 0.302095 -0.007966
v -0.045105 0.327663 -0.009564
v -0.039014 0.318375 -0.007642
v -0.019563 0.345865 -0.010309
v -0.056233 0.292648 0.005743
v -0.077609 0.265215 0.023085
v -0.114662 0.255395 0.035456
v -0.148358 0.280176 0.030241
v -0.163808 0.303688 0.003374
v -0.188882 0.311791 -0.026228
v -0.017205 0.340112 -0.008885
v -0.019730 0.346171 -0.011794
v -0.032411 0.311754 0.002564
v -0.049394 0.284674 0.020746
v -0.078814 0.266168 0.039972
v -0.119245 0.278408 0.043912
v -0.140243 0.300325 0.021790
v -0.155126 0.307472 -0.008337
v -0.188611 0.311129 -0.027408
v -0.152454 0.300851 -0.020268
v -0.130804 0.307788 0.001828
v -0.126325 0.297404 -0.016476
v -0.119410 0.302293 0.031285
v -0.088651 0.287641 0.047695
v -0.048783 0.286408 0.035545
v -0.026281 0.306324 0.013725
v -0.013833 0.336198 -0.002997
v -0.016718 0.339543 -0.010214
v -0.115110 0.311311 0.006183
v -0.097464 0.309050 0.033965
v -0.059388 0.304246 0.042399
v -0.024686 0.308338 0.024701
v -0.010534 0.333048 0.003372
v -0.013006 0.335350 -0.003957
v -0.099465 0.316300 0.008119
v -0.071362 0.320812 0.030456
v -0.031848 0.322351 0.029722
v -0.008865 0.334538 0.009345
v -0.009398 0.332169 0.002859
v -0.076803 0.325215 0.007841
v -0.041466 0.334519 0.020800
v -0.010907 0.343385 0.011565
v -0.007544 0.334093 0.009962
v -0.057997 0.333668 -0.004093
v -0.015222 0.350786 0.006167
v -0.010307 0.343924 0.012859
v -0.018937 0.351888 -0.003188
v -0.015512 0.352017 0.007019
v -0.019584 0.353175 -0.003688
v -0.109153 0.299232 -0.014809
v -0.093221 0.304351 -0.012754
v -0.071986 0.314344 -0.010496
v -0.045105 0.327663 -0.009564
v -0.019563 0.345865 -0.010309
v -0.019730 0.346171 -0.011794
v -0.000744 0.228109 -0.148812
v -0.002614 0.227300 -0.148833
v -0.003110 0.248162 -0.123880
v -0.003198 0.225524 -0.148628
v -0.014787 0.243488 -0.122790
v -0.004477 0.266404 -0.110711
v -0.018607 0.233252 -0.118734
v -0.002229 0.224702 -0.148444
v -0.022902 0.260219 -0.107102
v -0.005193 0.283940 -0.102238
v -0.012703 0.228526 -0.116273
v -0.000658 0.224666 -0.148327
v -0.029183 0.246597 -0.096710
v -0.028245 0.277834 -0.096105
v -0.005545 0.303101 -0.092891
v -0.002973 0.228333 -0.115445
v 0.000910 0.224811 -0.148235
v -0.020073 0.240282 -0.091036
v -0.036267 0.263990 -0.079959
v -0.031273 0.297255 -0.085312
v -0.005776 0.323986 -0.078393
v 0.006749 0.229178 -0.115058
v 0.001835 0.225698 -0.148293
v -0.004840 0.239991 -0.089719
v -0.025002 0.257434 -0.071550
v -0.040264 0.283430 -0.066071
v -0.031652 0.317680 -0.071089
v -0.006420 0.342214 -0.054696
v 0.012586 0.234296 -0.116785
v 0.001163 0.227431 -0.148582
v 0.010412 0.241083 -0.089502
v -0.006021 0.256961 -0.070023
v -0.027723 0.276689 -0.056257
v -0.040678 0.302652 -0.052577
v -0.028474 0.335349 -0.049901
v -0.008142 0.347966 -0.021483
v -0.021142 0.344414 -0.020370
v -0.008155 0.349471 -0.021729
v -0.020147 0.343258 -0.020354
v -0.036087 0.319580 -0.036952
v -0.028051 0.295285 -0.043146
v -0.006555 0.275968 -0.054704
v 0.013004 0.257900 -0.070183
v 0.019702 0.247881 -0.094249
v 0.008626 0.244272 -0.121328
v -0.000744 0.228109 -0.148812
v -0.003110 0.248162 -0.123880
v 0.013791 0.261183 -0.105255
v -0.024145 0.332854 -0.016043
v -0.025259 0.312042 -0.030112
v -0.006754 0.294453 -0.041665
v 0.014665 0.276669 -0.055150
v 0.024679 0.264738 -0.077768
v -0.018131 0.328018 -0.013405
v -0.007069 0.311414 -0.028766
v 0.014595 0.295166 -0.042107
v 0.027707 0.283399 -0.064295
v 0.017501 0.278395 -0.094460
v -0.008161 0.327781 -0.012496
v 0.011154 0.312399 -0.028777
v 0.027708 0.302462 -0.050911
v 0.019746 0.297231 -0.083979
v 0.001810 0.328600 -0.012057
v 0.022305 0.320152 -0.034811
v 0.019678 0.317537 -0.069838
v 0.007833 0.333786 -0.013881
v 0.015354 0.335778 -0.048294
v 0.003855 0.343958 -0.018730
v -0.004477 0.266404 -0.110711
v -0.005193 0.283940 -0.102238
v -0.005545 0.303101 -0.092891
v -0.005776 0.323986 -0.078393
v -0.006420 0.342214 -0.054696
v -0.008142 0.347966 -0.021483
v -0.008155 0.349471 -0.021729
v 0.004813 0.345143 -0.018670
v 0.009123 0.333891 -0.013074
v 0.002329 0.327717 -0.010927
v -0.008195 0.326704 -0.011417
v -0.018723 0.327128 -0.012318
v -0.025497 0.332926 -0.015342
v -0.173985 0.204348 -0.044978
v -0.174435 0.205398 -0.044204
v -0.144355 0.233189 -0.044231
v -0.136007 0.218557 -0.054541
v -0.125984 0.254135 -0.045149
v -0.174080 0.203515 -0.044551
v -0.109227 0.233250 -0.059733
v -0.111571 0.270441 -0.043844
v -0.135109 0.207090 -0.047514
v -0.174459 0.203049 -0.043563
v -0.088741 0.249812 -0.059172
v -0.093934 0.287417 -0.038738
v -0.103767 0.217343 -0.047483
v -0.138730 0.200792 -0.032642
v -0.174867 0.202707 -0.042537
v -0.070213 0.270130 -0.052785
v -0.071056 0.307728 -0.030577
v -0.078638 0.234802 -0.044242
v -0.106359 0.208939 -0.023492
v -0.143045 0.196220 -0.017331
v -0.175247 0.203053 -0.041749
v -0.051529 0.293961 -0.041967
v -0.043501 0.328790 -0.021018
v -0.058418 0.258290 -0.038164
v -0.078764 0.227399 -0.016401
v -0.110534 0.202977 0.001002
v -0.148733 0.201125 -0.006139
v -0.175383 0.204426 -0.041780
v -0.081183 0.222371 0.011862
v -0.056892 0.253031 -0.011451
v -0.041316 0.285116 -0.029980
v -0.031395 0.318026 -0.028878
v -0.012943 0.343781 -0.011978
v -0.008434 0.336738 -0.016154
v -0.013263 0.344983 -0.012860
v -0.007867 0.336979 -0.017550
v -0.006019 0.332548 -0.011995
v -0.004883 0.331817 -0.012703
v -0.005508 0.331215 -0.004293
v -0.004330 0.330260 -0.004455
v -0.005471 0.330645 0.003519
v -0.004280 0.329791 0.003940
v -0.007555 0.333686 0.008724
v -0.024918 0.311451 -0.020768
v -0.023554 0.309194 -0.005911
v -0.023463 0.308112 0.009138
v -0.029062 0.312672 0.019079
v -0.041749 0.324771 0.014978
v -0.012283 0.341490 0.006696
v -0.047877 0.331624 -0.002224
v -0.014570 0.345780 -0.002186
v -0.043501 0.328790 -0.021018
v -0.012943 0.343781 -0.011978
v -0.006853 0.333621 0.010077
v -0.012503 0.342463 0.007849
v -0.015155 0.347177 -0.002000
v -0.013263 0.344983 -0.012860
v -0.039414 0.281675 -0.008150
v -0.039555 0.279759 0.013948
v -0.048706 0.285369 0.028475
v -0.068937 0.301279 0.022297
v -0.078418 0.310790 -0.003036
v -0.057814 0.249723 0.015601
v -0.069244 0.256392 0.033432
v -0.093206 0.277105 0.025976
v -0.092823 0.229878 0.030794
v -0.114635 0.255479 0.023684
v -0.134129 0.236843 0.013209
v -0.103671 0.290311 -0.004985
v -0.122560 0.272753 -0.008339
v -0.136582 0.255554 -0.013898
v -0.151995 0.233767 -0.024255
v -0.153907 0.220105 -0.007901
v -0.120079 0.210213 0.018015
v -0.071056 0.307728 -0.030577
v -0.093934 0.287417 -0.038738
v -0.111571 0.270441 -0.043844
v -0.125984 0.254135 -0.045149
v -0.144355 0.233189 -0.044231
v -0.174435 0.205398 -0.044204
v -0.175033 0.205425 -0.042835
v 0.066002 0.205985 -0.116387
v 0.064919 0.205373 -0.116701
v 0.066029 0.207768 -0.116987
v 0.063549 0.205608 -0.117445
v 0.064653 0.208855 -0.118025
v 0.062800 0.208539 -0.118813
v 0.062237 0.206014 -0.118219
v 0.061702 0.207013 -0.118820
v 0.096244 0.294616 0.041200
v 0.095684 0.294286 0.040093
v 0.096291 0.296477 0.041464
v 0.094995 0.294928 0.038829
v 0.095615 0.298014 0.040310
v 0.094671 0.298218 0.038516
v 0.094338 0.295732 0.037643
v 0.094086 0.296935 0.037271
v 0.025032 0.254668 0.079973
v 0.024675 0.254472 0.078755
v 0.026339 0.256010 0.080139
v 0.024965 0.254989 0.077295
v 0.027255 0.257173 0.078739
v 0.027181 0.257392 0.076714
v 0.025375 0.255620 0.075910
v 0.026155 0.256509 0.075409
v -0.100999 0.190527 -0.037861
v -0.107164 0.194719 -0.030438
v -0.102929 0.220403 -0.034185
v -0.090527 0.214167 -0.047877
v -0.093205 0.184771 -0.037199
v -0.074797 0.205518 -0.046564
v -0.081774 0.239461 -0.054674
v -0.059820 0.229901 -0.052821
v -0.071676 0.267718 -0.055435
v -0.047537 0.257352 -0.053391
v -0.057276 0.297739 -0.048135
v -0.035994 0.285895 -0.046613
v -0.035876 0.325108 -0.031926
v -0.022047 0.312983 -0.031728
v -0.006235 0.343526 -0.007874
v -0.001209 0.335688 -0.008694
v -0.006016 0.344587 -0.008947
v -0.000071 0.335660 -0.009709
v -0.001472 0.332035 -0.003471
v -0.000263 0.331106 -0.003499
v -0.091619 0.183321 -0.030929
v -0.071564 0.203291 -0.034925
v -0.055450 0.227047 -0.037285
v -0.043060 0.253472 -0.036413
v -0.032603 0.280722 -0.031151
v -0.020666 0.307387 -0.020579
v -0.012369 0.348476 -0.000523
v -0.011877 0.347060 -0.000245
v -0.048671 0.330643 -0.017692
v -0.075328 0.303528 -0.029712
v -0.091333 0.273625 -0.035599
v -0.099265 0.245844 -0.036505
v -0.116099 0.166684 -0.028243
v -0.116906 0.167364 -0.027183
v -0.115099 0.165738 -0.028156
v -0.114907 0.165492 -0.027268
v -0.115233 0.165718 -0.026182
v -0.094044 0.184755 -0.023294
v -0.076418 0.205385 -0.020798
v -0.062405 0.228859 -0.018486
v -0.051126 0.254434 -0.015880
v -0.040427 0.280875 -0.012257
v -0.026800 0.307158 -0.006441
v -0.011877 0.347060 -0.000245
v -0.048671 0.330643 -0.017692
v -0.014411 0.344023 0.009076
v -0.052021 0.326037 0.001400
v -0.012101 0.336350 0.013889
v -0.043556 0.314222 0.012671
v -0.008265 0.332447 0.010611
v -0.034079 0.308159 0.007108
v -0.004680 0.331843 0.003673
v -0.050077 0.282213 0.005724
v -0.061297 0.256402 0.003622
v -0.071289 0.231559 -0.000630
v -0.082660 0.208265 -0.007371
v -0.097156 0.186711 -0.016033
v -0.115647 0.166031 -0.025149
v -0.116285 0.166602 -0.024757
v -0.102083 0.190208 -0.013310
v -0.092590 0.213494 -0.002379
v -0.085219 0.237138 0.005959
v -0.076782 0.262050 0.010809
v -0.064015 0.288287 0.012519
v -0.078309 0.299534 -0.003751
v -0.075328 0.303528 -0.029712
v -0.091333 0.273625 -0.035599
v -0.099265 0.245844 -0.036505
v -0.093627 0.271244 -0.007248
v -0.100839 0.244892 -0.010554
v -0.103883 0.220154 -0.014712
v -0.107663 0.194608 -0.019930
v -0.116989 0.167333 -0.025692
v -0.102929 0.220403 -0.034185
v -0.107164 0.194719 -0.030438
v -0.116906 0.167364 -0.027183
v 0.039950 0.220819 -0.102976
v 0.026062 0.236952 -0.091579
v 0.038668 0.246820 -0.096963
v 0.047659 0.229042 -0.105001
v 0.061702 0.207013 -0.118820
v 0.062800 0.208539 -0.118813
v 0.032308 0.264497 -0.089185
v 0.026231 0.284493 -0.078873
v 0.044970 0.287158 -0.071891
v 0.051536 0.266944 -0.082199
v 0.055699 0.249105 -0.090682
v 0.059096 0.230796 -0.100526
v 0.064653 0.208855 -0.118025
v 0.044970 0.287158 -0.071891
v 0.035154 0.309396 -0.058299
v 0.044314 0.304931 -0.043704
v 0.055263 0.282343 -0.055222
v 0.040096 0.295939 -0.030613
v 0.050119 0.273157 -0.039860
v 0.029591 0.292065 -0.031223
v 0.037984 0.269396 -0.040221
v 0.018572 0.292250 -0.039479
v 0.025412 0.269837 -0.049458
v 0.008421 0.293332 -0.048721
v 0.013864 0.271183 -0.059870
v 0.006149 0.297970 -0.058674
v 0.011440 0.276022 -0.071369
v 0.018833 0.306456 -0.064766
v 0.017353 0.255386 -0.081763
v 0.051536 0.266944 -0.082199
v 0.062316 0.261208 -0.065604
v 0.057332 0.251004 -0.050346
v 0.044952 0.247125 -0.050736
v 0.031975 0.247995 -0.059949
v 0.020021 0.249858 -0.070327
v 0.028947 0.230684 -0.082348
v 0.042502 0.215479 -0.097873
v 0.062237 0.206014 -0.118219
v 0.055699 0.249105 -0.090682
v 0.065880 0.242409 -0.077036
v 0.062316 0.231076 -0.065031
v 0.051555 0.227019 -0.065792
v 0.039836 0.228307 -0.073624
v 0.050168 0.213349 -0.092506
v 0.063549 0.205608 -0.117445
v 0.059096 0.230796 -0.100526
v 0.066677 0.225016 -0.092587
v 0.065287 0.215455 -0.086438
v 0.058302 0.212134 -0.087559
v 0.064919 0.205373 -0.116701
v 0.064653 0.208855 -0.118025
v 0.066029 0.207768 -0.116987
v 0.066002 0.205985 -0.116387
v 0.021429 0.331110 -0.040211
v 0.029086 0.326842 -0.029014
v 0.026493 0.318050 -0.019616
v 0.018472 0.314186 -0.020609
v 0.009699 0.314270 -0.027247
v 0.001540 0.315236 -0.034565
v -0.000658 0.319733 -0.041994
v 0.008706 0.328106 -0.045811
v 0.021429 0.331110 -0.040211
v 0.035154 0.309396 -0.058299
v 0.009300 0.345678 -0.009355
v 0.008367 0.338158 -0.003882
v 0.003067 0.334838 -0.005140
v -0.003174 0.334891 -0.009873
v -0.009070 0.335698 -0.014967
v -0.011096 0.339537 -0.019641
v -0.005309 0.346713 -0.021183
v 0.003420 0.349309 -0.016755
v -0.005793 0.347723 -0.022219
v 0.003976 0.350607 -0.017331
v -0.012494 0.339481 -0.020248
v -0.010200 0.334747 -0.014588
v -0.003885 0.333790 -0.009093
v 0.002841 0.333828 -0.004020
v 0.009225 0.337954 -0.002639
v 0.010485 0.346578 -0.009021
v 0.003976 0.350607 -0.017331
v 0.003420 0.349309 -0.016755
v 0.046850 0.302902 -0.022813
v 0.031587 0.305787 -0.036722
v 0.017715 0.310387 -0.051594
v 0.015519 0.320774 -0.064844
v 0.034889 0.335966 -0.068460
v 0.058162 0.338531 -0.055109
v -0.067196 0.207768 -0.116987
v -0.066086 0.205373 -0.116702
v -0.067170 0.205986 -0.116388
v -0.064717 0.205608 -0.117445
v -0.065821 0.208855 -0.118026
v -0.063968 0.208540 -0.118814
v -0.063404 0.206014 -0.118219
v -0.062869 0.207013 -0.118821
v -0.098908 0.276473 -0.157049
v -0.100348 0.276427 -0.156652
v -0.098146 0.275606 -0.157805
v -0.098638 0.274865 -0.158114
v -0.099701 0.274413 -0.158077
v -0.100799 0.274067 -0.157966
v -0.101611 0.274326 -0.157568
v -0.101509 0.275512 -0.156871
v -0.100348 0.276427 -0.156652
v -0.098812 0.281504 -0.127516
v -0.175383 0.204426 -0.041780
v -0.174867 0.202707 -0.042537
v -0.175247 0.203053 -0.041749
v -0.174459 0.203049 -0.043563
v -0.175033 0.205425 -0.042835
v -0.174435 0.205398 -0.044204
v -0.174080 0.203515 -0.044551
v -0.173985 0.204348 -0.044978
v -0.003714 0.330773 0.004170
v -0.007559 0.331546 0.011619
v -0.012197 0.336390 0.015410
v -0.015097 0.345134 0.009864
v -0.012369 0.348476 -0.000523
v -0.101509 0.275512 -0.156871
v -0.100799 0.274067 -0.157966
v -0.101611 0.274326 -0.157568
v -0.099701 0.274413 -0.158077
v -0.100348 0.276427 -0.156652
v -0.098908 0.276473 -0.157049
v -0.098638 0.274865 -0.158114
v -0.098146 0.275606 -0.157805
v 0.041442 0.316874 0.026336
v 0.041168 0.332093 0.038659
v 0.048602 0.313590 0.029386
v 0.050141 0.328328 0.043054
v 0.056880 0.309482 0.033522
v 0.059980 0.321967 0.045920
v 0.070688 0.303705 0.038576
v 0.073754 0.311937 0.046802
v 0.094086 0.296935 0.037271
v 0.094671 0.298218 0.038516
v 0.076959 0.310722 0.059379
v 0.095615 0.298014 0.040310
v 0.078190 0.300992 0.067967
v 0.096291 0.296477 0.041464
v -0.116989 0.167333 -0.025692
v -0.115647 0.166031 -0.025149
v -0.116285 0.166602 -0.024757
v -0.115233 0.165718 -0.026182
v -0.116906 0.167364 -0.027183
v -0.116099 0.166684 -0.028243
v -0.114907 0.165492 -0.027268
v -0.115099 0.165738 -0.028156
v -0.101814 0.296477 0.039089
v -0.101207 0.294286 0.037717
v -0.101767 0.294616 0.038824
v -0.100517 0.294929 0.036453
v -0.101137 0.298014 0.037934
v -0.100194 0.298218 0.036140
v -0.099861 0.295733 0.035267
v -0.099609 0.296935 0.034895
vn 0.5867 -0.7227 0.3655
vn 0.4193 -0.9047 -0.0756
vn 0.9085 0.4061 -0.0980
vn 0.8834 -0.2034 0.4221
vn 0.7413 0.3097 -0.5955
vn 0.2817 -0.3028 -0.9105
vn 0.1562 0.7355 -0.6592
vn 0.4324 0.9013 -0.0252
vn 0.3476 0.6125 -0.7100
vn 0.6801 0.7312 -0.0538
vn 0.4348 0.4970 -0.7510
vn 0.8008 0.5950 -0.0681
vn 0.5016 0.3871 -0.7737
vn 0.8754 0.4755 -0.0872
vn 0.5401 0.3651 -0.7583
vn 0.8810 0.4611 -0.1057
vn 0.4583 0.5333 -0.7110
vn 0.7629 0.6416 -0.0794
vn 0.6234 0.4556 -0.6355
vn 0.8217 0.5130 -0.2483
vn -0.1693 -0.2366 -0.9568
vn -0.3271 -0.1139 -0.9381
vn -0.0176 -0.1912 -0.9814
vn 0.4032 -0.0624 -0.9130
vn 0.2994 0.7028 0.6453
vn 0.8676 0.2783 0.4121
vn 0.4916 -0.3570 0.7943
vn -0.2794 0.1119 0.9536
vn 0.1196 -0.9388 0.3229
vn -0.7403 -0.4828 0.4678
vn 0.0552 -0.9982 -0.0234
vn -0.7937 -0.6035 0.0768
vn 0.0403 -0.9245 -0.3791
vn -0.8285 -0.4698 -0.3049
vn -0.4905 0.1490 -0.8586
vn -0.4442 0.1555 -0.8823
vn -0.4063 0.0511 -0.9123
vn 0.5065 0.5653 0.6511
vn -0.2168 0.0965 0.9714
vn -0.8101 -0.3331 0.4825
vn -0.9039 -0.4169 0.0960
vn -0.9054 -0.3108 -0.2891
vn -0.8857 -0.3608 -0.2922
vn -0.7772 -0.5419 -0.3199
vn -0.5414 -0.7415 -0.3965
vn -0.2463 -0.8203 -0.5162
vn 0.6291 0.3994 0.6668
vn -0.1338 -0.0789 0.9879
vn -0.7723 -0.4139 0.4819
vn -0.8891 -0.4476 0.0958
vn -0.7792 -0.6236 0.0625
vn -0.5388 -0.8418 -0.0323
vn -0.2191 -0.9594 -0.1778
vn 0.7312 0.2264 0.6435
vn 0.0081 -0.3336 0.9427
vn -0.6368 -0.6331 0.4400
vn -0.3615 -0.8748 0.3226
vn -0.0080 -0.9892 0.1465
vn 0.8156 0.1440 0.5604
vn 0.2472 -0.5427 0.8027
vn 0.5192 -0.5846 0.6235
vn 0.8377 0.2335 0.4936
vn 0.4403 -0.5905 -0.6763
vn 0.5519 -0.6723 -0.4934
vn 0.6353 -0.7266 -0.2617
vn 0.9055 -0.3922 0.1620
vn 0.9629 0.2517 0.0969
vn 0.7630 0.6415 -0.0793
vn 0.8811 0.4611 -0.1056
vn 0.8754 0.4755 -0.0871
vn 0.6801 0.7312 -0.0537
vn 0.4324 0.9013 -0.0251
vn 0.9085 0.4062 -0.0979
vn 0.4193 -0.9047 -0.0755
vn 0.4867 -0.6947 -0.5297
vn 0.7529 -0.1968 -0.6281
vn 0.9543 0.1107 -0.2774
vn 0.9910 0.0799 -0.1077
vn 0.9934 0.1030 0.0496
vn 0.7492 -0.0574 -0.6599
vn 0.2154 0.7729 -0.5968
vn 0.0793 0.7579 -0.6476
vn 0.7511 -0.2240 -0.6210
vn 0.8794 0.0855 -0.4684
vn 0.1744 0.7195 -0.6723
vn -0.2774 0.9535 -0.1175
vn -0.0864 0.9880 0.1282
vn -0.1631 0.8325 -0.5294
vn 0.1806 0.0979 -0.9787
vn -0.0562 -0.9835 -0.1721
vn 0.0596 0.9861 0.1550
vn -0.4960 0.8108 -0.3108
vn 0.3042 0.9469 -0.1037
vn -0.2109 0.7946 -0.5693
vn -0.8004 0.0187 -0.5992
vn -0.7292 -0.6836 0.0308
vn -0.5060 -0.8042 0.3118
vn -0.1347 -0.9895 0.0527
vn 0.3446 -0.9321 -0.1112
vn 0.6535 -0.7570 0.0001
vn 0.8147 -0.5533 0.1734
vn 0.8175 -0.5414 0.1965
vn 0.9007 0.0939 -0.4241
vn 0.1722 0.7020 -0.6910
vn -0.5576 0.7307 -0.3939
vn 0.1832 0.7081 -0.6819
vn -0.5647 0.7065 -0.4266
vn 0.8914 0.0509 -0.4503
vn 0.7692 -0.6337 0.0819
vn 0.5066 -0.8095 0.2968
vn 0.5629 -0.6981 0.4425
vn 0.5686 -0.6940 0.4417
vn 0.4375 -0.8525 0.2859
vn 0.1972 -0.9768 0.0838
vn -0.0677 -0.8748 0.4798
vn -0.2342 -0.7342 0.6373
vn 0.1844 0.7484 -0.6371
vn -0.5345 0.7412 -0.4061
vn 0.8284 0.0309 -0.5593
vn 0.6724 -0.7142 -0.1943
vn 0.4068 -0.9133 -0.0210
vn 0.0267 -0.9969 0.0739
vn 0.1395 -0.8826 0.4489
vn 0.2108 -0.7356 0.6438
vn 0.3646 -0.7445 0.5593
vn 0.2373 -0.7571 0.6087
vn 0.0741 -0.8727 0.4826
vn -0.1025 -0.9172 -0.3851
vn 0.2823 -0.8596 -0.4259
vn 0.5486 -0.6363 -0.5424
vn 0.7280 0.1414 -0.6709
vn 0.2001 0.8500 -0.4873
vn -0.4641 0.8470 -0.2593
vn -0.7430 -0.6565 0.1307
vn -0.6662 -0.5676 0.4837
vn -0.6016 -0.3824 0.7013
vn -0.3254 -0.3531 0.8772
vn -0.3875 -0.0489 0.9206
vn -0.1611 -0.2006 0.9664
vn 0.1747 -0.1953 0.9651
vn 0.3728 -0.1233 0.9197
vn 0.5944 0.6359 0.4922
vn 0.2133 0.6408 0.7375
vn -0.2054 0.6478 0.7336
vn -0.5845 0.6540 0.4803
vn -0.8398 0.4569 0.2932
vn -0.9274 0.3303 0.1756
vn -0.9717 0.2310 0.0496
vn -0.9718 0.2195 -0.0857
vn -0.9301 0.3326 -0.1558
vn -0.8063 -0.5352 -0.2520
vn -0.5577 0.7307 -0.3938
vn -0.4960 0.8108 -0.3107
vn -0.0864 0.9880 0.1283
vn 0.0596 0.9861 0.1551
vn 0.5303 0.7892 -0.3098
vn 0.8452 0.4451 0.2960
vn 0.5900 0.7048 -0.3940
vn 0.9391 0.2945 0.1769
vn 0.5933 0.6848 -0.4232
vn -0.1393 0.6939 -0.7065
vn 0.5899 0.7048 -0.3940
vn -0.1328 0.6891 -0.7124
vn -0.8619 0.0452 -0.5050
vn -0.8800 0.0944 -0.4655
vn -0.7692 -0.6384 0.0292
vn -0.8286 -0.5364 0.1606
vn -0.5186 -0.8164 0.2541
vn -0.5849 -0.6959 0.4166
vn -0.1576 -0.8960 0.4150
vn -0.2391 -0.7435 0.6246
vn 0.6485 -0.5931 0.4773
vn 0.5754 -0.4206 0.7014
vn 0.9766 0.2055 0.0638
vn 0.5005 -0.2471 0.8297
vn 0.5933 0.6848 -0.4231
vn 0.5559 0.7366 -0.3852
vn 0.9755 0.2120 -0.0593
vn 0.7371 -0.6639 0.1265
vn -0.0292 -0.9989 0.0364
vn -0.4052 -0.9116 -0.0686
vn -0.6601 -0.7087 -0.2491
vn -0.7928 0.0401 -0.6081
vn -0.1441 0.7491 -0.6465
vn 0.4747 0.8504 -0.2268
vn 0.9346 0.3331 -0.1247
vn 0.8117 -0.5297 -0.2459
vn 0.1100 -0.9075 -0.4054
vn -0.2748 -0.8477 -0.4537
vn -0.5353 -0.6203 -0.5734
vn -0.7042 0.1641 -0.6908
vn -0.1798 0.8625 -0.4731
vn -0.3688 0.4219 -0.8283
vn -0.0299 0.8307 -0.5559
vn 0.4746 0.8504 -0.2268
vn 0.3604 0.8265 -0.4323
vn 0.3604 0.8265 -0.4324
vn 0.6995 0.5556 -0.4495
vn 0.7154 -0.0267 -0.6983
vn 0.2296 -0.2712 -0.9347
vn 0.0054 -0.1778 -0.9841
vn -0.1905 -0.0875 -0.9778
vn 0.9914 0.0642 -0.1145
vn 0.9912 -0.0630 -0.1163
vn 0.6472 0.6662 0.3705
vn 0.7193 0.5989 0.3521
vn -0.3374 0.7773 0.5309
vn -0.0123 0.7958 0.6054
vn -0.9164 0.3844 0.1114
vn -0.8177 0.4407 0.3704
vn -0.9340 -0.2247 -0.2777
vn -0.9517 -0.2731 -0.1403
vn -0.7379 -0.5014 -0.4518
vn -0.7308 -0.5821 -0.3565
vn 0.6483 0.7315 0.2113
vn 0.9937 0.0095 -0.1114
vn -0.0224 0.9432 0.3315
vn -0.6095 0.7883 0.0841
vn -0.9492 0.1121 -0.2941
vn -0.7279 -0.4900 -0.4796
vn -0.4135 -0.6639 -0.6231
vn -0.4152 -0.6910 -0.5917
vn -0.4261 -0.7571 -0.4952
vn 0.7072 -0.5823 0.4009
vn 0.7317 -0.0845 0.6763
vn 0.0079 0.4180 0.9084
vn -0.7942 -0.0098 0.6076
vn -0.3549 -0.8937 0.2747
vn -0.2228 -0.8493 0.4786
vn -0.2714 -0.9157 0.2965
vn 0.2720 -0.8935 0.3573
vn 0.5002 -0.6151 -0.6095
vn 0.4310 -0.6872 -0.5849
vn 0.4845 -0.6883 -0.5399
vn -0.0146 0.3111 0.9503
vn -0.3307 0.2749 0.9028
vn 0.2668 0.2834 0.9212
vn 0.6261 0.0642 0.7771
vn 0.5603 -0.5840 0.5873
vn -0.0124 -0.8836 0.4680
vn -0.6232 -0.5245 0.5801
vn -0.5727 -0.1389 0.8079
vn 0.4309 -0.6872 -0.5849
vn 0.4671 -0.5488 -0.6933
vn 0.9820 0.1034 -0.1578
vn 0.7140 0.5442 0.4404
vn 0.0251 0.6070 0.7943
vn -0.7862 0.1840 0.5900
vn -0.9230 -0.3775 -0.0747
vn -0.7180 -0.5780 -0.3878
vn -0.4193 -0.6879 -0.5924
vn 0.4283 -0.3873 -0.8164
vn 0.9590 0.1871 -0.2127
vn 0.7498 0.4443 0.4903
vn 0.1285 0.3396 0.9317
vn -0.6516 -0.1305 0.7473
vn -0.8496 -0.5274 -0.0060
vn -0.6919 -0.6072 -0.3908
vn -0.4238 -0.6351 -0.6458
vn 0.4283 -0.3873 -0.8165
vn -0.4891 -0.5313 -0.6917
vn 0.2861 -0.1006 -0.9529
vn 0.0492 -0.7825 -0.6207
vn 0.4736 -0.3309 -0.8162
vn 0.8984 0.3417 -0.2759
vn 0.8173 0.3232 0.4771
vn 0.3417 0.0157 0.9397
vn -0.3720 -0.4912 0.7876
vn -0.7124 -0.7012 0.0302
vn -0.6762 -0.6186 -0.4002
vn 0.0119 -0.9273 -0.3740
vn 0.4735 -0.3310 -0.8162
vn 0.9371 -0.0372 -0.3471
vn 0.9757 -0.1240 0.1807
vn 0.7341 -0.4191 0.5342
vn 0.2020 -0.8694 0.4509
vn -0.0527 -0.9905 -0.1273
vn 0.0877 0.3326 0.9390
vn -0.1254 0.3492 0.9286
vn 0.2234 -0.9099 0.3496
vn 0.2695 -0.7834 -0.5601
vn -0.0477 -0.9544 0.2947
vn 0.3055 -0.0477 0.9510
vn 0.3023 -0.7755 -0.5543
vn -0.0303 -0.6827 -0.7301
vn -0.6855 -0.7271 0.0376
vn 0.2749 -0.8623 0.4253
vn 0.2399 -0.8788 -0.4125
vn -0.0346 -0.6801 -0.7323
vn -0.5066 -0.1799 -0.8432
vn -0.5389 0.3529 0.7649
vn 0.3082 -0.7125 0.6303
vn -0.0197 -0.7851 -0.6190
vn 0.2104 -0.8899 -0.4047
vn -0.6734 -0.1997 -0.7118
vn -0.6995 0.5817 -0.4151
vn -0.0192 0.7458 0.6659
vn -0.0004 -0.6462 0.7631
vn -0.0091 0.6112 0.7914
vn -0.2107 0.9711 0.1126
vn -0.6332 0.5830 -0.5092
vn -0.3994 -0.4085 -0.8207
vn 0.0210 -0.7201 -0.6936
vn 0.1210 -0.9063 -0.4049
vn -0.0157 -0.7123 -0.7017
vn 0.0836 -0.8983 -0.4313
vn 0.0766 -0.6894 -0.7203
vn -0.5115 -0.5860 -0.6285
vn -0.3789 -0.4591 -0.8035
vn 0.0175 -0.3738 -0.9273
vn -0.4102 -0.0723 -0.9091
vn -0.5056 0.4934 -0.7078
vn 0.0097 0.9677 0.2519
vn -0.2320 0.9208 0.3134
vn -0.0016 0.6429 0.7659
vn -0.6430 0.6527 0.4008
vn -0.4491 0.7662 0.4596
vn -0.4408 0.4796 -0.7588
vn -0.1857 -0.4022 -0.8965
vn -0.2095 -0.3861 -0.8983
vn -0.4957 0.4974 -0.7119
vn -0.1838 0.8894 0.4185
vn 0.3947 0.4753 0.7863
vn 0.0001 -0.6373 0.7706
vn 0.7770 -0.3049 0.5508
vn 0.1052 0.3590 0.9274
vn -0.2782 0.2440 0.9290
vn -0.6637 0.1881 0.7240
vn -0.2728 0.8513 0.4482
vn -0.4780 0.4871 -0.7310
vn 0.4174 -0.5029 0.7569
vn -0.0267 -0.6239 0.7811
vn -0.4947 -0.6308 0.5978
vn -0.1338 -0.9892 -0.0598
vn 0.1194 -0.9928 0.0087
vn 0.3566 -0.9343 -0.0053
vn 0.5161 -0.8518 -0.0896
vn 0.7030 -0.6576 -0.2708
vn 0.8562 -0.3683 -0.3622
vn -0.0021 0.0443 -0.9990
vn 0.3777 -0.8072 0.4536
vn 0.0623 -0.9511 0.3026
vn -0.3494 0.3070 0.8853
vn -0.0067 0.0979 0.9952
vn -0.1165 0.3513 0.9290
vn 0.3024 -0.7755 -0.5542
vn -0.5973 -0.6770 -0.4299
vn -0.8080 0.4399 -0.3920
vn -0.8323 0.5354 -0.1434
vn -0.9743 0.1910 0.1196
vn -0.8970 -0.4405 0.0383
vn 0.9671 -0.1244 -0.2219
vn 0.6577 -0.0593 -0.7510
vn 0.9109 0.3176 0.2633
vn 0.5187 0.1328 -0.8446
vn 0.6390 0.7225 0.2638
vn 0.3624 0.9308 -0.0487
vn 0.3702 0.2812 -0.8854
vn 0.1981 0.7605 -0.6184
vn 0.7075 -0.3031 -0.6384
vn 0.3170 -0.7703 -0.5532
vn 0.4936 0.3046 -0.8146
vn 0.0675 -0.7998 -0.5965
vn 0.0465 0.4573 -0.8881
vn -0.3920 0.2707 -0.8792
vn -0.1845 -0.7876 -0.5880
vn -0.5862 -0.3519 -0.7297
vn 0.7153 -0.0267 -0.6983
vn 0.2297 -0.2712 -0.9347
vn 0.6994 0.5556 -0.4495
vn 0.0053 -0.1778 -0.9840
vn -0.0299 0.8306 -0.5560
vn -0.1905 -0.0877 -0.9778
vn 0.6353 -0.7267 -0.2616
vn 0.5518 -0.6723 -0.4934
vn 0.4403 -0.5906 -0.6763
vn 0.4032 -0.0623 -0.9130
vn 0.2276 -0.4522 0.8624
vn 0.1962 -0.5512 0.8110
vn 0.5746 -0.4806 0.6624
vn 0.5626 -0.5192 0.6434
vn 0.2232 -0.4695 0.8543
vn -0.5987 -0.1198 0.7920
vn -0.5810 -0.0605 0.8117
vn 0.8280 -0.4340 0.3551
vn -0.6308 -0.2567 0.7323
vn -0.6827 -0.4323 0.5892
vn 0.1197 -0.7375 0.6647
vn 0.5506 -0.5540 0.6244
vn 0.8348 -0.4076 0.3702
vn 0.9080 0.0276 -0.4180
vn 0.9096 0.0150 -0.4152
vn 0.7847 -0.5471 0.2914
vn 0.5088 -0.6464 0.5686
vn 0.1783 -0.5847 0.7914
vn -0.5796 -0.0763 0.8113
vn -0.2770 -0.9596 0.0489
vn -0.8289 -0.5593 0.0073
vn 0.0206 -0.9977 -0.0647
vn 0.1818 -0.9272 -0.3276
vn 0.2107 -0.4986 -0.8408
vn -0.2046 -0.0141 -0.9787
vn 0.2622 0.6272 -0.7334
vn 0.2054 0.5325 -0.8211
vn 0.9033 -0.0085 -0.4289
vn 0.8078 -0.4857 0.3340
vn 0.4820 -0.7189 0.5009
vn -0.0023 -0.9135 0.4069
vn -0.7534 -0.5510 0.3589
vn 0.3655 -0.8893 0.2750
vn 0.7343 -0.6433 0.2168
vn 0.8850 -0.0947 -0.4558
vn 0.1777 0.4477 -0.8764
vn -0.5016 0.6618 -0.5571
vn -0.4193 0.7889 -0.4492
vn -0.6326 0.0971 -0.7683
vn -0.0402 -0.9902 -0.1337
vn -0.5406 -0.8366 0.0882
vn -0.9437 -0.3145 -0.1025
vn -0.8095 0.0593 -0.5841
vn -0.5510 0.5566 -0.6217
vn 0.1642 0.3831 -0.9090
vn 0.8280 -0.2055 -0.5217
vn 0.6114 -0.7913 0.0038
vn -0.0730 -0.8678 -0.4916
vn -0.2799 -0.8961 -0.3444
vn -0.5765 0.4851 -0.6575
vn 0.1484 0.3554 -0.9229
vn 0.7267 -0.2641 -0.6341
vn 0.1327 -0.7948 -0.5923
vn -0.5792 0.4642 -0.6701
vn 0.1361 0.4084 -0.9026
vn 0.2824 -0.3127 -0.9069
vn -0.5491 0.5398 -0.6381
vn -0.1141 0.1972 -0.9737
vn -0.5317 0.2723 -0.8019
vn -0.8138 0.5604 0.1539
vn -0.4194 0.7889 -0.4492
vn -0.5017 0.6618 -0.5570
vn -0.8809 0.4667 0.0787
vn -0.5511 0.5566 -0.6217
vn -0.9310 0.3637 0.0301
vn -0.5766 0.4851 -0.6575
vn -0.9658 0.2589 -0.0124
vn -0.5793 0.4642 -0.6700
vn -0.9812 0.1779 -0.0744
vn -0.5491 0.5398 -0.6380
vn -0.9725 0.1846 -0.1424
vn -0.5317 0.2723 -0.8020
vn -0.8417 0.0406 -0.5383
vn -0.7843 -0.5598 -0.2673
vn -0.9167 -0.0579 -0.3954
vn -0.6327 0.0971 -0.7683
vn -0.6299 0.0475 -0.7753
vn -0.4135 0.0827 -0.9068
vn 0.1134 -0.2422 -0.9636
vn 0.2645 -0.7810 -0.5658
vn 0.1982 0.7605 -0.6184
vn 0.3702 0.2813 -0.8853
vn -0.0639 0.7494 -0.6590
vn -0.0220 -0.0487 -0.9986
vn 0.0775 0.7278 -0.6814
vn 0.0727 -0.4021 -0.9127
vn 0.6577 -0.0592 -0.7510
vn -0.0123 -0.1015 -0.9948
vn 0.1596 0.7033 -0.6928
vn 0.3233 -0.6448 -0.6926
vn -0.0012 -0.4617 -0.8870
vn -0.0427 -0.1266 -0.9910
vn 0.2080 0.6895 -0.6938
vn -0.0665 -0.1150 -0.9911
vn 0.2482 0.6822 -0.6877
vn -0.1050 -0.4809 -0.8705
vn 0.1264 -0.7674 -0.6286
vn 0.7089 -0.7027 0.0610
vn 0.9110 0.3175 0.2632
vn 0.6391 0.7225 0.2638
vn 0.6841 -0.1092 0.7211
vn 0.3684 -0.9097 0.1916
vn -0.1170 -0.7980 -0.5912
vn -0.1886 -0.4577 -0.8688
vn -0.0568 -0.0962 -0.9937
vn 0.2366 0.6814 -0.6926
vn 0.3623 0.9308 -0.0488
vn 0.4109 0.5561 0.7224
vn 0.4273 -0.2811 0.8593
vn -0.0517 -0.9626 0.2658
vn -0.3211 -0.7402 -0.5908
vn -0.2210 -0.4304 -0.8752
vn -0.0296 -0.0927 -0.9953
vn 0.8514 0.2890 -0.4377
vn 0.6891 -0.3819 -0.6158
vn -0.1950 -0.4409 -0.8761
vn 0.5031 -0.6639 -0.5532
vn -0.4498 -0.6321 -0.6309
vn 0.3207 -0.8720 -0.3698
vn 0.8097 0.1311 0.5721
vn 0.7317 0.0157 0.6815
vn 0.5979 -0.1205 0.7925
vn 0.4173 -0.5008 0.7583
vn -0.4347 -0.6608 -0.6119
vn -0.4218 -0.8646 0.2731
vn 0.0985 -0.3300 0.9388
vn 0.3405 0.4668 0.8162
vn 0.1151 0.9702 0.2133
vn 0.2187 0.9449 0.2437
vn 0.0776 0.7278 -0.6814
vn 0.2681 0.9261 0.2653
vn 0.1597 0.7033 -0.6928
vn 0.2725 0.9258 0.2618
vn -0.6652 -0.7085 0.2356
vn -0.2036 -0.2459 0.9477
vn 0.2161 0.4342 0.8745
vn -0.7805 -0.5976 0.1836
vn -0.4193 -0.1016 0.9021
vn 0.0808 0.4743 0.8767
vn -0.5708 0.0218 0.8208
vn -0.0318 0.5519 0.8333
vn -0.1701 0.6352 0.7534
vn 0.2590 0.9363 0.2371
vn 0.1715 0.9648 0.1992
vn -0.0384 -0.9279 0.3709
vn 0.1368 -0.2543 0.9574
vn 0.5105 0.3452 0.7876
vn 0.8520 0.4272 0.3028
vn 0.2080 0.6894 -0.6938
vn 0.8514 0.2891 -0.4377
vn 0.4952 -0.8432 0.2095
vn 0.7346 -0.6162 -0.2840
vn 0.9394 -0.2362 -0.2486
vn 0.9859 0.1179 0.1186
vn -0.8336 0.5205 0.1847
vn -0.6978 -0.1434 -0.7018
vn -0.9851 -0.0166 -0.1714
vn -0.5353 -0.0109 -0.8446
vn -0.4977 0.8632 0.0844
vn -0.1937 0.9423 -0.2732
vn -0.3544 0.0965 -0.9301
vn -0.0773 0.5993 -0.7968
vn 0.6471 0.4032 -0.6470
vn 0.6433 0.5008 0.5790
vn 0.1795 0.8112 0.5566
vn 0.1864 0.9770 0.1033
vn 0.7540 0.6501 -0.0948
vn 0.2056 0.9165 0.3430
vn 0.2781 0.2440 0.9290
vn 0.4706 0.7703 0.4303
vn -0.1052 0.3590 0.9274
vn 0.2759 0.8449 0.4583
vn -0.3947 0.4753 0.7863
vn 0.1706 0.8859 0.4313
vn -0.0016 0.6429 0.7660
vn 0.0096 0.9677 0.2519
vn -0.0092 0.6112 0.7914
vn -0.1678 -0.7832 0.5987
vn -0.1374 -0.6499 0.7475
vn -0.3341 0.0272 0.9421
vn 0.9125 -0.4090 0.0072
vn 0.3198 -0.3666 -0.8737
vn 0.6893 -0.1791 -0.7020
vn -0.0003 -0.6462 0.7631
vn -0.0000 -0.6373 0.7706
vn -0.7770 -0.3049 0.5508
vn -0.4174 -0.5029 0.7569
vn 0.0267 -0.6239 0.7811
vn -0.0924 0.3063 0.9474
vn -0.3342 0.0271 0.9421
vn 0.0081 -0.9479 0.3184
vn 0.1032 0.3461 0.9325
vn -0.2338 -0.9034 0.3595
vn 0.3052 0.3399 0.8896
vn -0.3585 -0.8178 0.4502
vn -0.0020 0.0444 -0.9990
vn -0.8561 -0.3688 -0.3622
vn -0.7034 -0.6570 -0.2712
vn -0.5161 -0.8518 -0.0896
vn -0.3566 -0.9343 -0.0053
vn -0.1194 -0.9928 0.0087
vn -0.2694 -0.7834 -0.5601
vn -0.3026 -0.7752 -0.5545
vn -0.2399 -0.8788 -0.4125
vn -0.2104 -0.8899 -0.4047
vn -0.1210 -0.9063 -0.4049
vn 0.1322 -0.9891 -0.0645
vn -0.0642 -0.8974 -0.4365
vn 0.0157 -0.7123 -0.7017
vn -0.0425 -0.6839 -0.7283
vn 0.4123 0.0582 -0.9092
vn 0.2161 0.1405 -0.9662
vn 0.4833 -0.6344 0.6033
vn 0.8964 -0.4400 0.0540
vn 0.6097 -0.6696 -0.4242
vn 0.5292 -0.5724 -0.6264
vn 0.4135 -0.4497 -0.7917
vn 0.3844 0.1199 -0.9153
vn 0.0654 -0.6737 -0.7361
vn 0.0353 -0.6738 -0.7380
vn 0.0197 -0.7851 -0.6190
vn -0.0210 -0.7201 -0.6936
vn 0.4303 0.0433 -0.9017
vn 0.3198 -0.3667 -0.8737
vn 0.6894 -0.1791 -0.7019
vn 0.6525 -0.1245 -0.7475
vn -0.3545 0.0965 -0.9301
vn -0.0774 0.5993 -0.7968
vn 0.2370 0.4908 -0.8384
vn 0.0303 -0.3400 -0.9399
vn 0.1105 0.4511 -0.8856
vn -0.5353 -0.0107 -0.8446
vn 0.0779 -0.4263 -0.9012
vn 0.0247 0.4087 -0.9123
vn -0.1377 -0.6281 -0.7659
vn -0.6979 -0.1433 -0.7017
vn 0.1927 -0.4661 -0.8635
vn -0.0473 0.3951 -0.9174
vn -0.0065 -0.7199 -0.6940
vn -0.4232 -0.7528 -0.5041
vn -0.9851 -0.0165 -0.1714
vn 0.2810 -0.4352 -0.8554
vn -0.1566 0.3283 -0.9315
vn 0.1979 -0.7521 -0.6286
vn -0.1996 -0.9053 -0.3750
vn -0.8195 -0.5326 0.2118
vn -0.8336 0.5206 0.1847
vn -0.6910 0.2177 0.6892
vn -0.5239 -0.7504 0.4031
vn 0.1349 -0.9548 -0.2650
vn 0.3678 -0.7053 -0.6061
vn 0.2870 -0.4056 -0.8678
vn -0.0539 0.1484 -0.9875
vn 0.3025 -0.3998 -0.8653
vn -0.9219 0.0250 -0.3866
vn 0.4324 -0.6602 -0.6141
vn 0.4289 -0.8735 -0.2302
vn -0.0793 -0.8243 0.5606
vn -0.5405 0.0617 0.8391
vn -0.2908 0.8028 0.5205
vn -0.1937 0.9422 -0.2732
vn -0.4181 -0.6514 -0.6332
vn -0.3593 -0.4927 0.7926
vn 0.4900 -0.6058 -0.6268
vn 0.5784 -0.7767 -0.2495
vn 0.3354 -0.7100 0.6192
vn -0.2826 -0.0008 0.9592
vn -0.3315 0.7437 0.5805
vn 0.0918 0.9932 -0.0719
vn 0.2371 0.4907 -0.8385
vn -0.0831 0.9918 -0.0967
vn -0.3268 0.7057 0.6286
vn -0.0173 0.0791 0.9967
vn 0.5918 -0.5408 0.5977
vn 0.6880 -0.6652 -0.2901
vn -0.1295 -0.8863 -0.4447
vn -0.7502 -0.0550 0.6590
vn -0.2385 0.9643 -0.1148
vn -0.2757 0.7229 0.6335
vn 0.1698 0.2151 0.9617
vn 0.7738 -0.3946 0.4955
vn 0.0868 -0.9858 -0.1436
vn -0.8874 -0.0765 0.4547
vn -0.3277 0.9360 -0.1283
vn -0.2154 0.7715 0.5987
vn 0.3350 0.3009 0.8929
vn 0.1792 -0.6572 0.7321
vn -0.9248 -0.0238 0.3796
vn -0.4141 0.9046 -0.1014
vn -0.1742 0.8015 0.5721
vn -0.4464 0.0306 0.8943
vn -0.9963 -0.0780 -0.0364
vn -0.3856 0.8065 -0.4482
vn -0.8306 0.1659 0.5316
vn -0.7785 -0.4905 -0.3915
vn -0.9559 0.2186 0.1960
vn -0.3908 -0.8912 -0.2302
vn -0.2192 -0.9213 0.3213
vn -0.0539 0.1485 -0.9874
vn 0.0268 0.6837 -0.7293
vn -0.5862 -0.3519 -0.7298
vn -0.6530 0.3852 -0.6520
vn 0.0334 0.5125 -0.8581
vn -0.8709 -0.4238 -0.2489
vn -0.1845 -0.7875 -0.5880
vn -0.6691 0.2736 -0.6910
vn 0.0280 0.4410 -0.8970
vn -0.3488 -0.9232 0.1612
vn 0.0675 -0.7997 -0.5965
vn -0.9102 -0.4071 -0.0763
vn -0.6894 0.2515 -0.6794
vn 0.0224 0.5081 -0.8610
vn 0.0155 -0.9636 0.2668
vn 0.3170 -0.7703 -0.5533
vn -0.3768 -0.8170 0.4365
vn -0.9470 -0.3173 0.0507
vn -0.7013 0.3344 -0.6295
vn 0.0209 0.6881 -0.7253
vn 0.3873 -0.8981 0.2082
vn 0.7075 -0.3031 -0.6385
vn -0.0052 -0.8427 0.5384
vn -0.3985 -0.6726 0.6236
vn -0.9721 -0.1970 0.1273
vn -0.6963 0.5066 -0.5085
vn 0.0118 0.9110 -0.4121
vn 0.9248 -0.3566 -0.1323
vn 0.4936 0.3045 -0.8146
vn 0.3724 -0.7991 0.4720
vn -0.0175 -0.6956 0.7182
vn -0.4120 -0.5664 0.7138
vn -0.9770 -0.0612 0.2040
vn -0.6691 0.7040 -0.2381
vn 0.0487 0.4979 -0.8659
vn 0.4179 -0.7088 -0.5683
vn 0.0423 -0.8803 -0.4726
vn -0.5712 0.3454 -0.7446
vn -0.9379 0.0562 0.3422
vn -0.4188 -0.5223 0.7428
vn -0.0213 -0.6024 0.7979
vn 0.3671 -0.6660 0.6494
vn 0.9328 -0.3603 0.0063
vn 0.7075 0.4347 -0.5572
vn 0.0269 0.6836 -0.7293
vn 0.7204 0.3015 -0.6246
vn -0.8871 -0.3679 -0.2786
vn -0.4132 -0.5397 0.7335
vn -0.0213 -0.5909 0.8064
vn 0.3722 -0.5678 0.7342
vn 0.9470 -0.3026 0.1082
vn -0.3055 -0.9519 -0.0243
vn -0.0205 -0.6567 0.7539
vn 0.3815 -0.5235 0.7618
vn 0.9637 -0.2017 0.1747
vn 0.7279 0.2556 -0.6362
vn 0.0358 -0.9993 -0.0069
vn 0.3786 -0.5314 0.7578
vn 0.9657 -0.0630 0.2519
vn 0.7326 0.3295 -0.5956
vn 0.3715 -0.9283 -0.0129
vn 0.9145 0.0715 0.3982
vn 0.7245 0.5039 -0.4704
vn 0.8996 -0.3558 -0.2533
vn 0.6790 0.7096 -0.1883
vn 0.6267 0.3222 -0.7096
vn 0.0335 0.5125 -0.8581
vn 0.0280 0.4410 -0.8971
vn 0.0210 0.6881 -0.7253
vn 0.0119 0.9111 -0.4121
vn 0.0488 0.4979 -0.8659
vn -0.3455 -0.7295 -0.5903
vn -0.4395 -0.2840 -0.8522
vn -0.1083 0.0443 -0.9931
vn 0.0680 0.0277 -0.9973
vn 0.2082 0.0280 -0.9777
vn 0.4993 -0.2628 -0.8256
vn -0.5338 -0.0846 -0.8414
vn -0.7545 0.3539 -0.5527
vn -0.5828 0.5477 -0.6004
vn -0.1683 -0.1092 -0.9797
vn -0.5730 0.5313 -0.6240
vn -0.4789 -0.5890 -0.6509
vn 0.0080 -0.1150 -0.9933
vn -0.4955 0.5997 -0.6284
vn 0.1394 -0.7709 -0.6215
vn -0.5497 -0.6812 -0.4835
vn 0.1876 -0.0091 -0.9822
vn -0.4262 0.6689 -0.6090
vn 0.4032 -0.7308 -0.5508
vn 0.1713 -0.9418 -0.2894
vn -0.6047 -0.7480 -0.2735
vn 0.2863 0.1169 -0.9510
vn -0.3836 0.7106 -0.5899
vn 0.6366 -0.5908 -0.4957
vn 0.4444 -0.8743 -0.1953
vn -0.0188 -0.9985 0.0506
vn -0.8676 -0.4742 0.1497
vn 0.3199 0.1939 -0.9274
vn -0.2961 0.7651 -0.5718
vn 0.7669 -0.4398 -0.4673
vn 0.6778 -0.7239 -0.1288
vn 0.3127 -0.9321 0.1828
vn -0.5001 -0.6298 0.5943
vn -0.9855 0.1127 0.1273
vn 0.5980 -0.7554 0.2679
vn 0.8129 -0.5738 -0.0995
vn 0.8103 -0.3623 -0.4606
vn 0.3392 0.2096 -0.9171
vn -0.8514 0.1908 -0.4886
vn -0.3676 -0.3509 -0.8612
vn -0.3864 -0.8526 0.3519
vn -0.7346 -0.4197 0.5330
vn 0.0237 -0.8941 -0.4473
vn -0.9726 -0.0728 0.2209
vn 0.0883 -0.9878 -0.1285
vn -0.9969 -0.0744 0.0240
vn 0.0543 -0.9745 0.2177
vn -0.9867 -0.0394 -0.1577
vn -0.2984 -0.5244 0.7975
vn 0.7834 -0.4077 -0.4690
vn 0.8219 -0.5604 -0.1020
vn 0.8200 -0.4913 0.2937
vn 0.4247 0.0076 0.9053
vn -0.2302 0.6143 0.7548
vn -0.7991 0.0698 0.5971
vn -0.4806 0.8683 0.1227
vn -0.9625 0.2617 0.0717
vn -0.8514 0.1908 -0.4885
vn -0.7791 -0.2938 -0.5538
vn -0.4220 -0.7467 -0.5141
vn -0.2678 -0.9576 -0.1059
vn -0.3864 -0.8526 0.3518
vn 0.8600 -0.5014 -0.0946
vn 0.8364 -0.4572 0.3022
vn 0.3840 -0.0406 0.9225
vn -0.3318 0.5344 0.7774
vn -0.5976 0.7919 0.1251
vn 0.7677 -0.5662 0.3002
vn 0.2914 -0.1985 0.9358
vn -0.4163 0.4285 0.8019
vn 0.1035 -0.4167 0.9031
vn -0.5408 0.2889 0.7900
vn -0.6946 0.1785 0.6969
vn -0.6613 0.7385 0.1312
vn -0.7401 0.6613 0.1223
vn -0.8037 0.5893 0.0825
vn -0.7992 0.6001 0.0342
vn -0.8139 0.1686 0.5560
vn -0.1891 -0.5918 0.7836
vn -0.3837 0.7105 -0.5898
vn -0.4956 0.5997 -0.6283
vn -0.5828 0.5477 -0.6003
vn -0.9073 0.3780 -0.1840
vn 0.7844 -0.5597 -0.2673
vn 0.2799 -0.8961 -0.3443
vn 0.8417 0.0407 -0.5384
vn 0.0729 -0.8678 -0.4915
vn 0.5317 0.2723 -0.8020
vn 0.1140 0.1972 -0.9737
vn -0.1327 -0.7948 -0.5922
vn -0.2818 -0.3135 -0.9068
vn 0.6096 -0.6696 -0.4242
vn 0.9716 0.1916 0.1392
vn 0.5291 -0.5724 -0.6264
vn 0.8349 0.5341 -0.1332
vn 0.6239 0.5699 -0.5347
vn 0.3844 0.1199 -0.9154
vn 0.2019 -0.8694 0.4509
vn -0.0528 -0.9905 -0.1272
vn 0.7341 -0.4191 0.5343
vn 0.0118 -0.9273 -0.3741
vn 0.9371 -0.0371 -0.3471
vn 0.0491 -0.7825 -0.6207
vn 0.4735 -0.3309 -0.8163
vn -0.4661 -0.1236 -0.8761
vn -0.9075 0.1752 -0.3819
vn -0.9148 0.0965 -0.3923
vn -0.4252 -0.1354 -0.8949
vn 0.2819 -0.6225 -0.7301
vn 0.3906 -0.5368 -0.7479
vn -0.3584 -0.0023 -0.9336
vn 0.5042 -0.3622 -0.7840
vn -0.2816 0.2146 -0.9352
vn 0.5844 -0.1642 -0.7947
vn -0.1706 0.4483 -0.8774
vn 0.6458 -0.0097 -0.7634
vn 0.0073 0.6415 -0.7671
vn 0.7047 0.0436 -0.7082
vn -0.5300 0.1368 -0.8369
vn -0.0133 -0.4653 -0.8851
vn -0.5884 -0.7717 0.2414
vn -0.9408 -0.2792 0.1922
vn 0.0815 -0.9516 -0.2963
vn -0.9690 0.0444 -0.2429
vn 0.6608 -0.7505 0.0104
vn 0.7721 -0.6355 0.0074
vn 0.8694 -0.4940 0.0038
vn 0.9193 -0.3934 0.0059
vn 0.9222 -0.3865 0.0102
vn 0.8623 -0.5063 -0.0059
vn -0.2693 -0.9574 -0.1046
vn -0.8653 0.2774 -0.4175
vn -0.4791 0.8403 -0.2538
vn -0.7001 0.6175 -0.3584
vn -0.8286 0.3817 -0.4096
vn -0.8916 0.1846 -0.4135
vn -0.6665 -0.3954 -0.6320
vn -0.9419 -0.1786 -0.2845
vn -0.1501 -0.8160 -0.5582
vn 0.0444 -0.9990 -0.0037
vn -0.0480 -0.9721 0.2296
vn 0.6342 -0.6696 0.3867
vn 0.7264 -0.5638 0.3930
vn 0.7974 -0.4523 0.3995
vn 0.8241 -0.3971 0.4040
vn 0.8042 -0.4409 0.3985
vn 0.7127 -0.6008 0.3620
vn -0.8654 0.2774 -0.4174
vn -0.4791 0.8403 -0.2537
vn -0.9836 0.1481 0.1030
vn -0.5818 0.6746 0.4544
vn -0.7341 -0.4091 0.5420
vn -0.1198 0.0936 0.9884
vn -0.2149 -0.9327 0.2897
vn 0.5180 -0.4852 0.7044
vn -0.0132 -0.9997 0.0192
vn 0.5841 -0.3534 0.7307
vn 0.5926 -0.3406 0.7300
vn 0.5615 -0.4136 0.7167
vn 0.4923 -0.5193 0.6985
vn 0.4103 -0.6006 0.6862
vn -0.1179 -0.8841 0.4521
vn -0.5729 -0.5157 0.6371
vn -0.3332 -0.2610 0.9060
vn -0.2939 -0.2639 0.9187
vn -0.2541 -0.1728 0.9516
vn -0.2198 -0.0361 0.9749
vn -0.1752 0.0720 0.9819
vn -0.7679 0.5070 0.3915
vn -0.7002 0.6175 -0.3584
vn -0.8286 0.3817 -0.4095
vn -0.8916 0.1846 -0.4134
vn -0.8784 0.3098 0.3639
vn -0.9260 0.1361 0.3521
vn -0.9366 0.0648 0.3445
vn -0.9267 0.1490 0.3449
vn -0.9604 -0.1867 0.2069
vn -0.9148 0.0966 -0.3922
vn -0.9075 0.1752 -0.3818
vn -0.7267 -0.2641 -0.6341
vn -0.8280 -0.2054 -0.5217
vn -0.1484 0.3554 -0.9229
vn -0.1361 0.4084 -0.9026
vn -0.2817 -0.3135 -0.9068
vn -0.1642 0.3831 -0.9090
vn -0.1777 0.4476 -0.8764
vn 0.5510 0.5566 -0.6217
vn 0.5765 0.4850 -0.6575
vn 0.5792 0.4642 -0.6701
vn 0.5491 0.5398 -0.6381
vn 0.5317 0.2723 -0.8019
vn 0.5511 0.5566 -0.6217
vn 0.5017 0.6618 -0.5570
vn 0.8809 0.4668 0.0787
vn 0.9310 0.3637 0.0301
vn 0.5810 -0.0605 0.8117
vn 0.5987 -0.1198 0.7920
vn -0.2232 -0.4695 0.8543
vn -0.2276 -0.4522 0.8624
vn -0.5626 -0.5192 0.6434
vn -0.5746 -0.4806 0.6624
vn -0.8280 -0.4340 0.3551
vn -0.8348 -0.4075 0.3702
vn -0.9080 0.0276 -0.4180
vn -0.9033 -0.0085 -0.4289
vn -0.2054 0.5325 -0.8212
vn -0.8850 -0.0947 -0.4558
vn 0.5766 0.4851 -0.6575
vn 0.9658 0.2588 -0.0124
vn 0.6307 -0.2567 0.7323
vn -0.1962 -0.5512 0.8110
vn -0.5506 -0.5540 0.6244
vn -0.8078 -0.4857 0.3340
vn -0.7343 -0.6433 0.2168
vn -0.6114 -0.7913 0.0037
vn -0.1327 -0.7947 -0.5923
vn 0.5793 0.4642 -0.6700
vn 0.9812 0.1779 -0.0744
vn 0.6827 -0.4323 0.5892
vn -0.1197 -0.7375 0.6647
vn -0.4820 -0.7189 0.5009
vn -0.3655 -0.8893 0.2750
vn 0.0730 -0.8678 -0.4916
vn 0.5491 0.5398 -0.6380
vn 0.9725 0.1846 -0.1424
vn 0.7534 -0.5510 0.3589
vn 0.0023 -0.9135 0.4069
vn 0.2799 -0.8961 -0.3444
vn 0.8417 0.0406 -0.5384
vn 0.4194 0.7889 -0.4492
vn 0.8138 0.5604 0.1539
vn 0.5796 -0.0763 0.8113
vn -0.1783 -0.5847 0.7914
vn -0.5088 -0.6464 0.5686
vn -0.7847 -0.5471 0.2914
vn -0.9096 0.0150 -0.4152
vn -0.2622 0.6272 -0.7334
vn 0.4193 0.7889 -0.4492
vn 0.5017 0.6618 -0.5571
vn 0.9142 -0.0577 -0.4012
vn 0.8223 -0.5689 0.0076
vn 0.2749 -0.9602 0.0496
vn -0.0179 -0.9979 -0.0624
vn -0.1821 -0.9264 -0.3297
vn -0.2115 -0.4897 -0.8458
vn 0.1983 -0.0142 -0.9800
vn 0.6283 0.0972 -0.7719
vn 0.5386 -0.8376 0.0909
vn 0.0307 -0.9895 -0.1415
vn 0.9449 -0.3111 -0.1021
vn 0.8088 0.0589 -0.5851
vn 0.6323 0.0476 -0.7732
vn 0.4124 0.0837 -0.9072
vn -0.1133 -0.2460 -0.9626
vn -0.2618 -0.7801 -0.5682
vn 0.0385 -0.9900 -0.1354
vn 0.6284 0.0971 -0.7718
vn -0.2757 -0.6667 0.6924
vn -0.6019 -0.6680 0.4377
vn -0.8395 -0.5182 0.1635
vn -0.8699 0.1152 -0.4796
vn -0.1412 0.7204 -0.6790
vn 0.5303 0.7892 -0.3099
vn -0.8418 0.0406 -0.5383
vn -0.2798 -0.8962 -0.3443
vn -0.7844 -0.5597 -0.2673
vn -0.0729 -0.8678 -0.4915
vn 0.1327 -0.7947 -0.5923
vn 0.0302 0.8260 -0.5628
vn -0.3571 0.8216 -0.4443
vn 0.3743 0.4146 -0.8295
vn 0.1952 -0.0965 -0.9760
vn -0.0031 -0.1862 -0.9825
vn -0.2276 -0.2771 -0.9335
vn -0.7114 -0.0277 -0.7022
vn -0.6927 0.5555 -0.4601
vn -0.4642 0.8470 -0.2592
vn -0.9855 0.1126 0.1272
vn -0.6047 -0.7480 -0.2736
vn -0.8676 -0.4741 0.1497
vn -0.5497 -0.6813 -0.4835
vn -0.5338 -0.0845 -0.8414
vn -0.8988 0.0201 -0.4378
vn -0.7893 0.0337 -0.6131
vn -0.4255 -0.3035 -0.8525
vn -0.1769 -0.7951 -0.5801
vn -0.2692 -0.9574 -0.1046
vn -0.6927 0.5554 -0.4601
vn -0.2275 -0.2772 -0.9335
vn -0.7115 -0.0277 -0.7022
vn -0.0031 -0.1863 -0.9825
vn 0.6524 -0.1246 -0.7476
vn 0.6398 0.7499 -0.1683
vn 0.5384 0.7946 -0.2806
vn 0.5676 0.7635 -0.3082
vn 0.4800 0.7951 -0.3707
vn 0.6200 0.7241 0.3022
vn 0.8349 0.5340 -0.1332
vn 0.6516 0.1923 0.7338
vn -0.9604 -0.1866 0.2070
vn -0.1178 -0.8842 0.4521
vn -0.5728 -0.5157 0.6371
vn -0.0480 -0.9721 0.2297
vn -0.9419 -0.1785 -0.2845
vn 0.0445 -0.9990 -0.0037
vn -0.1500 -0.8160 -0.5582
vn -0.9743 0.1910 0.1197
vn -0.5972 -0.6771 -0.4300
vn -0.8970 -0.4405 0.0382
vn -0.5114 -0.5861 -0.6285
vn -0.3787 -0.4592 -0.8036
vt 0.531637 0.390514
vt 0.513828 0.390989
vt 0.548116 0.388341
vt 0.545202 0.447484
vt 0.513828 0.456113
vt 0.573054 0.491245
vt 0.534930 0.517736
vt 0.604612 0.519021
vt 0.571311 0.562985
vt 0.632044 0.534077
vt 0.610133 0.587102
vt 0.657752 0.545112
vt 0.647707 0.593144
vt 0.696556 0.556140
vt 0.696837 0.587292
vt 0.763610 0.558268
vt 0.764255 0.561801
vt 0.672377 0.514741
vt 0.649470 0.501800
vt 0.704556 0.532708
vt 0.764401 0.555523
vt 0.636895 0.340498
vt 0.579365 0.335224
vt 0.579629 0.351755
vt 0.626911 0.366320
vt 0.575332 0.361745
vt 0.615052 0.381528
vt 0.566554 0.372340
vt 0.598962 0.399980
vt 0.557374 0.382582
vt 0.583366 0.419140
vt 0.569967 0.433617
vt 0.598351 0.466312
vt 0.625918 0.487700
vt 0.682942 0.362095
vt 0.663019 0.388909
vt 0.647057 0.404205
vt 0.627982 0.424139
vt 0.611441 0.447001
vt 0.637851 0.468094
vt 0.661784 0.484904
vt 0.684842 0.501100
vt 0.714130 0.521935
vt 0.714204 0.390020
vt 0.688816 0.412983
vt 0.672541 0.426850
vt 0.653951 0.445805
vt 0.677578 0.466124
vt 0.699836 0.486242
vt 0.725501 0.510934
vt 0.733829 0.417077
vt 0.707613 0.435921
vt 0.694011 0.448844
vt 0.713326 0.471284
vt 0.735741 0.499950
vt 0.749050 0.444443
vt 0.724759 0.459570
vt 0.745128 0.491227
vt 0.765214 0.482550
vt 0.765758 0.554147
vt 0.767464 0.552587
vt 0.769175 0.551034
vt 0.770583 0.549779
vt 0.773203 0.548749
vt 0.776785 0.548755
vt 0.795233 0.479265
vt 0.796759 0.427008
vt 0.782073 0.389547
vt 0.753510 0.353675
vt 0.704756 0.322312
vt 0.641425 0.308665
vt 0.577214 0.317619
vt 0.083490 0.681606
vt 0.041138 0.677893
vt 0.046692 0.750974
vt 0.087086 0.737844
vt 0.086514 0.624651
vt 0.049005 0.617930
vt 0.005123 0.673381
vt 0.000295 0.747451
vt 0.045930 0.759991
vt 0.081377 0.742814
vt 0.136206 0.757035
vt 0.003351 0.772462
vt 0.009842 0.611354
vt 0.021475 0.835594
vt 0.054410 0.825339
vt 0.094760 0.814223
vt 0.120401 0.812192
vt 0.151735 0.813890
vt 0.159743 0.764661
vt 0.135952 0.741481
vt 0.113932 0.680618
vt 0.112420 0.628438
vt 0.115338 0.587235
vt 0.093705 0.583216
vt 0.059776 0.573973
vt 0.020255 0.561177
vt 0.071344 0.543661
vt 0.035564 0.524656
vt 0.100671 0.553735
vt 0.118627 0.555741
vt 0.138855 0.555412
vt 0.140111 0.588531
vt 0.142111 0.629022
vt 0.146325 0.677068
vt 0.159146 0.730799
vt 0.178550 0.769646
vt 0.177727 0.817108
vt 0.082258 0.521637
vt 0.054042 0.500135
vt 0.106569 0.530217
vt 0.120996 0.530206
vt 0.136943 0.528617
vt 0.151793 0.527330
vt 0.157656 0.553550
vt 0.163456 0.585537
vt 0.168758 0.625919
vt 0.173633 0.673092
vt 0.177525 0.723269
vt 0.144840 0.501609
vt 0.134382 0.502445
vt 0.123237 0.503932
vt 0.112873 0.504226
vt 0.096356 0.496999
vt 0.080995 0.480401
vt 0.163746 0.525347
vt 0.172384 0.550580
vt 0.181219 0.581465
vt 0.188630 0.622145
vt 0.192866 0.670598
vt 0.190494 0.721732
vt 0.191918 0.770942
vt 0.195944 0.819429
vt 0.220662 0.818324
vt 0.210041 0.766637
vt 0.208814 0.727077
vt 0.219121 0.671206
vt 0.217327 0.618240
vt 0.208105 0.574261
vt 0.195598 0.541819
vt 0.182692 0.517060
vt 0.166825 0.492195
vt 0.153578 0.500038
vt 0.211647 0.494917
vt 0.230800 0.522650
vt 0.246168 0.562309
vt 0.253587 0.615249
vt 0.248231 0.675652
vt 0.227599 0.734890
vt 0.227061 0.759674
vt 0.248415 0.813368
vt 0.253587 0.866655
vt 0.219673 0.863895
vt 0.246635 0.911554
vt 0.212192 0.900720
vt 0.065095 0.954297
vt 0.094431 0.933605
vt 0.048406 0.926318
vt 0.082001 0.910013
vt 0.119169 0.922469
vt 0.110929 0.898485
vt 0.134680 0.919687
vt 0.129648 0.893387
vt 0.152293 0.918853
vt 0.151435 0.890718
vt 0.168759 0.919333
vt 0.172253 0.892083
vt 0.181731 0.921086
vt 0.188120 0.894908
vt 0.202355 0.927870
vt 0.193350 0.860756
vt 0.233615 0.944051
vt 0.218013 0.967220
vt 0.192356 0.949353
vt 0.175559 0.943099
vt 0.165109 0.942077
vt 0.152189 0.941824
vt 0.138273 0.941309
vt 0.125705 0.942074
vt 0.105048 0.951280
vt 0.083076 0.971795
vt 0.192369 0.985144
vt 0.179737 0.971700
vt 0.168073 0.965673
vt 0.160497 0.964775
vt 0.151442 0.964611
vt 0.141713 0.963951
vt 0.132724 0.964299
vt 0.119035 0.971562
vt 0.147400 0.996863
vt 0.146026 0.997664
vt 0.107289 0.986587
vt 0.145044 0.999382
vt 0.154641 0.999705
vt 0.153405 0.998123
vt 0.152039 0.997374
vt 0.151009 0.997237
vt 0.149742 0.997074
vt 0.148473 0.996921
vt 0.879098 0.887979
vt 0.880459 0.854610
vt 0.865705 0.856064
vt 0.863973 0.889696
vt 0.851677 0.856398
vt 0.850765 0.889982
vt 0.839090 0.856126
vt 0.839370 0.888689
vt 0.831246 0.855341
vt 0.831656 0.887029
vt 0.821507 0.854129
vt 0.821215 0.885228
vt 0.859485 0.826467
vt 0.869484 0.825487
vt 0.850590 0.826788
vt 0.842790 0.827196
vt 0.837071 0.826980
vt 0.829610 0.826035
vt 0.821483 0.825032
vt 0.811486 0.852861
vt 0.809559 0.883479
vt 0.858657 0.797294
vt 0.853419 0.797725
vt 0.848208 0.797939
vt 0.843426 0.798079
vt 0.840316 0.798179
vt 0.836467 0.797926
vt 0.832548 0.797681
vt 0.829449 0.796857
vt 0.814522 0.822987
vt 0.802545 0.851429
vt 0.799103 0.882905
vt 0.863299 0.795790
vt 0.879711 0.822404
vt 0.894575 0.851637
vt 0.895419 0.885751
vt 0.893128 0.915179
vt 0.876357 0.914243
vt 0.861452 0.914156
vt 0.849000 0.913771
vt 0.838449 0.912657
vt 0.831152 0.911662
vt 0.821263 0.910741
vt 0.809820 0.909771
vt 0.799103 0.909908
vt 0.884336 0.943002
vt 0.870296 0.938272
vt 0.857582 0.935811
vt 0.846985 0.934552
vt 0.838124 0.933902
vt 0.831581 0.933872
vt 0.822859 0.934198
vt 0.813091 0.934661
vt 0.803818 0.935932
vt 0.820115 0.959387
vt 0.813858 0.961105
vt 0.828776 0.989318
vt 0.826854 0.989706
vt 0.868150 0.968252
vt 0.859982 0.962171
vt 0.851621 0.957808
vt 0.844023 0.955565
vt 0.837403 0.955095
vt 0.832908 0.955935
vt 0.827036 0.957535
vt 0.831141 0.988833
vt 0.846115 0.992869
vt 0.843912 0.990597
vt 0.841178 0.988939
vt 0.838169 0.988065
vt 0.835283 0.987903
vt 0.833454 0.988306
vt 0.009516 0.070536
vt 0.000295 0.068908
vt 0.000295 0.112274
vt 0.016907 0.069724
vt 0.015229 0.154921
vt 0.021055 0.110009
vt 0.024394 0.062278
vt 0.030907 0.179825
vt 0.040492 0.141490
vt 0.036491 0.103971
vt 0.029325 0.052215
vt 0.050222 0.156892
vt 0.058359 0.195665
vt 0.056004 0.128878
vt 0.051251 0.087233
vt 0.033110 0.042155
vt 0.060773 0.069902
vt 0.070867 0.106557
vt 0.065172 0.137824
vt 0.068462 0.166855
vt 0.091479 0.200326
vt 0.090376 0.173463
vt 0.127411 0.191563
vt 0.120557 0.174917
vt 0.163229 0.168517
vt 0.161459 0.166326
vt 0.117880 0.160929
vt 0.160506 0.164266
vt 0.125208 0.143725
vt 0.068054 0.054968
vt 0.082686 0.083939
vt 0.093137 0.065949
vt 0.136553 0.130859
vt 0.121842 0.114184
vt 0.106352 0.129834
vt 0.092422 0.152801
vt 0.077649 0.145241
vt 0.082527 0.112047
vt 0.097357 0.091037
vt 0.109538 0.075515
vt 0.102972 0.050856
vt 0.120013 0.062634
vt 0.123150 0.088748
vt 0.135692 0.103199
vt 0.147929 0.123016
vt 0.110062 0.101614
vt 0.094219 0.119833
vt 0.135206 0.077976
vt 0.148605 0.095428
vt 0.159228 0.118059
vt 0.168610 0.117274
vt 0.160138 0.090625
vt 0.146317 0.068846
vt 0.127915 0.051812
vt 0.108905 0.038658
vt 0.075915 0.030095
vt 0.073833 0.041539
vt 0.036526 0.026201
vt 0.035321 0.032652
vt 0.037178 0.017620
vt 0.076707 0.012505
vt 0.116951 0.016856
vt 0.142369 0.030901
vt 0.169137 0.050870
vt 0.181982 0.083576
vt 0.183262 0.118280
vt 0.170973 0.156652
vt 0.173592 0.156952
vt 0.161383 0.161199
vt 0.163465 0.158882
vt 0.166282 0.157502
vt 0.169001 0.156604
vt 0.968390 0.959898
vt 0.969477 0.958554
vt 0.965959 0.959190
vt 0.969477 0.956432
vt 0.964803 0.956703
vt 0.965665 0.954099
vt 0.969232 0.954325
vt 0.967998 0.953115
vt 0.960625 0.945742
vt 0.959539 0.947086
vt 0.963056 0.946450
vt 0.959539 0.949208
vt 0.964212 0.948937
vt 0.963350 0.951541
vt 0.959783 0.951315
vt 0.961017 0.952525
vt 0.960335 0.932804
vt 0.959539 0.933790
vt 0.962118 0.933324
vt 0.959539 0.935346
vt 0.962966 0.935148
vt 0.962334 0.937057
vt 0.959718 0.936892
vt 0.960623 0.937779
vt 0.961017 0.967861
vt 0.959783 0.969070
vt 0.963350 0.968845
vt 0.959539 0.971178
vt 0.964212 0.971448
vt 0.963056 0.973936
vt 0.959539 0.973300
vt 0.960625 0.974643
vt 0.870808 0.150954
vt 0.872370 0.179628
vt 0.889607 0.150399
vt 0.889965 0.117214
vt 0.870788 0.117478
vt 0.855427 0.152280
vt 0.855245 0.117850
vt 0.909244 0.117809
vt 0.858639 0.180804
vt 0.863644 0.206033
vt 0.875227 0.205168
vt 0.889346 0.179096
vt 0.908670 0.151433
vt 0.925001 0.118360
vt 0.921005 0.077056
vt 0.907352 0.077607
vt 0.890228 0.077588
vt 0.873091 0.077510
vt 0.859420 0.076899
vt 0.878248 0.031516
vt 0.868760 0.030101
vt 0.890187 0.031566
vt 0.902123 0.031332
vt 0.911599 0.029812
vt 0.925142 0.024813
vt 0.940463 0.073428
vt 0.948115 0.116972
vt 0.924470 0.152970
vt 0.906570 0.179641
vt 0.889312 0.205069
vt 0.879599 0.231986
vt 0.871093 0.232754
vt 0.889646 0.231964
vt 0.903723 0.204879
vt 0.921020 0.181050
vt 0.948733 0.154739
vt 0.974339 0.113110
vt 0.960845 0.067071
vt 0.939329 0.018784
vt 0.978513 0.156154
vt 0.943931 0.185616
vt 0.916012 0.205622
vt 0.899971 0.231612
vt 0.890599 0.270400
vt 0.888467 0.270522
vt 0.973561 0.193478
vt 0.935534 0.211391
vt 0.909028 0.232116
vt 0.892731 0.270283
vt 0.960536 0.224345
vt 0.922754 0.237983
vt 0.894508 0.270257
vt 0.936878 0.249982
vt 0.896930 0.271332
vt 0.899072 0.273680
vt 0.839931 0.073285
vt 0.819547 0.066991
vt 0.806481 0.113002
vt 0.832484 0.116510
vt 0.803048 0.155874
vt 0.832139 0.153962
vt 0.808669 0.192801
vt 0.837133 0.184908
vt 0.821603 0.223048
vt 0.845412 0.211237
vt 0.843828 0.250195
vt 0.858272 0.238301
vt 0.882030 0.273970
vt 0.884300 0.271708
vt 0.886714 0.270646
vt 0.855262 0.025027
vt 0.841176 0.018784
vt 0.668794 0.728859
vt 0.666961 0.730055
vt 0.721351 0.762368
vt 0.706208 0.771097
vt 0.664615 0.731053
vt 0.752009 0.800703
vt 0.689768 0.778093
vt 0.662250 0.732001
vt 0.726255 0.808282
vt 0.765027 0.834431
vt 0.676615 0.783938
vt 0.660368 0.732593
vt 0.701846 0.813924
vt 0.735329 0.839921
vt 0.769215 0.867165
vt 0.739839 0.871247
vt 0.768700 0.908433
vt 0.708048 0.844578
vt 0.683104 0.818194
vt 0.666738 0.787340
vt 0.657435 0.732628
vt 0.654142 0.732325
vt 0.651940 0.788193
vt 0.670348 0.820892
vt 0.686333 0.847442
vt 0.711364 0.875043
vt 0.741134 0.908584
vt 0.754114 0.957162
vt 0.651121 0.730977
vt 0.634537 0.786193
vt 0.652394 0.822396
vt 0.671754 0.848764
vt 0.688403 0.876429
vt 0.712656 0.909212
vt 0.733068 0.952032
vt 0.722578 0.999705
vt 0.711859 0.993521
vt 0.709071 0.948103
vt 0.697854 0.987959
vt 0.687815 0.943325
vt 0.683765 0.982523
vt 0.689249 0.907874
vt 0.672922 0.876298
vt 0.652388 0.849805
vt 0.628801 0.821507
vt 0.613241 0.778341
vt 0.648693 0.728365
vt 0.593195 0.762796
vt 0.598566 0.816311
vt 0.561581 0.802180
vt 0.593498 0.844819
vt 0.547846 0.836864
vt 0.590921 0.872081
vt 0.672903 0.906167
vt 0.651710 0.876454
vt 0.627357 0.848813
vt 0.672036 0.939998
vt 0.650463 0.905679
vt 0.625578 0.875009
vt 0.650056 0.939743
vt 0.624230 0.905193
vt 0.626255 0.941814
vt 0.591761 0.905696
vt 0.600388 0.946658
vt 0.672014 0.980042
vt 0.654577 0.982193
vt 0.636327 0.986866
vt 0.618349 0.992357
vt 0.546799 0.871985
vt 0.555358 0.912580
vt 0.573456 0.957586
vt 0.602485 0.999705
vt 0.966353 0.937057
vt 0.963737 0.936892
vt 0.964642 0.937779
vt 0.963557 0.935346
vt 0.966985 0.935148
vt 0.966137 0.933324
vt 0.963557 0.933790
vt 0.964354 0.932804
vt 0.265425 0.139840
vt 0.253433 0.183426
vt 0.265103 0.190453
vt 0.284979 0.152581
vt 0.277642 0.108544
vt 0.299986 0.128709
vt 0.346533 0.100376
vt 0.332819 0.089984
vt 0.336635 0.113998
vt 0.322493 0.103795
vt 0.327424 0.127832
vt 0.312013 0.116722
vt 0.316534 0.141163
vt 0.299891 0.162384
vt 0.275736 0.197616
vt 0.240715 0.180458
vt 0.238676 0.129038
vt 0.248486 0.081609
vt 0.329874 0.149500
vt 0.339057 0.135430
vt 0.347615 0.121229
vt 0.357310 0.107042
vt 0.305435 0.222039
vt 0.310466 0.228414
vt 0.297936 0.215803
vt 0.290427 0.209690
vt 0.284454 0.205147
vt 0.311749 0.170448
vt 0.319536 0.177958
vt 0.338686 0.155829
vt 0.347055 0.141057
vt 0.356285 0.126490
vt 0.365809 0.111143
vt 0.329862 0.189194
vt 0.352125 0.165579
vt 0.359956 0.149520
vt 0.370053 0.134702
vt 0.379113 0.117736
vt 0.376361 0.091335
vt 0.387835 0.094238
vt 0.397639 0.127570
vt 0.403022 0.098776
vt 0.419495 0.138403
vt 0.419495 0.101581
vt 0.368552 0.088787
vt 0.390257 0.052591
vt 0.392226 0.053331
vt 0.394875 0.054173
vt 0.397542 0.054958
vt 0.399949 0.055216
vt 0.343771 0.201457
vt 0.371867 0.177266
vt 0.378897 0.161890
vt 0.388621 0.146290
vt 0.411443 0.160248
vt 0.355293 0.216340
vt 0.393025 0.192589
vt 0.401370 0.176584
vt 0.386113 0.551540
vt 0.387381 0.552368
vt 0.440671 0.515156
vt 0.426240 0.507464
vt 0.469815 0.473068
vt 0.384513 0.550801
vt 0.444824 0.467227
vt 0.480297 0.439802
vt 0.410605 0.501264
vt 0.382901 0.550091
vt 0.451816 0.435460
vt 0.483783 0.407788
vt 0.421738 0.463117
vt 0.397724 0.495949
vt 0.381596 0.549633
vt 0.455781 0.404075
vt 0.483783 0.362922
vt 0.426455 0.432083
vt 0.403972 0.459755
vt 0.387817 0.492714
vt 0.379547 0.549600
vt 0.377241 0.549937
vt 0.373081 0.491777
vt 0.391655 0.457381
vt 0.406144 0.430143
vt 0.429035 0.400919
vt 0.457131 0.363183
vt 0.467657 0.307901
vt 0.447498 0.313042
vt 0.434216 0.258458
vt 0.429727 0.363301
vt 0.407337 0.400086
vt 0.392313 0.429360
vt 0.373081 0.456456
vt 0.355144 0.494009
vt 0.375170 0.550983
vt 0.424019 0.264215
vt 0.424199 0.317434
vt 0.406953 0.365013
vt 0.392340 0.400785
vt 0.373216 0.428991
vt 0.349079 0.456902
vt 0.334303 0.501649
vt 0.373587 0.552839
vt 0.315912 0.517477
vt 0.315653 0.463046
vt 0.280963 0.478991
vt 0.346269 0.430994
vt 0.371107 0.401846
vt 0.390639 0.367135
vt 0.403259 0.322185
vt 0.410496 0.268912
vt 0.309850 0.436958
vt 0.343477 0.405272
vt 0.367713 0.368900
vt 0.387525 0.325515
vt 0.396893 0.273326
vt 0.306420 0.410962
vt 0.340144 0.371014
vt 0.365281 0.326649
vt 0.385695 0.274890
vt 0.306002 0.372195
vt 0.340938 0.325522
vt 0.369016 0.272530
vt 0.314561 0.321867
vt 0.351097 0.268887
vt 0.333253 0.264356
vt 0.266489 0.447416
vt 0.261928 0.413938
vt 0.267207 0.366913
vt 0.286634 0.312209
vt 0.316456 0.259291
vt 0.987445 0.557100
vt 0.984072 0.557127
vt 0.997870 0.609187
vt 0.981408 0.556096
vt 0.977594 0.608071
vt 0.999705 0.649522
vt 0.962064 0.602468
vt 0.979970 0.554817
vt 0.967409 0.642651
vt 0.993101 0.684453
vt 0.954159 0.596066
vt 0.978278 0.553224
vt 0.946070 0.632698
vt 0.956334 0.670659
vt 0.978300 0.719270
vt 0.945623 0.587843
vt 0.976587 0.551629
vt 0.935278 0.623524
vt 0.931811 0.657284
vt 0.942490 0.697014
vt 0.950224 0.752945
vt 0.936847 0.579790
vt 0.975223 0.550267
vt 0.923171 0.611781
vt 0.918725 0.646458
vt 0.917504 0.679895
vt 0.923004 0.722186
vt 0.906500 0.775855
vt 0.929905 0.572195
vt 0.974043 0.547662
vt 0.910589 0.600329
vt 0.903789 0.632287
vt 0.902620 0.667770
vt 0.901584 0.700736
vt 0.894631 0.743472
vt 0.852136 0.777618
vt 0.849978 0.756868
vt 0.880554 0.719545
vt 0.885840 0.687660
vt 0.885164 0.651667
vt 0.888773 0.617961
vt 0.900586 0.589872
vt 0.923419 0.556810
vt 0.973897 0.544293
vt 0.921378 0.536519
vt 0.889326 0.568489
vt 0.844162 0.738095
vt 0.866351 0.706451
vt 0.866625 0.670735
vt 0.868391 0.634718
vt 0.877069 0.605161
vt 0.835858 0.727592
vt 0.847659 0.690309
vt 0.849095 0.652099
vt 0.855521 0.620166
vt 0.862191 0.580643
vt 0.823373 0.716466
vt 0.830640 0.672668
vt 0.835384 0.636945
vt 0.836916 0.595645
vt 0.810926 0.705352
vt 0.817018 0.659438
vt 0.812857 0.616654
vt 0.799740 0.698166
vt 0.792810 0.646785
vt 0.780857 0.692996
vt 0.881133 0.536363
vt 0.846491 0.544222
vt 0.812338 0.560895
vt 0.780351 0.591254
vt 0.760145 0.636396
vt 0.760145 0.690722
vt 0.400693 0.899525
vt 0.401925 0.901429
vt 0.476696 0.880699
vt 0.451730 0.855156
vt 0.518731 0.840314
vt 0.399259 0.899017
vt 0.472542 0.817620
vt 0.536696 0.800493
vt 0.434006 0.848961
vt 0.397518 0.898589
vt 0.482426 0.786181
vt 0.541558 0.752078
vt 0.448414 0.813301
vt 0.415172 0.844577
vt 0.395763 0.898197
vt 0.487763 0.749925
vt 0.529162 0.692425
vt 0.455916 0.781585
vt 0.422897 0.809962
vt 0.398992 0.839604
vt 0.394372 0.897960
vt 0.484779 0.703058
vt 0.495896 0.632961
vt 0.459483 0.746290
vt 0.427271 0.778121
vt 0.400701 0.806034
vt 0.385815 0.836869
vt 0.392365 0.898538
vt 0.401161 0.776617
vt 0.428849 0.743918
vt 0.457791 0.703436
vt 0.467667 0.649334
vt 0.448594 0.587534
vt 0.436750 0.600291
vt 0.426313 0.605134
vt 0.412433 0.608327
vt 0.398477 0.611176
vt 0.387179 0.611181
vt 0.446979 0.653690
vt 0.422226 0.657215
vt 0.398804 0.661495
vt 0.380407 0.664061
vt 0.354071 0.661222
vt 0.371278 0.605531
vt 0.325469 0.652564
vt 0.354692 0.597310
vt 0.294850 0.636737
vt 0.338827 0.587534
vt 0.427757 0.703962
vt 0.400451 0.707303
vt 0.379447 0.710481
vt 0.348314 0.710753
vt 0.309488 0.707447
vt 0.401354 0.744998
vt 0.380761 0.747294
vt 0.349527 0.749676
vt 0.382207 0.776850
vt 0.353412 0.779371
vt 0.358118 0.806013
vt 0.307028 0.753480
vt 0.311539 0.787632
vt 0.320251 0.816606
vt 0.340113 0.851991
vt 0.365228 0.840390
vt 0.384108 0.803834
vt 0.261611 0.696587
vt 0.249527 0.756183
vt 0.255560 0.802664
vt 0.272271 0.840380
vt 0.313273 0.879171
vt 0.388880 0.902042
vt 0.390202 0.899855
vt 0.961017 0.938369
vt 0.959783 0.939579
vt 0.963350 0.939353
vt 0.959539 0.941686
vt 0.964212 0.941957
vt 0.963056 0.944444
vt 0.959539 0.943808
vt 0.960625 0.945152
vt 0.968390 0.967271
vt 0.969477 0.965927
vt 0.965959 0.966563
vt 0.969477 0.963805
vt 0.964803 0.964076
vt 0.965665 0.961472
vt 0.969232 0.961698
vt 0.967998 0.960488
vt 0.963126 0.967271
vt 0.964212 0.965927
vt 0.960695 0.966563
vt 0.964212 0.963805
vt 0.959539 0.964076
vt 0.960401 0.961472
vt 0.963968 0.961697
vt 0.962734 0.960488
vt 0.070712 0.440347
vt 0.071313 0.456759
vt 0.115371 0.460508
vt 0.109307 0.430347
vt 0.066150 0.427077
vt 0.099596 0.409965
vt 0.142489 0.416230
vt 0.127359 0.392842
vt 0.173325 0.395849
vt 0.153045 0.373279
vt 0.202239 0.365096
vt 0.178110 0.346962
vt 0.225660 0.320667
vt 0.202523 0.310108
vt 0.238238 0.260869
vt 0.224154 0.258549
vt 0.215992 0.253938
vt 0.060339 0.420092
vt 0.089932 0.399389
vt 0.115188 0.379803
vt 0.139170 0.358448
vt 0.163282 0.332657
vt 0.188806 0.299096
vt 0.253494 0.261435
vt 0.253494 0.327630
vt 0.234150 0.385163
vt 0.199660 0.427195
vt 0.158621 0.451293
vt 0.025806 0.446778
vt 0.025810 0.449137
vt 0.025139 0.444821
vt 0.024248 0.443740
vt 0.023040 0.442518
vt 0.052470 0.412436
vt 0.077070 0.387310
vt 0.098939 0.364483
vt 0.120896 0.340728
vt 0.144562 0.314751
vt 0.172363 0.283995
vt 0.188379 0.200917
vt 0.121993 0.205580
vt 0.190126 0.216165
vt 0.130835 0.233251
vt 0.193528 0.230109
vt 0.143317 0.255973
vt 0.198760 0.237931
vt 0.155692 0.268906
vt 0.207252 0.246072
vt 0.124584 0.297619
vt 0.101370 0.323769
vt 0.082340 0.348747
vt 0.064327 0.374459
vt 0.044510 0.404607
vt 0.021821 0.441308
vt 0.020727 0.440416
vt 0.037099 0.398764
vt 0.052739 0.364581
vt 0.067759 0.336639
vt 0.084652 0.310470
vt 0.108361 0.283601
vt 0.087554 0.259920
vt 0.065179 0.228481
vt 0.024821 0.265849
vt 0.003577 0.309293
vt 0.058928 0.290886
vt 0.041635 0.322560
vt 0.030169 0.355721
vt 0.023154 0.394726
vt 0.018744 0.439829
vt 0.000295 0.352455
vt 0.006627 0.395091
vt 0.016399 0.439980
vt 0.657722 0.236766
vt 0.650738 0.210273
vt 0.631216 0.216042
vt 0.643996 0.242634
vt 0.672242 0.274908
vt 0.669820 0.275983
vt 0.622819 0.190267
vt 0.618017 0.159389
vt 0.588237 0.160804
vt 0.593189 0.198128
vt 0.606214 0.228996
vt 0.629872 0.254633
vt 0.667678 0.278331
vt 0.763702 0.160525
vt 0.760269 0.117653
vt 0.734267 0.121161
vt 0.734611 0.158612
vt 0.711505 0.122501
vt 0.711323 0.156931
vt 0.695962 0.122129
vt 0.695942 0.155605
vt 0.676786 0.121865
vt 0.677143 0.155050
vt 0.657506 0.122460
vt 0.658081 0.156084
vt 0.641749 0.123010
vt 0.642280 0.157621
vt 0.618635 0.121623
vt 0.645730 0.185700
vt 0.758081 0.197452
vt 0.729617 0.189559
vt 0.708112 0.185455
vt 0.694380 0.184278
vt 0.677404 0.183746
vt 0.660180 0.184292
vt 0.663027 0.209530
vt 0.666779 0.236262
vt 0.674019 0.274934
vt 0.745147 0.227699
vt 0.721338 0.215888
vt 0.703106 0.210684
vt 0.691523 0.209818
vt 0.677438 0.209719
vt 0.677104 0.236615
vt 0.676151 0.275051
vt 0.722922 0.254846
vt 0.708478 0.242952
vt 0.695658 0.237404
vt 0.687151 0.236637
vt 0.678283 0.275173
vt 0.684720 0.278621
vt 0.682450 0.276359
vt 0.680036 0.275297
vt 0.747203 0.071642
vt 0.726819 0.077936
vt 0.707330 0.081549
vt 0.693659 0.082161
vt 0.676523 0.082238
vt 0.659398 0.082257
vt 0.645746 0.081706
vt 0.626287 0.078079
vt 0.605905 0.071722
vt 0.592411 0.117761
vt 0.711488 0.029677
vt 0.697990 0.034751
vt 0.688502 0.036167
vt 0.676563 0.036217
vt 0.664627 0.035982
vt 0.655151 0.034463
vt 0.641608 0.029464
vt 0.627421 0.023434
vt 0.725574 0.023434
vt 0.175146 0.857811
vt 0.150748 0.856055
vt 0.124009 0.858648
vt 0.101256 0.864410
vt 0.068177 0.874940
vt 0.033647 0.886257
vt 0.968615 0.973660
vt 0.965048 0.973434
vt 0.966282 0.974643
vt 0.964803 0.971327
vt 0.969477 0.971056
vt 0.968320 0.968569
vt 0.964803 0.969205
vt 0.965889 0.967861
vt 0.125599 0.464156
vt 0.124251 0.462209
vt 0.127303 0.464956
vt 0.128565 0.464792
vt 0.130053 0.464527
vt 0.131540 0.464254
vt 0.132753 0.464041
vt 0.134329 0.463074
vt 0.135687 0.461099
vt 0.180933 0.475530
vt 0.967599 0.946238
vt 0.964982 0.946073
vt 0.965887 0.946960
vt 0.964803 0.944527
vt 0.968231 0.944329
vt 0.967383 0.942505
vt 0.964803 0.942971
vt 0.965600 0.941985
vt 0.970371 0.937057
vt 0.967755 0.936892
vt 0.968660 0.937779
vt 0.967576 0.935346
vt 0.971003 0.935148
vt 0.970155 0.933324
vt 0.967576 0.933790
vt 0.968372 0.932804
vt 0.261692 0.069393
vt 0.289800 0.097829
vt 0.275930 0.056193
vt 0.302201 0.086175
vt 0.295683 0.044433
vt 0.315067 0.073204
vt 0.330647 0.035180
vt 0.337535 0.057488
vt 0.382877 0.041391
vt 0.383225 0.045395
vt 0.348786 0.073453
vt 0.384977 0.048495
vt 0.359170 0.082542
vt 0.387766 0.050704
vt 0.967599 0.951803
vt 0.964982 0.951638
vt 0.965887 0.952525
vt 0.964803 0.950092
vt 0.968231 0.949894
vt 0.967383 0.948070
vt 0.964803 0.948536
vt 0.965600 0.947550
vt 0.963350 0.958914
vt 0.959783 0.958688
vt 0.961017 0.959898
vt 0.959539 0.956581
vt 0.964212 0.956310
vt 0.963056 0.953823
vt 0.959539 0.954459
vt 0.960625 0.953115
s 1
usemtl chip_hair
f 2991/2064/1881 2992/2065/1882 2993/2065/1883
f 2994/2066/1884 2991/2064/1881 2995/2064/1885
f 2995/2064/1885 2991/2064/1881 2993/2065/1883
f 2996/2066/1886 2994/2066/1884 2995/2064/1885
f 2997/2067/1887 2995/2064/1885 2993/2065/1883
f 2998/2068/1888 2997/2067/1887 2993/2065/1883
f 2999/2069/1889 2997/2067/1887 2998/2068/1888
f 3000/2070/1890 2999/2069/1889 2998/2068/1888
f 3001/2071/1891 2999/2069/1889 3000/2070/1890
f 3002/2072/1892 3001/2071/1891 3000/2070/1890
f 3003/2073/1893 3001/2071/1891 3002/2072/1892
f 3004/2074/1894 3003/2073/1893 3002/2072/1892
f 3005/2075/1895 3003/2073/1893 3004/2074/1894
f 3006/2076/1896 3005/2075/1895 3004/2074/1894
f 3007/2077/1897 3005/2075/1895 3006/2076/1896
f 3008/2078/1898 3007/2077/1897 3006/2076/1896
f 3009/2079/1899 3007/2077/1897 3008/2078/1898
f 3010/2080/1900 3009/2079/1899 3008/2078/1898
f 3005/2075/1895 3011/2081/1901 3003/2073/1893
f 3011/2081/1901 3012/2082/1902 3003/2073/1893
f 3003/2073/1893 3012/2082/1902 3001/2071/1891
f 3013/2083/1903 3011/2081/1901 3005/2075/1895
f 3007/2077/1897 3013/2083/1903 3005/2075/1895
f 3009/2079/1899 3014/2084/1904 3007/2077/1897
f 3014/2084/1904 3013/2083/1903 3007/2077/1897
f 3015/2085/1905 3016/2086/1906 3017/2087/1907
f 3018/2088/1908 3015/2085/1905 3017/2087/1907
f 3018/2088/1908 3017/2087/1907 3019/2089/1909
f 3020/2090/1910 3018/2088/1908 3019/2089/1909
f 3020/2090/1910 3019/2089/1909 3021/2091/1911
f 3022/2092/1912 3020/2090/1910 3021/2091/1911
f 3022/2092/1912 3021/2091/1911 3023/2093/1913
f 3024/2094/1914 3022/2092/1912 3023/2093/1913
f 3024/2094/1914 3023/2093/1913 2996/2066/1886
f 3025/2095/1915 3024/2094/1914 2996/2066/1886
f 3025/2095/1915 2996/2066/1886 2995/2064/1885
f 2997/2067/1887 3025/2095/1915 2995/2064/1885
f 3026/2096/1916 3025/2095/1915 2997/2067/1887
f 2999/2069/1889 3026/2096/1916 2997/2067/1887
f 3027/2097/1917 3026/2096/1916 2999/2069/1889
f 3001/2071/1891 3027/2097/1917 2999/2069/1889
f 3012/2082/1902 3027/2097/1917 3001/2071/1891
f 3028/2098/1918 3015/2085/1905 3018/2088/1908
f 3029/2099/1919 3028/2098/1918 3018/2088/1908
f 3029/2099/1919 3018/2088/1908 3020/2090/1910
f 3030/2100/1920 3020/2090/1910 3022/2092/1912
f 3030/2100/1920 3029/2099/1919 3020/2090/1910
f 3031/2101/1921 3022/2092/1912 3024/2094/1914
f 3031/2101/1921 3030/2100/1920 3022/2092/1912
f 3032/2102/1922 3024/2094/1914 3025/2095/1915
f 3026/2096/1916 3032/2102/1922 3025/2095/1915
f 3032/2102/1922 3031/2101/1921 3024/2094/1914
f 3033/2103/1923 3032/2102/1922 3026/2096/1916
f 3027/2097/1917 3033/2103/1923 3026/2096/1916
f 3012/2082/1902 3034/2104/1924 3027/2097/1917
f 3034/2104/1924 3033/2103/1923 3027/2097/1917
f 3011/2081/1901 3035/2105/1925 3012/2082/1902
f 3035/2105/1925 3034/2104/1924 3012/2082/1902
f 3013/2083/1903 3036/2106/1926 3011/2081/1901
f 3036/2106/1926 3035/2105/1925 3011/2081/1901
f 3037/2107/1927 3028/2098/1918 3029/2099/1919
f 3038/2108/1928 3037/2107/1927 3029/2099/1919
f 3038/2108/1928 3029/2099/1919 3030/2100/1920
f 3039/2109/1929 3038/2108/1928 3030/2100/1920
f 3039/2109/1929 3030/2100/1920 3031/2101/1921
f 3040/2110/1930 3031/2101/1921 3032/2102/1922
f 3040/2110/1930 3039/2109/1929 3031/2101/1921
f 3033/2103/1923 3040/2110/1930 3032/2102/1922
f 3041/2111/1931 3040/2110/1930 3033/2103/1923
f 3034/2104/1924 3041/2111/1931 3033/2103/1923
f 3035/2105/1925 3042/2112/1932 3034/2104/1924
f 3042/2112/1932 3041/2111/1931 3034/2104/1924
f 3036/2106/1926 3043/2113/1933 3035/2105/1925
f 3043/2113/1933 3042/2112/1932 3035/2105/1925
f 3044/2114/1934 3037/2107/1927 3038/2108/1928
f 3045/2115/1935 3044/2114/1934 3038/2108/1928
f 3045/2115/1935 3038/2108/1928 3039/2109/1929
f 3041/2111/1931 3046/2116/1936 3040/2110/1930
f 3046/2116/1936 3045/2115/1935 3039/2109/1929
f 3046/2116/1936 3039/2109/1929 3040/2110/1930
f 3047/2117/1937 3046/2116/1936 3041/2111/1931
f 3042/2112/1932 3047/2117/1937 3041/2111/1931
f 3043/2113/1933 3048/2118/1938 3042/2112/1932
f 3048/2118/1938 3047/2117/1937 3042/2112/1932
f 3049/2119/1939 3044/2114/1934 3045/2115/1935
f 3050/2120/1940 3045/2115/1935 3046/2116/1936
f 3047/2117/1937 3050/2120/1940 3046/2116/1936
f 3050/2120/1940 3049/2119/1939 3045/2115/1935
f 3051/2121/1941 3050/2120/1940 3047/2117/1937
f 3048/2118/1938 3051/2121/1941 3047/2117/1937
f 3052/2122/1942 3049/2119/1939 3050/2120/1940
f 3051/2121/1941 3052/2122/1942 3050/2120/1940
f 3053/2123/1943 3036/2106/1926 3013/2083/1903
f 3014/2084/1904 3053/2123/1943 3013/2083/1903
f 3053/2123/1943 3054/2124/1944 3036/2106/1926
f 3054/2124/1944 3043/2113/1933 3036/2106/1926
f 3054/2124/1944 3055/2125/1945 3043/2113/1933
f 3055/2125/1945 3048/2118/1938 3043/2113/1933
f 3055/2125/1945 3056/2126/1946 3048/2118/1938
f 3056/2126/1946 3051/2121/1941 3048/2118/1938
f 3057/2127/1947 3052/2122/1942 3051/2121/1941
f 3056/2126/1946 3057/2127/1947 3051/2121/1941
f 3057/2127/1947 3058/2128/1900 3052/2122/1942
f 3052/2122/1942 3059/2129/1948 3049/2119/1939
f 3058/2128/1900 3059/2129/1948 3052/2122/1942
f 3049/2119/1939 3060/2130/1949 3044/2114/1934
f 3059/2129/1948 3060/2130/1949 3049/2119/1939
f 3044/2114/1934 3061/2131/1950 3037/2107/1927
f 3060/2130/1949 3061/2131/1950 3044/2114/1934
f 3061/2131/1950 3062/2132/1892 3037/2107/1927
f 3037/2107/1927 3062/2132/1892 3028/2098/1918
f 3028/2098/1918 3063/2133/1951 3015/2085/1905
f 3062/2132/1892 3063/2133/1951 3028/2098/1918
f 3015/2085/1905 3064/2134/1952 3016/2086/1906
f 3063/2133/1951 3064/2134/1952 3015/2085/1905
f 3064/2134/1952 3065/2135/1953 3016/2086/1906
f 3065/2135/1953 3066/2135/1954 3016/2086/1906
f 3016/2086/1906 3067/2086/1955 3017/2087/1907
f 3066/2135/1954 3067/2086/1955 3016/2086/1906
f 3067/2086/1955 3068/2087/1956 3017/2087/1907
f 3017/2087/1907 3068/2087/1956 3019/2089/1909
f 3019/2089/1909 3069/2089/1957 3021/2091/1911
f 3068/2087/1956 3069/2089/1957 3019/2089/1909
f 3021/2091/1911 3070/2091/1958 3023/2093/1913
f 3069/2089/1957 3070/2091/1958 3021/2091/1911
f 3070/2091/1958 3071/2093/1959 3023/2093/1913
f 3023/2093/1913 3071/2093/1959 2996/2066/1886
f 3071/2093/1959 2994/2066/1884 2996/2066/1886
f 3072/2136/1960 3073/2137/1961 3074/2138/1962
f 3075/2139/1963 3072/2136/1960 3074/2138/1962
f 3072/2136/1960 3076/2140/1964 3073/2137/1961
f 3076/2140/1964 3077/2141/1965 3073/2137/1961
f 3073/2137/1961 3077/2141/1965 3078/2142/1966
f 3074/2138/1962 3073/2137/1961 3079/2143/1967
f 3073/2137/1961 3078/2142/1966 3079/2143/1967
f 3080/2144/1968 3074/2138/1962 3079/2143/1967
f 3081/2145/1969 3075/2139/1963 3074/2138/1962
f 3080/2144/1968 3081/2145/1969 3074/2138/1962
f 3081/2145/1969 3082/2146/1970 3075/2139/1963
f 3083/2147/1971 3080/2144/1968 3079/2143/1967
f 3077/2141/1965 3084/2148/1972 3078/2142/1966
f 3085/2149/1973 3086/2150/1974 3083/2147/1971
f 3086/2150/1974 3080/2144/1968 3083/2147/1971
f 3087/2151/1975 3081/2145/1969 3080/2144/1968
f 3086/2150/1974 3087/2151/1975 3080/2144/1968
f 3088/2152/1976 3082/2146/1970 3081/2145/1969
f 3087/2151/1975 3088/2152/1976 3081/2145/1969
f 3088/2152/1976 3089/2153/1977 3082/2146/1970
f 3089/2153/1977 3090/2154/1978 3082/2146/1970
f 3082/2146/1970 3091/2155/1979 3075/2139/1963
f 3082/2146/1970 3090/2154/1978 3091/2155/1979
f 3092/2156/1980 3072/2136/1960 3075/2139/1963
f 3091/2155/1979 3092/2156/1980 3075/2139/1963
f 3093/2157/1981 3076/2140/1964 3072/2136/1960
f 3092/2156/1980 3093/2157/1981 3072/2136/1960
f 3093/2157/1981 3094/2158/1982 3076/2140/1964
f 3076/2140/1964 3095/2159/1983 3077/2141/1965
f 3094/2158/1982 3095/2159/1983 3076/2140/1964
f 3095/2159/1983 3096/2160/1984 3077/2141/1965
f 3077/2141/1965 3096/2160/1984 3084/2148/1972
f 3096/2160/1984 3097/2161/1985 3084/2148/1972
f 3096/2160/1984 3098/2162/1986 3097/2161/1985
f 3098/2162/1986 3099/2163/1987 3097/2161/1985
f 3095/2159/1983 3100/2164/1988 3096/2160/1984
f 3100/2164/1988 3098/2162/1986 3096/2160/1984
f 3101/2165/1989 3100/2164/1988 3095/2159/1983
f 3094/2158/1982 3101/2165/1989 3095/2159/1983
f 3102/2166/1990 3101/2165/1989 3094/2158/1982
f 3103/2167/1991 3102/2166/1990 3094/2158/1982
f 3103/2167/1991 3094/2158/1982 3093/2157/1981
f 3104/2168/1992 3093/2157/1981 3092/2156/1980
f 3104/2168/1992 3103/2167/1991 3093/2157/1981
f 3105/2169/1993 3092/2156/1980 3091/2155/1979
f 3105/2169/1993 3104/2168/1992 3092/2156/1980
f 3090/2154/1978 3106/2170/1994 3091/2155/1979
f 3106/2170/1994 3105/2169/1993 3091/2155/1979
f 3090/2154/1978 3107/2171/1995 3106/2170/1994
f 3089/2153/1977 3108/2172/1996 3090/2154/1978
f 3108/2172/1996 3107/2171/1995 3090/2154/1978
f 3098/2162/1986 3109/2173/1997 3099/2163/1987
f 3109/2173/1997 3110/2174/1998 3099/2163/1987
f 3111/2175/1999 3109/2173/1997 3098/2162/1986
f 3100/2164/1988 3111/2175/1999 3098/2162/1986
f 3101/2165/1989 3112/2176/2000 3100/2164/1988
f 3112/2176/2000 3111/2175/1999 3100/2164/1988
f 3102/2166/1990 3113/2177/2001 3101/2165/1989
f 3113/2177/2001 3112/2176/2000 3101/2165/1989
f 3114/2178/2002 3113/2177/2001 3102/2166/1990
f 3115/2179/2003 3114/2178/2002 3102/2166/1990
f 3115/2179/2003 3102/2166/1990 3103/2167/1991
f 3116/2180/2004 3115/2179/2003 3103/2167/1991
f 3116/2180/2004 3103/2167/1991 3104/2168/1992
f 3117/2181/2005 3116/2180/2004 3104/2168/1992
f 3117/2181/2005 3104/2168/1992 3105/2169/1993
f 3118/2182/2006 3105/2169/1993 3106/2170/1994
f 3118/2182/2006 3117/2181/2005 3105/2169/1993
f 3107/2171/1995 3119/2183/2007 3106/2170/1994
f 3119/2183/2007 3118/2182/2006 3106/2170/1994
f 3114/2178/2002 3120/2184/2008 3113/2177/2001
f 3120/2184/2008 3121/2185/2009 3113/2177/2001
f 3113/2177/2001 3121/2185/2009 3112/2176/2000
f 3121/2185/2009 3122/2186/2010 3112/2176/2000
f 3112/2176/2000 3122/2186/2010 3111/2175/1999
f 3111/2175/1999 3123/2187/2011 3109/2173/1997
f 3122/2186/2010 3123/2187/2011 3111/2175/1999
f 3123/2187/2011 3124/2188/2012 3109/2173/1997
f 3109/2173/1997 3124/2188/2012 3110/2174/1998
f 3124/2188/2012 3125/2189/2013 3110/2174/1998
f 3126/2190/2014 3114/2178/2002 3115/2179/2003
f 3127/2191/2015 3115/2179/2003 3116/2180/2004
f 3127/2191/2015 3126/2190/2014 3115/2179/2003
f 3128/2192/2016 3116/2180/2004 3117/2181/2005
f 3128/2192/2016 3127/2191/2015 3116/2180/2004
f 3129/2193/2017 3128/2192/2016 3117/2181/2005
f 3129/2193/2017 3117/2181/2005 3118/2182/2006
f 3130/2194/2018 3118/2182/2006 3119/2183/2007
f 3130/2194/2018 3129/2193/2017 3118/2182/2006
f 3131/2195/2019 3130/2194/2018 3119/2183/2007
f 3107/2171/1995 3132/2196/2020 3119/2183/2007
f 3132/2196/2020 3131/2195/2019 3119/2183/2007
f 3133/2197/2021 3132/2196/2020 3107/2171/1995
f 3108/2172/1996 3133/2197/2021 3107/2171/1995
f 3133/2197/2021 3134/2198/2022 3132/2196/2020
f 3134/2198/2022 3135/2199/2023 3132/2196/2020
f 3131/2195/2019 3132/2196/2020 3136/2200/2024
f 3132/2196/2020 3135/2199/2023 3136/2200/2024
f 3137/2201/2025 3130/2194/2018 3131/2195/2019
f 3136/2200/2024 3137/2201/2025 3131/2195/2019
f 3138/2202/2026 3129/2193/2017 3130/2194/2018
f 3137/2201/2025 3138/2202/2026 3130/2194/2018
f 3139/2203/2027 3128/2192/2016 3129/2193/2017
f 3138/2202/2026 3139/2203/2027 3129/2193/2017
f 3139/2203/2027 3140/2204/2028 3128/2192/2016
f 3140/2204/2028 3127/2191/2015 3128/2192/2016
f 3140/2204/2028 3141/2205/2029 3127/2191/2015
f 3141/2205/2029 3126/2190/2014 3127/2191/2015
f 3141/2205/2029 3142/2206/2030 3126/2190/2014
f 3126/2190/2014 3143/2207/2031 3114/2178/2002
f 3143/2207/2031 3120/2184/2008 3114/2178/2002
f 3142/2206/2030 3143/2207/2031 3126/2190/2014
f 3144/2208/1998 3141/2205/2029 3140/2204/2028
f 3145/2209/1987 3140/2204/2028 3139/2203/2027
f 3145/2209/1987 3144/2208/1998 3140/2204/2028
f 3146/2210/2032 3145/2209/1987 3139/2203/2027
f 3146/2210/2032 3139/2203/2027 3138/2202/2026
f 3147/2211/2033 3146/2210/2032 3138/2202/2026
f 3147/2211/2033 3138/2202/2026 3137/2201/2025
f 3148/2212/1966 3137/2201/2025 3136/2200/2024
f 3148/2212/1966 3147/2211/2033 3137/2201/2025
f 3149/2213/2034 3148/2212/1966 3136/2200/2024
f 3150/2214/2035 3149/2213/2034 3136/2200/2024
f 3135/2199/2023 3150/2214/2035 3136/2200/2024
f 3151/2215/1973 3150/2214/2035 3135/2199/2023
f 3134/2198/2022 3151/2215/1973 3135/2199/2023
f 3152/2216/2036 3151/2215/1973 3134/2198/2022
f 3153/2217/2037 3134/2198/2022 3133/2197/2021
f 3153/2217/2037 3152/2216/2036 3134/2198/2022
f 3154/2218/2038 3152/2216/2036 3153/2217/2037
f 3155/2219/2039 3154/2218/2038 3153/2217/2037
f 3156/2220/2040 3157/2221/2041 3158/2222/2042
f 3157/2221/2041 3159/2223/2043 3158/2222/2042
f 3157/2221/2041 3160/2224/2044 3159/2223/2043
f 3160/2224/2044 3161/2225/2045 3159/2223/2043
f 3160/2224/2044 3162/2226/2046 3161/2225/2045
f 3162/2226/2046 3163/2227/2047 3161/2225/2045
f 3162/2226/2046 3164/2228/2048 3163/2227/2047
f 3164/2228/2048 3165/2229/2049 3163/2227/2047
f 3164/2228/2048 3166/2230/2050 3165/2229/2049
f 3166/2230/2050 3167/2231/2051 3165/2229/2049
f 3166/2230/2050 3168/2232/2052 3167/2231/2051
f 3168/2232/2052 3169/2233/2053 3167/2231/2051
f 3170/2234/2054 3155/2219/2039 3169/2233/2053
f 3168/2232/2052 3170/2234/2054 3169/2233/2053
f 3169/2233/2053 3155/2219/2039 3171/2235/2055
f 3155/2219/2039 3153/2217/2037 3171/2235/2055
f 3171/2235/2055 3153/2217/2037 3133/2197/2021
f 3171/2235/2055 3133/2197/2021 3108/2172/1996
f 3170/2234/2054 3172/2236/2056 3155/2219/2039
f 3172/2236/2056 3154/2218/2038 3155/2219/2039
f 3173/2237/2057 3172/2236/2056 3170/2234/2054
f 3174/2238/2058 3173/2237/2057 3170/2234/2054
f 3174/2238/2058 3170/2234/2054 3168/2232/2052
f 3175/2239/2059 3168/2232/2052 3166/2230/2050
f 3175/2239/2059 3174/2238/2058 3168/2232/2052
f 3176/2240/2060 3175/2239/2059 3166/2230/2050
f 3176/2240/2060 3166/2230/2050 3164/2228/2048
f 3177/2241/2061 3164/2228/2048 3162/2226/2046
f 3177/2241/2061 3176/2240/2060 3164/2228/2048
f 3178/2242/2062 3162/2226/2046 3160/2224/2044
f 3178/2242/2062 3177/2241/2061 3162/2226/2046
f 3179/2243/2063 3160/2224/2044 3157/2221/2041
f 3179/2243/2063 3178/2242/2062 3160/2224/2044
f 3180/2244/2064 3179/2243/2063 3157/2221/2041
f 3180/2244/2064 3157/2221/2041 3156/2220/2040
f 3181/2245/2057 3180/2244/2064 3156/2220/2040
f 3182/2246/2065 3173/2237/2057 3174/2238/2058
f 3183/2247/2066 3174/2238/2058 3175/2239/2059
f 3183/2247/2066 3182/2246/2065 3174/2238/2058
f 3184/2248/2067 3183/2247/2066 3175/2239/2059
f 3184/2248/2067 3175/2239/2059 3176/2240/2060
f 3185/2249/2068 3176/2240/2060 3177/2241/2061
f 3185/2249/2068 3184/2248/2067 3176/2240/2060
f 3186/2250/2069 3177/2241/2061 3178/2242/2062
f 3186/2250/2069 3185/2249/2068 3177/2241/2061
f 3187/2251/2070 3186/2250/2069 3178/2242/2062
f 3187/2251/2070 3178/2242/2062 3179/2243/2063
f 3188/2252/2071 3179/2243/2063 3180/2244/2064
f 3188/2252/2071 3187/2251/2070 3179/2243/2063
f 3189/2253/2072 3180/2244/2064 3181/2245/2057
f 3189/2253/2072 3188/2252/2071 3180/2244/2064
f 3190/2254/2073 3188/2252/2071 3189/2253/2072
f 3191/2255/2074 3190/2254/2073 3189/2253/2072
f 3191/2255/2074 3189/2253/2072 3192/2256/2075
f 3192/2256/2075 3189/2253/2072 3181/2245/2057
f 3193/2257/2076 3191/2255/2074 3192/2256/2075
f 3194/2258/2077 3182/2246/2065 3183/2247/2066
f 3195/2259/2078 3183/2247/2066 3184/2248/2067
f 3195/2259/2078 3194/2258/2077 3183/2247/2066
f 3196/2260/2079 3184/2248/2067 3185/2249/2068
f 3196/2260/2079 3195/2259/2078 3184/2248/2067
f 3197/2261/2080 3196/2260/2079 3185/2249/2068
f 3197/2261/2080 3185/2249/2068 3186/2250/2069
f 3198/2262/2081 3186/2250/2069 3187/2251/2070
f 3198/2262/2081 3197/2261/2080 3186/2250/2069
f 3199/2263/2082 3187/2251/2070 3188/2252/2071
f 3190/2254/2073 3199/2263/2082 3188/2252/2071
f 3199/2263/2082 3198/2262/2081 3187/2251/2070
f 3200/2264/2083 3201/2265/2084 3202/2266/2085
f 3203/2267/2086 3200/2264/2083 3202/2266/2085
f 3203/2267/2086 3202/2266/2085 3204/2268/2087
f 3205/2269/2088 3203/2267/2086 3204/2268/2087
f 3205/2269/2088 3204/2268/2087 3206/2270/2089
f 3207/2271/2090 3205/2269/2088 3206/2270/2089
f 3207/2271/2090 3206/2270/2089 3208/2272/2091
f 3209/2273/2092 3207/2271/2090 3208/2272/2091
f 3209/2273/2092 3208/2272/2091 3210/2274/2093
f 3211/2275/2094 3209/2273/2092 3210/2274/2093
f 3202/2266/2085 3201/2265/2084 3212/2276/2095
f 3201/2265/2084 3213/2277/2096 3212/2276/2095
f 3202/2266/2085 3212/2276/2095 3214/2278/2097
f 3204/2268/2087 3202/2266/2085 3214/2278/2097
f 3206/2270/2089 3204/2268/2087 3215/2279/2098
f 3204/2268/2087 3214/2278/2097 3215/2279/2098
f 3208/2272/2091 3206/2270/2089 3216/2280/2099
f 3206/2270/2089 3215/2279/2098 3216/2280/2099
f 3208/2272/2091 3216/2280/2099 3217/2281/2100
f 3210/2274/2093 3208/2272/2091 3217/2281/2100
f 3210/2274/2093 3217/2281/2100 3218/2282/2101
f 3211/2275/2094 3210/2274/2093 3219/2283/2102
f 3219/2283/2102 3210/2274/2093 3218/2282/2101
f 3220/2284/2103 3211/2275/2094 3219/2283/2102
f 3213/2277/2096 3221/2285/2104 3222/2286/2105
f 3212/2276/2095 3213/2277/2096 3222/2286/2105
f 3214/2278/2097 3212/2276/2095 3223/2287/2106
f 3212/2276/2095 3222/2286/2105 3223/2287/2106
f 3215/2279/2098 3214/2278/2097 3224/2288/2107
f 3214/2278/2097 3223/2287/2106 3224/2288/2107
f 3215/2279/2098 3224/2288/2107 3225/2289/2108
f 3216/2280/2099 3215/2279/2098 3225/2289/2108
f 3217/2281/2100 3216/2280/2099 3226/2290/2109
f 3216/2280/2099 3225/2289/2108 3226/2290/2109
f 3218/2282/2101 3217/2281/2100 3227/2291/2110
f 3217/2281/2100 3226/2290/2109 3227/2291/2110
f 3218/2282/2101 3227/2291/2110 3228/2292/2111
f 3229/2293/2112 3218/2282/2101 3228/2292/2111
f 3219/2283/2102 3218/2282/2101 3229/2293/2112
f 3220/2284/2103 3219/2283/2102 3230/2294/2113
f 3230/2294/2113 3219/2283/2102 3229/2293/2112
f 3231/2295/2114 3220/2284/2103 3230/2294/2113
f 3227/2291/2110 3232/2291/2115 3228/2292/2111
f 3232/2291/2115 3233/2292/2116 3228/2292/2111
f 3226/2290/2109 3234/2290/2117 3227/2291/2110
f 3234/2290/2117 3232/2291/2115 3227/2291/2110
f 3225/2289/2108 3235/2289/2118 3226/2290/2109
f 3235/2289/2118 3234/2290/2117 3226/2290/2109
f 3236/2288/2119 3235/2289/2118 3225/2289/2108
f 3224/2288/2107 3236/2288/2119 3225/2289/2108
f 3223/2287/2106 3237/2287/2120 3224/2288/2107
f 3237/2287/2120 3236/2288/2119 3224/2288/2107
f 3222/2286/2105 3238/2286/2121 3223/2287/2106
f 3238/2286/2121 3237/2287/2120 3223/2287/2106
f 3221/2285/2104 3239/2285/2122 3222/2286/2105
f 3239/2285/2122 3238/2286/2121 3222/2286/2105
f 3240/2296/2116 3239/2285/2122 3221/2285/2104
f 3241/2296/2111 3240/2296/2116 3221/2285/2104
f 3213/2277/2096 3242/2297/2112 3221/2285/2104
f 3242/2297/2112 3241/2296/2111 3221/2285/2104
f 3243/2298/2123 3242/2297/2112 3213/2277/2096
f 3201/2265/2084 3243/2298/2123 3213/2277/2096
f 3200/2264/2083 3244/2299/2114 3201/2265/2084
f 3244/2299/2114 3243/2298/2123 3201/2265/2084
f 3245/2300/2124 3244/2299/2114 3200/2264/2083
f 3246/2301/2125 3200/2264/2083 3203/2267/2086
f 3246/2301/2125 3245/2300/2124 3200/2264/2083
f 3247/2302/2126 3246/2301/2125 3203/2267/2086
f 3247/2302/2126 3203/2267/2086 3205/2269/2088
f 3248/2303/2127 3205/2269/2088 3207/2271/2090
f 3248/2303/2127 3247/2302/2126 3205/2269/2088
f 3249/2304/2128 3207/2271/2090 3209/2273/2092
f 3249/2304/2128 3248/2303/2127 3207/2271/2090
f 3250/2305/2129 3249/2304/2128 3209/2273/2092
f 3250/2305/2129 3209/2273/2092 3211/2275/2094
f 3251/2306/2130 3211/2275/2094 3220/2284/2103
f 3251/2306/2130 3250/2305/2129 3211/2275/2094
f 3252/2307/2131 3220/2284/2103 3231/2295/2114
f 3252/2307/2131 3251/2306/2130 3220/2284/2103
f 3253/2308/2124 3252/2307/2131 3231/2295/2114
f 3254/2309/2132 3245/2300/2124 3246/2301/2125
f 3255/2310/2133 3246/2301/2125 3247/2302/2126
f 3255/2310/2133 3254/2309/2132 3246/2301/2125
f 3256/2311/2134 3247/2302/2126 3248/2303/2127
f 3256/2311/2134 3255/2310/2133 3247/2302/2126
f 3257/2312/2135 3256/2311/2134 3248/2303/2127
f 3257/2312/2135 3248/2303/2127 3249/2304/2128
f 3258/2313/2136 3249/2304/2128 3250/2305/2129
f 3258/2313/2136 3257/2312/2135 3249/2304/2128
f 3259/2314/2137 3250/2305/2129 3251/2306/2130
f 3259/2314/2137 3258/2313/2136 3250/2305/2129
f 3260/2315/2138 3259/2314/2137 3251/2306/2130
f 3260/2315/2138 3251/2306/2130 3252/2307/2131
f 3261/2316/2139 3252/2307/2131 3253/2308/2124
f 3261/2316/2139 3260/2315/2138 3252/2307/2131
f 3262/2317/2140 3261/2316/2139 3253/2308/2124
f 3263/2318/2141 3261/2316/2139 3262/2317/2140
f 3264/2319/2142 3263/2318/2141 3262/2317/2140
f 3265/2320/2143 3263/2318/2141 3264/2319/2142
f 3266/2321/2144 3265/2320/2143 3264/2319/2142
f 3267/2322/2142 3254/2309/2132 3255/2310/2133
f 3268/2323/2145 3255/2310/2133 3256/2311/2134
f 3268/2323/2145 3267/2322/2142 3255/2310/2133
f 3269/2324/2146 3268/2323/2145 3256/2311/2134
f 3269/2324/2146 3256/2311/2134 3257/2312/2135
f 3270/2325/2147 3257/2312/2135 3258/2313/2136
f 3270/2325/2147 3269/2324/2146 3257/2312/2135
f 3271/2326/2148 3258/2313/2136 3259/2314/2137
f 3271/2326/2148 3270/2325/2147 3258/2313/2136
f 3272/2327/2149 3259/2314/2137 3260/2315/2138
f 3272/2327/2149 3271/2326/2148 3259/2314/2137
f 3273/2328/2150 3272/2327/2149 3260/2315/2138
f 3273/2328/2150 3260/2315/2138 3261/2316/2139
f 3263/2318/2141 3273/2328/2150 3261/2316/2139
f 3274/2329/2151 3273/2328/2150 3263/2318/2141
f 3265/2320/2143 3274/2329/2151 3263/2318/2141
f 3275/2330/2152 3267/2322/2142 3268/2323/2145
f 3276/2331/2153 3275/2330/2152 3268/2323/2145
f 3276/2331/2153 3268/2323/2145 3269/2324/2146
f 3277/2332/2154 3276/2331/2153 3269/2324/2146
f 3277/2332/2154 3269/2324/2146 3270/2325/2147
f 3278/2333/2155 3277/2332/2154 3270/2325/2147
f 3278/2333/2155 3270/2325/2147 3271/2326/2148
f 3279/2334/2156 3271/2326/2148 3272/2327/2149
f 3279/2334/2156 3278/2333/2155 3271/2326/2148
f 3274/2329/2151 3280/2335/2157 3273/2328/2150
f 3280/2335/2157 3279/2334/2156 3272/2327/2149
f 3280/2335/2157 3272/2327/2149 3273/2328/2150
f 3281/2336/2158 3282/2337/2159 3283/2337/2160
f 3283/2337/2160 3284/2338/2161 3285/2336/2162
f 3285/2336/2162 3281/2336/2158 3283/2337/2160
f 3286/2339/2163 3281/2336/2158 3285/2336/2162
f 3284/2338/2161 3287/2340/2164 3288/2341/2165
f 3284/2338/2161 3288/2341/2165 3285/2336/2162
f 3285/2336/2162 3288/2341/2165 3289/2339/2166
f 3289/2339/2166 3286/2339/2163 3285/2336/2162
f 3290/2342/2167 3286/2339/2163 3289/2339/2166
f 3287/2340/2164 3291/2343/2168 3292/2344/2169
f 3287/2340/2164 3292/2344/2169 3288/2341/2165
f 3288/2341/2165 3293/2345/2170 3289/2339/2166
f 3288/2341/2165 3292/2344/2169 3293/2345/2170
f 3294/2342/2171 3290/2342/2167 3289/2339/2166
f 3289/2339/2166 3293/2345/2170 3294/2342/2171
f 3295/2346/2172 3290/2342/2167 3294/2342/2171
f 3291/2343/2168 3296/2347/2173 3292/2344/2169
f 3291/2343/2168 3297/2348/2174 3296/2347/2173
f 3292/2344/2169 3296/2347/2173 3298/2349/2175
f 3292/2344/2169 3298/2349/2175 3293/2345/2170
f 3293/2345/2170 3298/2349/2175 3299/2350/2176
f 3293/2345/2170 3299/2350/2176 3294/2342/2171
f 3294/2342/2171 3299/2350/2176 3300/2346/2177
f 3300/2346/2177 3295/2346/2172 3294/2342/2171
f 3301/2351/2178 3295/2346/2172 3300/2346/2177
f 3302/2351/2179 3301/2351/2178 3300/2346/2177
f 3299/2350/2176 3303/2352/2180 3300/2346/2177
f 3300/2346/2177 3303/2352/2180 3302/2351/2179
f 3299/2350/2176 3304/2353/2181 3303/2352/2180
f 3298/2349/2175 3304/2353/2181 3299/2350/2176
f 3298/2349/2175 3305/2354/2182 3304/2353/2181
f 3296/2347/2173 3305/2354/2182 3298/2349/2175
f 3297/2348/2174 3306/2355/2183 3296/2347/2173
f 3296/2347/2173 3306/2355/2183 3305/2354/2182
f 3297/2348/2174 3307/2356/2184 3306/2355/2183
f 3307/2356/2184 3308/2357/2185 3306/2355/2183
f 3307/2356/2184 3309/2358/2186 3308/2357/2185
f 3309/2358/2186 3310/2359/2187 3308/2357/2185
f 3309/2358/2186 3311/2360/2188 3310/2359/2187
f 3311/2360/2188 3312/2361/2189 3310/2359/2187
f 3310/2359/2187 3312/2361/2189 3313/2362/2190
f 3312/2361/2189 3314/2363/2191 3313/2362/2190
f 3313/2362/2190 3314/2363/2191 3315/2364/2192
f 3303/2352/2180 3316/2365/2193 3302/2351/2179
f 3303/2352/2180 3317/2366/2194 3316/2365/2193
f 3304/2353/2181 3317/2366/2194 3303/2352/2180
f 3317/2366/2194 3318/2367/2195 3316/2365/2193
f 3315/2364/2192 3319/2368/2196 3320/2369/2197
f 3313/2362/2190 3315/2364/2192 3321/2370/2198
f 3321/2370/2198 3315/2364/2192 3320/2369/2197
f 3308/2357/2185 3310/2359/2187 3322/2371/2199
f 3322/2371/2199 3313/2362/2190 3321/2370/2198
f 3310/2359/2187 3313/2362/2190 3322/2371/2199
f 3308/2357/2185 3322/2371/2199 3323/2372/2200
f 3306/2355/2183 3323/2372/2200 3305/2354/2182
f 3306/2355/2183 3308/2357/2185 3323/2372/2200
f 3305/2354/2182 3324/2373/2201 3304/2353/2181
f 3305/2354/2182 3323/2372/2200 3324/2373/2201
f 3304/2353/2181 3324/2373/2201 3317/2366/2194
f 3324/2373/2201 3325/2374/2202 3317/2366/2194
f 3317/2366/2194 3325/2374/2202 3318/2367/2195
f 3325/2374/2202 3326/2375/2203 3318/2367/2195
f 3318/2367/2195 3326/2375/2203 3327/2376/2204
f 3326/2375/2203 3328/2377/2205 3327/2376/2204
f 3326/2375/2203 3329/2378/2206 3328/2377/2205
f 3320/2369/2197 3330/2379/2207 3329/2378/2206
f 3319/2368/2196 3331/2380/2208 3330/2379/2207
f 3320/2369/2197 3319/2368/2196 3330/2379/2207
f 3332/2381/2209 3329/2378/2206 3326/2375/2203
f 3325/2374/2202 3332/2381/2209 3326/2375/2203
f 3332/2381/2209 3320/2369/2197 3329/2378/2206
f 3321/2370/2198 3320/2369/2197 3332/2381/2209
f 3333/2382/2210 3332/2381/2209 3325/2374/2202
f 3323/2372/2200 3333/2382/2210 3324/2373/2201
f 3333/2382/2210 3321/2370/2198 3332/2381/2209
f 3322/2371/2199 3321/2370/2198 3333/2382/2210
f 3324/2373/2201 3333/2382/2210 3325/2374/2202
f 3323/2372/2200 3322/2371/2199 3333/2382/2210
f 3329/2378/2206 3330/2379/2207 3334/2383/2211
f 3329/2378/2206 3334/2383/2211 3328/2377/2205
f 3330/2379/2207 3331/2380/2208 3335/2384/2212
f 3330/2379/2207 3335/2384/2212 3334/2383/2211
f 3331/2380/2208 3336/2385/2213 3335/2384/2212
f 3336/2385/2213 3337/2386/2214 3338/2387/2215
f 3335/2384/2212 3336/2385/2213 3338/2387/2215
f 3334/2383/2211 3335/2384/2212 3339/2388/2216
f 3335/2384/2212 3338/2387/2215 3339/2388/2216
f 3328/2377/2205 3334/2383/2211 3340/2389/2217
f 3334/2383/2211 3339/2388/2216 3340/2389/2217
f 3327/2376/2204 3328/2377/2205 3341/2390/2218
f 3328/2377/2205 3340/2389/2217 3341/2390/2218
f 3327/2376/2204 3341/2390/2218 3342/2391/2219
f 3343/2392/2220 3327/2376/2204 3342/2391/2219
f 3343/2392/2220 3342/2391/2219 3344/2393/2221
f 3345/2394/2222 3343/2392/2220 3344/2393/2221
f 3344/2393/2221 3346/2393/2223 3345/2394/2222
f 3346/2393/2223 3347/2394/2224 3345/2394/2222
f 3348/2395/2225 3346/2393/2223 3344/2393/2221
f 3344/2393/2221 3342/2391/2219 3349/2395/2160
f 3349/2395/2160 3348/2395/2225 3344/2393/2221
f 3342/2391/2219 3341/2390/2218 3350/2396/2161
f 3342/2391/2219 3350/2396/2161 3349/2395/2160
f 3341/2390/2218 3340/2389/2217 3351/2397/2226
f 3341/2390/2218 3351/2397/2226 3350/2396/2161
f 3340/2389/2217 3352/2398/2168 3351/2397/2226
f 3340/2389/2217 3339/2388/2216 3352/2398/2168
f 3339/2388/2216 3338/2387/2215 3353/2399/2174
f 3339/2388/2216 3353/2399/2174 3352/2398/2168
f 3338/2387/2215 3337/2386/2214 3354/2400/2184
f 3338/2387/2215 3354/2400/2184 3353/2399/2174
f 3337/2386/2214 3355/2401/2186 3354/2400/2184
f 3337/2386/2214 3356/2402/2227 3355/2401/2186
f 3356/2402/2227 3357/2403/2188 3355/2401/2186
f 3314/2363/2191 3358/2404/2228 3315/2364/2192
f 3315/2364/2192 3358/2404/2228 3319/2368/2196
f 3319/2368/2196 3359/2405/2229 3331/2380/2208
f 3358/2404/2228 3359/2405/2229 3319/2368/2196
f 3359/2405/2229 3360/2406/2230 3331/2380/2208
f 3331/2380/2208 3360/2406/2230 3336/2385/2213
f 3360/2406/2230 3361/2407/2231 3336/2385/2213
f 3336/2385/2213 3361/2407/2231 3337/2386/2214
f 3361/2407/2231 3356/2402/2227 3337/2386/2214
f 3362/2408/2232 3363/2409/2233 3364/2410/2234
f 3364/2410/2234 3363/2409/2233 3365/2411/2235
f 3364/2410/2234 3365/2411/2235 3366/2412/2236
f 3366/2412/2236 3365/2411/2235 3367/2413/2237
f 3368/2414/2238 3367/2413/2237 3365/2411/2235
f 3369/2415/2239 3367/2413/2237 3368/2414/2238
f 3370/2416/2240 3371/2417/2241 3372/2418/2242
f 3372/2418/2242 3371/2417/2241 3373/2419/2243
f 3372/2418/2242 3373/2419/2243 3374/2420/2244
f 3374/2420/2244 3373/2419/2243 3375/2421/2245
f 3376/2422/2246 3375/2421/2245 3373/2419/2243
f 3377/2423/2247 3375/2421/2245 3376/2422/2246
f 3378/2424/2248 3379/2425/2249 3380/2426/2250
f 3380/2426/2250 3379/2425/2249 3381/2427/2251
f 3380/2426/2250 3381/2427/2251 3382/2428/2077
f 3382/2428/2077 3381/2427/2251 3383/2429/2252
f 3384/2430/2253 3383/2429/2252 3381/2427/2251
f 3385/2431/2073 3383/2429/2252 3384/2430/2253
f 3386/2432/1946 3387/2433/2254 3388/2434/1947
f 3388/2434/1947 3387/2433/2254 3389/2435/2255
f 3388/2434/1947 3389/2435/2255 3390/2436/1900
f 3390/2436/1900 3389/2435/2255 3391/2437/1899
f 3392/2438/2256 3391/2437/1899 3389/2435/2255
f 3393/2439/2257 3391/2437/1899 3392/2438/2256
f 3394/2440/2258 3395/2441/2259 3396/2442/2260
f 3394/2440/2258 3396/2442/2260 3397/2443/2261
f 3398/2444/2262 3394/2440/2258 3397/2443/2261
f 3399/2445/2263 3394/2440/2258 3398/2444/2262
f 3400/2446/2264 3399/2445/2263 3398/2444/2262
f 3397/2443/2261 3396/2442/2260 3401/2447/2265
f 3399/2445/2263 3402/2448/2266 3394/2440/2258
f 3402/2448/2266 3395/2441/2259 3394/2440/2258
f 3402/2448/2266 3403/2449/2267 3395/2441/2259
f 3403/2449/2267 3404/2450/2268 3395/2441/2259
f 3395/2441/2259 3404/2450/2268 3405/2451/2269
f 3395/2441/2259 3405/2451/2269 3396/2442/2260
f 3396/2442/2260 3405/2451/2269 3406/2452/2270
f 3396/2442/2260 3406/2452/2270 3401/2447/2265
f 3401/2447/2265 3406/2452/2270 3407/2453/2271
f 3401/2447/2265 3407/2453/2271 3408/2454/2272
f 3409/2455/2273 3401/2447/2265 3408/2454/2272
f 3397/2443/2261 3401/2447/2265 3409/2455/2273
f 3410/2456/2274 3397/2443/2261 3409/2455/2273
f 3398/2444/2262 3397/2443/2261 3410/2456/2274
f 3400/2446/2264 3398/2444/2262 3411/2457/2275
f 3411/2457/2275 3398/2444/2262 3410/2456/2274
f 3412/2458/2276 3400/2446/2264 3411/2457/2275
f 3412/2458/2276 3411/2457/2275 3413/2459/2277
f 3414/2460/2278 3412/2458/2276 3413/2459/2277
f 3413/2459/2277 3411/2457/2275 3415/2461/2279
f 3411/2457/2275 3410/2456/2274 3415/2461/2279
f 3415/2461/2279 3410/2456/2274 3416/2462/2280
f 3410/2456/2274 3409/2455/2273 3416/2462/2280
f 3409/2455/2273 3408/2454/2272 3417/2463/2281
f 3416/2462/2280 3409/2455/2273 3417/2463/2281
f 3417/2463/2281 3408/2454/2272 3418/2464/2282
f 3408/2454/2272 3419/2465/2283 3418/2464/2282
f 3408/2454/2272 3407/2453/2271 3419/2465/2283
f 3407/2453/2271 3420/2466/2284 3419/2465/2283
f 3407/2453/2271 3421/2467/2285 3420/2466/2284
f 3406/2452/2270 3421/2467/2285 3407/2453/2271
f 3405/2451/2269 3422/2468/2286 3406/2452/2270
f 3406/2452/2270 3422/2468/2286 3421/2467/2285
f 3404/2450/2268 3423/2469/2287 3405/2451/2269
f 3405/2451/2269 3423/2469/2287 3422/2468/2286
f 3404/2450/2268 3424/2470/2288 3423/2469/2287
f 3403/2449/2267 3425/2471/2289 3404/2450/2268
f 3425/2471/2289 3424/2470/2288 3404/2450/2268
f 3424/2470/2288 3426/2472/2290 3423/2469/2287
f 3423/2469/2287 3427/2473/2291 3422/2468/2286
f 3423/2469/2287 3426/2472/2290 3427/2473/2291
f 3422/2468/2286 3427/2473/2291 3428/2474/2292
f 3422/2468/2286 3428/2474/2292 3421/2467/2285
f 3421/2467/2285 3428/2474/2292 3429/2475/2293
f 3421/2467/2285 3429/2475/2293 3420/2466/2284
f 3420/2466/2284 3429/2475/2293 3430/2476/2294
f 3420/2466/2284 3430/2476/2294 3431/2477/2295
f 3419/2465/2283 3420/2466/2284 3431/2477/2295
f 3419/2465/2283 3431/2477/2295 3432/2478/2296
f 3418/2464/2282 3419/2465/2283 3432/2478/2296
f 3432/2478/2296 3433/2478/2297 3418/2464/2282
f 3433/2478/2297 3434/2464/2298 3418/2464/2282
f 3418/2464/2282 3434/2464/2298 3417/2463/2281
f 3417/2463/2281 3435/2463/2299 3416/2462/2280
f 3434/2464/2298 3435/2463/2299 3417/2463/2281
f 3435/2463/2299 3436/2462/2300 3416/2462/2280
f 3416/2462/2280 3436/2462/2300 3415/2461/2279
f 3429/2475/2293 3437/2479/2301 3430/2476/2294
f 3429/2475/2293 3438/2480/2302 3437/2479/2301
f 3428/2474/2292 3438/2480/2302 3429/2475/2293
f 3427/2473/2291 3439/2481/2303 3428/2474/2292
f 3428/2474/2292 3439/2481/2303 3438/2480/2302
f 3426/2472/2290 3440/2482/2304 3427/2473/2291
f 3427/2473/2291 3440/2482/2304 3439/2481/2303
f 3426/2472/2290 3441/2483/2305 3440/2482/2304
f 3442/2484/2306 3441/2483/2305 3426/2472/2290
f 3424/2470/2288 3442/2484/2306 3426/2472/2290
f 3438/2480/2302 3443/2485/2307 3437/2479/2301
f 3439/2481/2303 3444/2486/2308 3438/2480/2302
f 3438/2480/2302 3444/2486/2308 3443/2485/2307
f 3440/2482/2304 3445/2487/2309 3439/2481/2303
f 3439/2481/2303 3445/2487/2309 3444/2486/2308
f 3440/2482/2304 3446/2488/2310 3445/2487/2309
f 3441/2483/2305 3446/2488/2310 3440/2482/2304
f 3444/2486/2308 3447/2489/2311 3443/2485/2307
f 3445/2487/2309 3448/2490/2312 3444/2486/2308
f 3444/2486/2308 3448/2490/2312 3447/2489/2311
f 3446/2488/2310 3449/2491/2313 3445/2487/2309
f 3445/2487/2309 3449/2491/2313 3448/2490/2312
f 3448/2490/2312 3450/2492/2314 3447/2489/2311
f 3449/2491/2313 3451/2493/2315 3448/2490/2312
f 3448/2490/2312 3451/2493/2315 3450/2492/2314
f 3451/2493/2315 3452/2494/2316 3450/2492/2314
f 3453/2495/2317 3412/2458/2276 3414/2460/2278
f 3454/2496/2318 3455/2497/2319 3453/2495/2317
f 3453/2495/2317 3456/2498/2320 3412/2458/2276
f 3455/2497/2319 3456/2498/2320 3453/2495/2317
f 3456/2498/2320 3400/2446/2264 3412/2458/2276
f 3455/2497/2319 3457/2499/2321 3456/2498/2320
f 3457/2499/2321 3458/2500/2322 3456/2498/2320
f 3456/2498/2320 3458/2500/2322 3400/2446/2264
f 3458/2500/2322 3399/2445/2263 3400/2446/2264
f 3457/2499/2321 3459/2501/2323 3458/2500/2322
f 3460/2502/2324 3402/2448/2266 3399/2445/2263
f 3459/2501/2323 3460/2502/2324 3458/2500/2322
f 3458/2500/2322 3460/2502/2324 3399/2445/2263
f 3459/2501/2323 3461/2503/2325 3460/2502/2324
f 3461/2503/2325 3462/2504/2326 3460/2502/2324
f 3462/2504/2326 3403/2449/2267 3402/2448/2266
f 3460/2502/2324 3462/2504/2326 3402/2448/2266
f 3461/2503/2325 3463/2505/2327 3462/2504/2326
f 3463/2505/2327 3464/2506/2328 3462/2504/2326
f 3464/2506/2328 3425/2471/2289 3403/2449/2267
f 3462/2504/2326 3464/2506/2328 3403/2449/2267
f 3463/2505/2327 3465/2507/2329 3464/2506/2328
f 3465/2507/2329 3466/2508/2330 3464/2506/2328
f 3464/2506/2328 3466/2508/2330 3425/2471/2289
f 3467/2509/2331 3442/2484/2306 3424/2470/2288
f 3425/2471/2289 3467/2509/2331 3424/2470/2288
f 3466/2508/2330 3467/2509/2331 3425/2471/2289
f 3454/2496/2318 3453/2495/2317 3468/2510/2332
f 3468/2510/2332 3453/2495/2317 3414/2460/2278
f 3469/2511/2333 3454/2496/2318 3468/2510/2332
f 3436/2462/2300 3470/2461/2334 3415/2461/2279
f 3415/2461/2279 3470/2461/2334 3413/2459/2277
f 3470/2461/2334 3471/2459/2335 3413/2459/2277
f 3413/2459/2277 3471/2459/2335 3414/2460/2278
f 3414/2460/2278 3472/2460/2336 3468/2510/2332
f 3471/2459/2335 3472/2460/2336 3414/2460/2278
f 3468/2510/2332 3473/2510/2337 3469/2511/2333
f 3472/2460/2336 3473/2510/2337 3468/2510/2332
f 3473/2510/2337 3474/2511/2297 3469/2511/2333
f 3475/2512/2338 3476/2513/2339 3477/2514/2340
f 3476/2513/2339 3478/2515/2341 3477/2514/2340
f 3476/2513/2339 3479/2516/2235 3478/2515/2341
f 3477/2514/2340 3478/2515/2341 3480/2517/2342
f 3479/2516/2235 3481/2518/2343 3478/2515/2341
f 3479/2516/2235 3482/2519/2344 3481/2518/2343
f 3478/2515/2341 3481/2518/2343 3483/2520/2345
f 3478/2515/2341 3483/2520/2345 3480/2517/2342
f 3480/2517/2342 3483/2520/2345 3484/2521/2346
f 3482/2519/2344 3485/2522/2347 3481/2518/2343
f 3482/2519/2344 3486/2523/2232 3485/2522/2347
f 3481/2518/2343 3487/2524/2348 3483/2520/2345
f 3481/2518/2343 3485/2522/2347 3487/2524/2348
f 3483/2520/2345 3488/2525/2349 3484/2521/2346
f 3483/2520/2345 3487/2524/2348 3488/2525/2349
f 3484/2521/2346 3488/2525/2349 3489/2526/2350
f 3488/2525/2349 3490/2527/2351 3489/2526/2350
f 3489/2526/2350 3490/2527/2351 3491/2528/2352
f 3488/2525/2349 3492/2529/2353 3490/2527/2351
f 3487/2524/2348 3492/2529/2353 3488/2525/2349
f 3485/2522/2347 3493/2530/2354 3487/2524/2348
f 3487/2524/2348 3493/2530/2354 3492/2529/2353
f 3485/2522/2347 3494/2531/2355 3493/2530/2354
f 3486/2523/2232 3494/2531/2355 3485/2522/2347
f 3486/2523/2232 3495/2532/2356 3494/2531/2355
f 3495/2532/2356 3496/2533/2357 3497/2534/2358
f 3495/2532/2356 3497/2534/2358 3494/2531/2355
f 3494/2531/2355 3498/2535/2359 3493/2530/2354
f 3494/2531/2355 3497/2534/2358 3498/2535/2359
f 3493/2530/2354 3499/2536/2360 3492/2529/2353
f 3493/2530/2354 3498/2535/2359 3499/2536/2360
f 3492/2529/2353 3499/2536/2360 3500/2537/2361
f 3492/2529/2353 3500/2537/2361 3490/2527/2351
f 3490/2527/2351 3501/2538/2362 3491/2528/2352
f 3490/2527/2351 3500/2537/2361 3501/2538/2362
f 3491/2528/2352 3501/2538/2362 3502/2539/2363
f 3496/2533/2357 3503/2540/2364 3504/2541/2365
f 3496/2533/2357 3504/2541/2365 3497/2534/2358
f 3497/2534/2358 3505/2542/2366 3498/2535/2359
f 3497/2534/2358 3504/2541/2365 3505/2542/2366
f 3498/2535/2359 3506/2543/2367 3499/2536/2360
f 3498/2535/2359 3505/2542/2366 3506/2543/2367
f 3499/2536/2360 3506/2543/2367 3507/2544/2368
f 3499/2536/2360 3507/2544/2368 3500/2537/2361
f 3500/2537/2361 3508/2545/2369 3501/2538/2362
f 3500/2537/2361 3507/2544/2368 3508/2545/2369
f 3501/2538/2362 3509/2546/2370 3502/2539/2363
f 3501/2538/2362 3508/2545/2369 3509/2546/2370
f 3502/2539/2363 3509/2546/2370 3510/2547/2371
f 3509/2546/2370 3511/2548/2372 3510/2547/2371
f 3508/2545/2369 3512/2549/2373 3509/2546/2370
f 3509/2546/2370 3512/2549/2373 3511/2548/2372
f 3512/2549/2373 3513/2550/2374 3511/2548/2372
f 3512/2549/2373 3514/2551/2375 3513/2550/2374
f 3514/2551/2375 3515/2552/2376 3513/2550/2374
f 3515/2552/2376 3516/2552/2377 3513/2550/2374
f 3516/2552/2377 3517/2550/2378 3513/2550/2374
f 3513/2550/2374 3517/2550/2378 3511/2548/2372
f 3511/2548/2372 3518/2548/2379 3510/2547/2371
f 3517/2550/2378 3518/2548/2379 3511/2548/2372
f 3518/2548/2379 3519/2547/2380 3510/2547/2371
f 3507/2544/2368 3520/2553/2381 3508/2545/2369
f 3508/2545/2369 3520/2553/2381 3512/2549/2373
f 3520/2553/2381 3514/2551/2375 3512/2549/2373
f 3506/2543/2367 3521/2554/2382 3507/2544/2368
f 3507/2544/2368 3521/2554/2382 3520/2553/2381
f 3506/2543/2367 3522/2555/2383 3521/2554/2382
f 3505/2542/2366 3522/2555/2383 3506/2543/2367
f 3505/2542/2366 3523/2556/2384 3522/2555/2383
f 3504/2541/2365 3523/2556/2384 3505/2542/2366
f 3504/2541/2365 3524/2557/2385 3523/2556/2384
f 3503/2540/2364 3524/2557/2385 3504/2541/2365
f 3503/2540/2364 3525/2558/2338 3524/2557/2385
f 3525/2558/2338 3526/2559/2340 3524/2557/2385
f 3524/2557/2385 3527/2560/2386 3523/2556/2384
f 3524/2557/2385 3526/2559/2340 3527/2560/2386
f 3526/2559/2340 3528/2561/2387 3527/2560/2386
f 3527/2560/2386 3528/2561/2387 3529/2562/2388
f 3528/2561/2387 3530/2563/2389 3529/2562/2388
f 3529/2562/2388 3530/2563/2389 3531/2564/2390
f 3520/2553/2381 3532/2565/2391 3514/2551/2375
f 3521/2554/2382 3532/2565/2391 3520/2553/2381
f 3521/2554/2382 3533/2566/2392 3532/2565/2391
f 3522/2555/2383 3533/2566/2392 3521/2554/2382
f 3523/2556/2384 3527/2560/2386 3534/2567/2393
f 3527/2560/2386 3529/2562/2388 3534/2567/2393
f 3522/2555/2383 3534/2567/2393 3533/2566/2392
f 3523/2556/2384 3534/2567/2393 3522/2555/2383
f 3514/2551/2375 3535/2568/2394 3515/2552/2376
f 3532/2565/2391 3535/2568/2394 3514/2551/2375
f 3532/2565/2391 3536/2569/2395 3535/2568/2394
f 3533/2566/2392 3536/2569/2395 3532/2565/2391
f 3529/2562/2388 3531/2564/2390 3537/2570/2396
f 3533/2566/2392 3537/2570/2396 3536/2569/2395
f 3534/2567/2393 3537/2570/2396 3533/2566/2392
f 3534/2567/2393 3529/2562/2388 3537/2570/2396
f 3536/2569/2395 3538/2571/2397 3535/2568/2394
f 3537/2570/2396 3531/2564/2390 3539/2572/2398
f 3536/2569/2395 3539/2572/2398 3538/2571/2397
f 3537/2570/2396 3539/2572/2398 3536/2569/2395
f 3539/2572/2398 3540/2573/2399 3538/2571/2397
f 3539/2572/2398 3541/2574/2400 3540/2573/2399
f 3531/2564/2390 3541/2574/2400 3539/2572/2398
f 3541/2574/2400 3542/2575/2401 3540/2573/2399
f 3535/2568/2394 3543/2576/2402 3515/2552/2376
f 3535/2568/2394 3538/2571/2397 3543/2576/2402
f 3538/2571/2397 3540/2573/2399 3544/2577/2403
f 3538/2571/2397 3544/2577/2403 3543/2576/2402
f 3540/2573/2399 3545/2578/2404 3544/2577/2403
f 3540/2573/2399 3542/2575/2401 3545/2578/2404
f 3542/2575/2401 3546/2579/2405 3545/2578/2404
f 3530/2563/2389 3547/2580/2406 3531/2564/2390
f 3531/2564/2390 3547/2580/2406 3541/2574/2400
f 3541/2574/2400 3548/2581/2352 3542/2575/2401
f 3547/2580/2406 3548/2581/2352 3541/2574/2400
f 3542/2575/2401 3549/2582/2363 3546/2579/2405
f 3548/2581/2352 3549/2582/2363 3542/2575/2401
f 3549/2582/2363 3550/2583/2407 3546/2579/2405
f 3550/2583/2407 3551/2583/2380 3546/2579/2405
f 3551/2583/2380 3552/2579/2408 3546/2579/2405
f 3546/2579/2405 3552/2579/2408 3545/2578/2404
f 3545/2578/2404 3553/2578/2409 3544/2577/2403
f 3552/2579/2408 3553/2578/2409 3545/2578/2404
f 3553/2578/2409 3554/2577/2410 3544/2577/2403
f 3544/2577/2403 3554/2577/2410 3543/2576/2402
f 3554/2577/2410 3555/2576/2411 3543/2576/2402
f 3543/2576/2402 3555/2576/2411 3515/2552/2376
f 3555/2576/2411 3516/2552/2377 3515/2552/2376
f 3556/2584/2412 3557/2585/2413 3558/2586/2414
f 3557/2585/2413 3556/2584/2412 3559/2587/2415
f 3560/2588/2416 3559/2587/2415 3556/2584/2412
f 3561/2589/2417 3559/2587/2415 3560/2588/2416
f 3561/2589/2417 3562/2590/2418 3559/2587/2415
f 3563/2591/2419 3562/2590/2418 3561/2589/2417
f 3564/2592/2420 3565/2593/2421 3566/2594/2422
f 3567/2595/2423 3564/2592/2420 3566/2594/2422
f 3568/2596/2424 3564/2592/2420 3567/2595/2423
f 3569/2597/2425 3568/2596/2424 3567/2595/2423
f 3570/2598/2426 3571/2599/2427 3572/2600/2428
f 3571/2599/2427 3573/2601/2429 3572/2600/2428
f 3572/2600/2428 3573/2601/2429 3574/2602/2430
f 3573/2601/2429 3575/2603/2431 3574/2602/2430
f 3574/2602/2430 3575/2603/2431 3576/2604/2432
f 3575/2603/2431 3569/2597/2425 3576/2604/2432
f 3569/2597/2425 3567/2595/2423 3577/2605/2433
f 3576/2604/2432 3569/2597/2425 3577/2605/2433
f 3567/2595/2423 3566/2594/2422 3578/2606/2434
f 3577/2605/2433 3567/2595/2423 3578/2606/2434
f 3566/2594/2422 3579/2594/2435 3578/2606/2434
f 3580/2593/2436 3579/2594/2435 3566/2594/2422
f 3565/2593/2421 3580/2593/2436 3566/2594/2422
f 3581/2607/2437 3580/2593/2436 3565/2593/2421
f 3582/2607/2438 3581/2607/2437 3565/2593/2421
f 3583/2608/2439 3582/2607/2438 3565/2593/2421
f 3564/2592/2420 3583/2608/2439 3565/2593/2421
f 3568/2596/2424 3584/2609/2440 3564/2592/2420
f 3584/2609/2440 3583/2608/2439 3564/2592/2420
f 3579/2594/2435 3585/2606/2441 3578/2606/2434
f 3574/2602/2430 3576/2604/2432 3586/2610/2442
f 3572/2600/2428 3574/2602/2430 3587/2611/2443
f 3587/2611/2443 3574/2602/2430 3586/2610/2442
f 3588/2612/2444 3572/2600/2428 3587/2611/2443
f 3570/2598/2426 3572/2600/2428 3588/2612/2444
f 3589/2613/2445 3570/2598/2426 3588/2612/2444
f 3590/2614/2446 3591/2615/2447 3592/2615/2438
f 3593/2614/2448 3590/2614/2446 3592/2615/2438
f 3594/2616/2449 3590/2614/2446 3593/2614/2448
f 3595/2616/2450 3594/2616/2449 3593/2614/2448
f 3596/2617/2451 3594/2616/2449 3595/2616/2450
f 3597/2617/2452 3596/2617/2451 3595/2616/2450
f 3598/2618/2224 3596/2617/2451 3597/2617/2452
f 3599/2618/2222 3598/2618/2224 3597/2617/2452
f 3600/2619/2453 3599/2618/2222 3597/2617/2452
f 3601/2620/2454 3600/2619/2453 3597/2617/2452
f 3586/2610/2442 3600/2619/2453 3601/2620/2454
f 3601/2620/2454 3597/2617/2452 3595/2616/2450
f 3602/2621/2455 3586/2610/2442 3601/2620/2454
f 3587/2611/2443 3586/2610/2442 3602/2621/2455
f 3603/2622/2456 3587/2611/2443 3602/2621/2455
f 3588/2612/2444 3587/2611/2443 3603/2622/2456
f 3604/2623/2457 3588/2612/2444 3603/2622/2456
f 3589/2613/2445 3588/2612/2444 3604/2623/2457
f 3605/2624/2458 3589/2613/2445 3604/2623/2457
f 3606/2625/2459 3595/2616/2450 3593/2614/2448
f 3606/2625/2459 3601/2620/2454 3595/2616/2450
f 3602/2621/2455 3601/2620/2454 3606/2625/2459
f 3603/2622/2456 3602/2621/2455 3607/2626/2460
f 3607/2626/2460 3602/2621/2455 3606/2625/2459
f 3604/2623/2457 3603/2622/2456 3608/2627/2461
f 3608/2627/2461 3603/2622/2456 3607/2626/2460
f 3609/2628/2462 3604/2623/2457 3608/2627/2461
f 3605/2624/2458 3604/2623/2457 3609/2628/2462
f 3610/2629/2463 3605/2624/2458 3609/2628/2462
f 3611/2630/2464 3605/2624/2458 3610/2629/2463
f 3612/2631/2465 3611/2630/2464 3610/2629/2463
f 3612/2631/2465 3610/2629/2463 3613/2632/2466
f 3614/2633/2467 3612/2631/2465 3613/2632/2466
f 3614/2633/2467 3613/2632/2466 3615/2634/2468
f 3616/2635/2469 3614/2633/2467 3615/2634/2468
f 3611/2630/2464 3617/2636/2470 3605/2624/2458
f 3617/2636/2470 3589/2613/2445 3605/2624/2458
f 3618/2637/2471 3617/2636/2470 3611/2630/2464
f 3619/2638/2472 3618/2637/2471 3611/2630/2464
f 3619/2638/2472 3611/2630/2464 3612/2631/2465
f 3620/2639/2473 3612/2631/2465 3614/2633/2467
f 3620/2639/2473 3619/2638/2472 3612/2631/2465
f 3621/2640/2474 3614/2633/2467 3616/2635/2469
f 3621/2640/2474 3620/2639/2473 3614/2633/2467
f 3622/2641/2475 3621/2640/2474 3616/2635/2469
f 3623/2642/2476 3606/2625/2459 3593/2614/2448
f 3607/2626/2460 3606/2625/2459 3623/2642/2476
f 3623/2642/2476 3593/2614/2448 3592/2615/2438
f 3624/2643/2477 3607/2626/2460 3623/2642/2476
f 3608/2627/2461 3607/2626/2460 3624/2643/2477
f 3609/2628/2462 3608/2627/2461 3625/2644/2478
f 3625/2644/2478 3608/2627/2461 3624/2643/2477
f 3613/2632/2466 3610/2629/2463 3626/2645/2479
f 3610/2629/2463 3609/2628/2462 3626/2645/2479
f 3626/2645/2479 3609/2628/2462 3625/2644/2478
f 3613/2632/2466 3626/2645/2479 3627/2646/2480
f 3615/2634/2468 3613/2632/2466 3627/2646/2480
f 3624/2643/2477 3623/2642/2476 3628/2647/2481
f 3628/2647/2481 3623/2642/2476 3592/2615/2438
f 3625/2644/2478 3624/2643/2477 3629/2648/2482
f 3629/2648/2482 3624/2643/2477 3628/2647/2481
f 3627/2646/2480 3626/2645/2479 3630/2649/2483
f 3630/2649/2483 3625/2644/2478 3629/2648/2482
f 3626/2645/2479 3625/2644/2478 3630/2649/2483
f 3631/2650/2484 3632/2651/2485 3633/2652/2486
f 3634/2653/2487 3631/2650/2484 3633/2652/2486
f 3634/2653/2487 3633/2652/2486 3635/2654/2488
f 3636/2655/2489 3631/2650/2484 3634/2653/2487
f 3637/2656/2490 3634/2653/2487 3635/2654/2488
f 3637/2656/2490 3635/2654/2488 3638/2657/2491
f 3639/2658/2492 3634/2653/2487 3637/2656/2490
f 3639/2658/2492 3636/2655/2489 3634/2653/2487
f 3640/2659/2493 3636/2655/2489 3639/2658/2492
f 3641/2660/2494 3637/2656/2490 3638/2657/2491
f 3641/2660/2494 3638/2657/2491 3642/2661/2495
f 3643/2662/2496 3637/2656/2490 3641/2660/2494
f 3643/2662/2496 3639/2658/2492 3637/2656/2490
f 3644/2663/2497 3639/2658/2492 3643/2662/2496
f 3644/2663/2497 3640/2659/2493 3639/2658/2492
f 3645/2664/2498 3640/2659/2493 3644/2663/2497
f 3646/2665/2499 3641/2660/2494 3642/2661/2495
f 3646/2665/2499 3642/2661/2495 3647/2666/2500
f 3648/2667/2501 3643/2662/2496 3641/2660/2494
f 3648/2667/2501 3641/2660/2494 3646/2665/2499
f 3649/2668/2502 3644/2663/2497 3643/2662/2496
f 3649/2668/2502 3643/2662/2496 3648/2667/2501
f 3650/2669/2503 3644/2663/2497 3649/2668/2502
f 3650/2669/2503 3645/2664/2498 3644/2663/2497
f 3651/2670/2504 3645/2664/2498 3650/2669/2503
f 3652/2671/2416 3651/2670/2504 3653/2672/2505
f 3653/2672/2505 3651/2670/2504 3650/2669/2503
f 3654/2673/2506 3650/2669/2503 3649/2668/2502
f 3653/2672/2505 3650/2669/2503 3654/2673/2506
f 3655/2674/2507 3649/2668/2502 3648/2667/2501
f 3654/2673/2506 3649/2668/2502 3655/2674/2507
f 3656/2675/2508 3648/2667/2501 3646/2665/2499
f 3655/2674/2507 3648/2667/2501 3656/2675/2508
f 3656/2675/2508 3646/2665/2499 3657/2676/2509
f 3657/2676/2509 3646/2665/2499 3647/2666/2500
f 3657/2676/2509 3647/2666/2500 3658/2677/2510
f 3659/2678/2511 3657/2676/2509 3658/2677/2510
f 3659/2678/2511 3658/2677/2510 3660/2679/2512
f 3661/2680/2513 3656/2675/2508 3657/2676/2509
f 3661/2680/2513 3657/2676/2509 3659/2678/2511
f 3662/2681/2514 3655/2674/2507 3656/2675/2508
f 3662/2681/2514 3656/2675/2508 3661/2680/2513
f 3663/2682/2515 3654/2673/2506 3655/2674/2507
f 3663/2682/2515 3655/2674/2507 3662/2681/2514
f 3664/2683/2516 3654/2673/2506 3663/2682/2515
f 3664/2683/2516 3653/2672/2505 3654/2673/2506
f 3665/2684/2517 3653/2672/2505 3664/2683/2516
f 3665/2684/2517 3652/2671/2416 3653/2672/2505
f 3666/2685/2518 3652/2671/2416 3665/2684/2517
f 3667/2686/2519 3659/2678/2511 3660/2679/2512
f 3660/2679/2512 3668/2679/2520 3667/2686/2519
f 3669/2687/2521 3659/2678/2511 3667/2686/2519
f 3669/2687/2521 3661/2680/2513 3659/2678/2511
f 3670/2688/2522 3662/2681/2514 3661/2680/2513
f 3670/2688/2522 3661/2680/2513 3669/2687/2521
f 3671/2689/2523 3663/2682/2515 3662/2681/2514
f 3671/2689/2523 3662/2681/2514 3670/2688/2522
f 3672/2690/2524 3664/2683/2516 3663/2682/2515
f 3672/2690/2524 3663/2682/2515 3671/2689/2523
f 3673/2691/2525 3665/2684/2517 3664/2683/2516
f 3673/2691/2525 3664/2683/2516 3672/2690/2524
f 3674/2692/2526 3665/2684/2517 3673/2691/2525
f 3674/2692/2526 3666/2685/2518 3665/2684/2517
f 3675/2693/2485 3666/2685/2518 3674/2692/2526
f 3676/2694/2527 3675/2693/2485 3674/2692/2526
f 3677/2695/2528 3674/2692/2526 3673/2691/2525
f 3676/2694/2527 3674/2692/2526 3677/2695/2528
f 3678/2696/2488 3676/2694/2527 3677/2695/2528
f 3679/2697/2529 3673/2691/2525 3672/2690/2524
f 3677/2695/2528 3673/2691/2525 3679/2697/2529
f 3680/2698/2530 3672/2690/2524 3671/2689/2523
f 3679/2697/2529 3672/2690/2524 3680/2698/2530
f 3680/2698/2530 3671/2689/2523 3681/2699/2531
f 3681/2699/2531 3671/2689/2523 3670/2688/2522
f 3681/2699/2531 3670/2688/2522 3682/2700/2532
f 3682/2700/2532 3670/2688/2522 3669/2687/2521
f 3683/2701/2533 3669/2687/2521 3667/2686/2519
f 3682/2700/2532 3669/2687/2521 3683/2701/2533
f 3668/2679/2520 3684/2686/2534 3667/2686/2519
f 3667/2686/2519 3684/2686/2534 3683/2701/2533
f 3685/2702/2535 3677/2695/2528 3679/2697/2529
f 3678/2696/2488 3677/2695/2528 3685/2702/2535
f 3685/2702/2535 3679/2697/2529 3686/2703/2536
f 3686/2703/2536 3679/2697/2529 3680/2698/2530
f 3686/2703/2536 3680/2698/2530 3687/2704/2537
f 3687/2704/2537 3680/2698/2530 3681/2699/2531
f 3687/2704/2537 3681/2699/2531 3688/2705/2538
f 3688/2705/2538 3681/2699/2531 3682/2700/2532
f 3688/2705/2538 3682/2700/2532 3689/2706/2539
f 3689/2706/2539 3682/2700/2532 3683/2701/2533
f 3684/2686/2534 3690/2701/2540 3683/2701/2533
f 3683/2701/2533 3690/2701/2540 3689/2706/2539
f 3691/2707/2541 3685/2702/2535 3686/2703/2536
f 3691/2707/2541 3686/2703/2536 3692/2708/2542
f 3692/2708/2542 3686/2703/2536 3687/2704/2537
f 3692/2708/2542 3687/2704/2537 3693/2709/2543
f 3693/2709/2543 3687/2704/2537 3688/2705/2538
f 3694/2710/2544 3688/2705/2538 3689/2706/2539
f 3693/2709/2543 3688/2705/2538 3694/2710/2544
f 3690/2701/2540 3695/2706/2545 3689/2706/2539
f 3689/2706/2539 3695/2706/2545 3694/2710/2544
f 3696/2711/2546 3691/2707/2541 3692/2708/2542
f 3697/2712/2547 3692/2708/2542 3693/2709/2543
f 3696/2711/2546 3692/2708/2542 3697/2712/2547
f 3698/2713/2548 3693/2709/2543 3694/2710/2544
f 3697/2712/2547 3693/2709/2543 3698/2713/2548
f 3694/2710/2544 3699/2710/2549 3698/2713/2548
f 3695/2706/2545 3699/2710/2549 3694/2710/2544
f 3700/2714/2550 3696/2711/2546 3697/2712/2547
f 3701/2715/2551 3697/2712/2547 3698/2713/2548
f 3700/2714/2550 3697/2712/2547 3701/2715/2551
f 3698/2713/2548 3702/2713/2552 3701/2715/2551
f 3699/2710/2549 3702/2713/2552 3698/2713/2548
f 3703/2716/2553 3700/2714/2550 3701/2715/2551
f 3702/2713/2552 3704/2715/2554 3701/2715/2551
f 3701/2715/2551 3704/2715/2554 3703/2716/2553
f 3704/2715/2554 3705/2716/2555 3703/2716/2553
f 3706/2717/2491 3678/2696/2488 3685/2702/2535
f 3706/2717/2491 3685/2702/2535 3691/2707/2541
f 3707/2718/2495 3691/2707/2541 3696/2711/2546
f 3707/2718/2495 3706/2717/2491 3691/2707/2541
f 3708/2719/2500 3696/2711/2546 3700/2714/2550
f 3708/2719/2500 3707/2718/2495 3696/2711/2546
f 3709/2720/2556 3708/2719/2500 3700/2714/2550
f 3709/2720/2556 3700/2714/2550 3703/2716/2553
f 3703/2716/2553 3705/2716/2555 3710/2721/2512
f 3710/2721/2512 3709/2720/2556 3703/2716/2553
f 3705/2716/2555 3711/2721/2520 3710/2721/2512
f 3712/2722/2244 3713/2723/2245 3714/2724/2557
f 3713/2723/2245 3715/2725/2558 3716/2726/2559
f 3713/2723/2245 3716/2726/2559 3714/2724/2557
f 3714/2724/2557 3716/2726/2559 3717/2727/2560
f 3715/2725/2558 3718/2728/2561 3716/2726/2559
f 3715/2725/2558 3719/2729/2562 3718/2728/2561
f 3716/2726/2559 3720/2730/2563 3717/2727/2560
f 3716/2726/2559 3718/2728/2561 3720/2730/2563
f 3717/2727/2560 3720/2730/2563 3721/2731/2564
f 3719/2729/2562 3722/2732/2565 3718/2728/2561
f 3719/2729/2562 3723/2733/2566 3722/2732/2565
f 3718/2728/2561 3724/2734/2567 3720/2730/2563
f 3718/2728/2561 3722/2732/2565 3724/2734/2567
f 3720/2730/2563 3724/2734/2567 3725/2735/2568
f 3720/2730/2563 3725/2735/2568 3721/2731/2564
f 3721/2731/2564 3725/2735/2568 3726/2736/2569
f 3723/2733/2566 3727/2737/2570 3722/2732/2565
f 3723/2733/2566 3728/2738/2571 3727/2737/2570
f 3722/2732/2565 3729/2739/2572 3724/2734/2567
f 3722/2732/2565 3727/2737/2570 3729/2739/2572
f 3724/2734/2567 3729/2739/2572 3730/2740/2573
f 3724/2734/2567 3730/2740/2573 3725/2735/2568
f 3725/2735/2568 3731/2741/2574 3726/2736/2569
f 3725/2735/2568 3730/2740/2573 3731/2741/2574
f 3726/2736/2569 3731/2741/2574 3732/2742/2575
f 3728/2738/2571 3733/2743/2576 3727/2737/2570
f 3728/2738/2571 3734/2744/2577 3733/2743/2576
f 3727/2737/2570 3733/2743/2576 3735/2745/2578
f 3727/2737/2570 3735/2745/2578 3729/2739/2572
f 3729/2739/2572 3736/2746/2579 3730/2740/2573
f 3729/2739/2572 3735/2745/2578 3736/2746/2579
f 3730/2740/2573 3737/2747/2580 3731/2741/2574
f 3730/2740/2573 3736/2746/2579 3737/2747/2580
f 3731/2741/2574 3737/2747/2580 3738/2748/2581
f 3731/2741/2574 3738/2748/2581 3732/2742/2575
f 3732/2742/2575 3738/2748/2581 3739/2749/2582
f 3734/2744/2577 3740/2750/2583 3733/2743/2576
f 3734/2744/2577 3741/2751/2584 3740/2750/2583
f 3733/2743/2576 3742/2752/2585 3735/2745/2578
f 3733/2743/2576 3740/2750/2583 3742/2752/2585
f 3735/2745/2578 3742/2752/2585 3743/2753/2586
f 3735/2745/2578 3743/2753/2586 3736/2746/2579
f 3736/2746/2579 3744/2754/2587 3737/2747/2580
f 3736/2746/2579 3743/2753/2586 3744/2754/2587
f 3737/2747/2580 3745/2755/2588 3738/2748/2581
f 3737/2747/2580 3744/2754/2587 3745/2755/2588
f 3738/2748/2581 3745/2755/2588 3746/2756/2589
f 3738/2748/2581 3746/2756/2589 3739/2749/2582
f 3739/2749/2582 3746/2756/2589 3747/2757/2590
f 3748/2758/2591 3749/2757/2592 3747/2757/2590
f 3746/2756/2589 3750/2758/2593 3747/2757/2590
f 3750/2758/2593 3748/2758/2591 3747/2757/2590
f 3746/2756/2589 3751/2759/2594 3750/2758/2593
f 3745/2755/2588 3751/2759/2594 3746/2756/2589
f 3744/2754/2587 3752/2760/2595 3745/2755/2588
f 3745/2755/2588 3752/2760/2595 3751/2759/2594
f 3743/2753/2586 3753/2761/2596 3744/2754/2587
f 3744/2754/2587 3753/2761/2596 3752/2760/2595
f 3743/2753/2586 3754/2762/2597 3753/2761/2596
f 3742/2752/2585 3754/2762/2597 3743/2753/2586
f 3740/2750/2583 3755/2763/2598 3742/2752/2585
f 3742/2752/2585 3755/2763/2598 3754/2762/2597
f 3741/2751/2584 3756/2764/2599 3740/2750/2583
f 3740/2750/2583 3756/2764/2599 3755/2763/2598
f 3741/2751/2584 3757/2765/2244 3756/2764/2599
f 3757/2765/2244 3758/2766/2600 3756/2764/2599
f 3756/2764/2599 3758/2766/2600 3759/2767/2601
f 3756/2764/2599 3759/2767/2601 3755/2763/2598
f 3751/2759/2594 3760/2768/2602 3750/2758/2593
f 3752/2760/2595 3761/2769/2603 3751/2759/2594
f 3751/2759/2594 3761/2769/2603 3760/2768/2602
f 3752/2760/2595 3762/2770/2604 3761/2769/2603
f 3753/2761/2596 3762/2770/2604 3752/2760/2595
f 3754/2762/2597 3763/2771/2605 3753/2761/2596
f 3753/2761/2596 3763/2771/2605 3762/2770/2604
f 3754/2762/2597 3764/2772/2606 3763/2771/2605
f 3755/2763/2598 3759/2767/2601 3764/2772/2606
f 3755/2763/2598 3764/2772/2606 3754/2762/2597
f 3761/2769/2603 3765/2773/2607 3760/2768/2602
f 3761/2769/2603 3766/2774/2608 3765/2773/2607
f 3762/2770/2604 3766/2774/2608 3761/2769/2603
f 3762/2770/2604 3767/2775/2609 3766/2774/2608
f 3763/2771/2605 3767/2775/2609 3762/2770/2604
f 3763/2771/2605 3768/2776/2610 3767/2775/2609
f 3764/2772/2606 3768/2776/2610 3763/2771/2605
f 3764/2772/2606 3769/2777/2611 3768/2776/2610
f 3759/2767/2601 3769/2777/2611 3764/2772/2606
f 3766/2774/2608 3770/2778/2612 3765/2773/2607
f 3766/2774/2608 3771/2779/2613 3770/2778/2612
f 3767/2775/2609 3771/2779/2613 3766/2774/2608
f 3767/2775/2609 3772/2780/2614 3771/2779/2613
f 3768/2776/2610 3772/2780/2614 3767/2775/2609
f 3769/2777/2611 3773/2781/2615 3768/2776/2610
f 3768/2776/2610 3773/2781/2615 3772/2780/2614
f 3771/2779/2613 3774/2782/2616 3770/2778/2612
f 3771/2779/2613 3775/2783/2617 3774/2782/2616
f 3772/2780/2614 3775/2783/2617 3771/2779/2613
f 3772/2780/2614 3776/2784/2618 3775/2783/2617
f 3773/2781/2615 3776/2784/2618 3772/2780/2614
f 3775/2783/2617 3777/2785/2619 3774/2782/2616
f 3775/2783/2617 3778/2786/2620 3777/2785/2619
f 3776/2784/2618 3778/2786/2620 3775/2783/2617
f 3778/2786/2620 3779/2787/2621 3777/2785/2619
f 3758/2766/2600 3780/2788/2622 3759/2767/2601
f 3759/2767/2601 3780/2788/2622 3769/2777/2611
f 3780/2788/2622 3781/2789/2623 3769/2777/2611
f 3769/2777/2611 3781/2789/2623 3773/2781/2615
f 3781/2789/2623 3782/2790/2569 3773/2781/2615
f 3773/2781/2615 3782/2790/2569 3776/2784/2618
f 3776/2784/2618 3783/2791/2624 3778/2786/2620
f 3782/2790/2569 3783/2791/2624 3776/2784/2618
f 3778/2786/2620 3784/2792/2625 3779/2787/2621
f 3783/2791/2624 3784/2792/2625 3778/2786/2620
f 3784/2792/2625 3785/2793/2626 3779/2787/2621
f 3785/2793/2626 3786/2793/2592 3779/2787/2621
f 3779/2787/2621 3787/2787/2627 3777/2785/2619
f 3786/2793/2592 3787/2787/2627 3779/2787/2621
f 3787/2787/2627 3788/2785/2628 3777/2785/2619
f 3777/2785/2619 3788/2785/2628 3774/2782/2616
f 3788/2785/2628 3789/2782/2629 3774/2782/2616
f 3774/2782/2616 3789/2782/2629 3770/2778/2612
f 3789/2782/2629 3790/2778/2630 3770/2778/2612
f 3770/2778/2612 3790/2778/2630 3765/2773/2607
f 3765/2773/2607 3791/2773/2631 3760/2768/2602
f 3790/2778/2630 3791/2773/2631 3765/2773/2607
f 3760/2768/2602 3792/2768/2632 3750/2758/2593
f 3791/2773/2631 3792/2768/2632 3760/2768/2602
f 3792/2768/2632 3748/2758/2591 3750/2758/2593
f 3793/2794/2633 3794/2795/2634 3795/2796/2635
f 3796/2797/2636 3793/2794/2633 3795/2796/2635
f 3796/2797/2636 3795/2796/2635 3797/2798/2637
f 3798/2799/2638 3793/2794/2633 3796/2797/2636
f 3799/2800/2639 3796/2797/2636 3797/2798/2637
f 3799/2800/2639 3797/2798/2637 3800/2801/2640
f 3801/2802/2641 3798/2799/2638 3796/2797/2636
f 3801/2802/2641 3796/2797/2636 3799/2800/2639
f 3802/2803/2642 3798/2799/2638 3801/2802/2641
f 3803/2804/2643 3799/2800/2639 3800/2801/2640
f 3803/2804/2643 3800/2801/2640 3804/2805/2644
f 3805/2806/2645 3799/2800/2639 3803/2804/2643
f 3805/2806/2645 3801/2802/2641 3799/2800/2639
f 3806/2807/2646 3802/2803/2642 3801/2802/2641
f 3806/2807/2646 3801/2802/2641 3805/2806/2645
f 3807/2808/2647 3802/2803/2642 3806/2807/2646
f 3808/2809/2648 3803/2804/2643 3804/2805/2644
f 3808/2809/2648 3804/2805/2644 3809/2810/2649
f 3810/2811/2650 3805/2806/2645 3803/2804/2643
f 3810/2811/2650 3803/2804/2643 3808/2809/2648
f 3811/2812/2651 3805/2806/2645 3810/2811/2650
f 3811/2812/2651 3806/2807/2646 3805/2806/2645
f 3812/2813/2652 3806/2807/2646 3811/2812/2651
f 3812/2813/2652 3807/2808/2647 3806/2807/2646
f 3813/2814/2653 3807/2808/2647 3812/2813/2652
f 3814/2815/2654 3808/2809/2648 3809/2810/2649
f 3814/2815/2654 3809/2810/2649 3815/2816/2655
f 3816/2817/2656 3810/2811/2650 3808/2809/2648
f 3816/2817/2656 3808/2809/2648 3814/2815/2654
f 3817/2818/2657 3811/2812/2651 3810/2811/2650
f 3817/2818/2657 3810/2811/2650 3816/2817/2656
f 3818/2819/2658 3812/2813/2652 3811/2812/2651
f 3818/2819/2658 3811/2812/2651 3817/2818/2657
f 3819/2820/2659 3812/2813/2652 3818/2819/2658
f 3819/2820/2659 3813/2814/2653 3812/2813/2652
f 3820/2821/2660 3813/2814/2653 3819/2820/2659
f 3821/2822/2661 3818/2819/2658 3817/2818/2657
f 3821/2822/2661 3817/2818/2657 3822/2823/2662
f 3822/2823/2662 3817/2818/2657 3816/2817/2656
f 3823/2824/2663 3816/2817/2656 3814/2815/2654
f 3822/2823/2662 3816/2817/2656 3823/2824/2663
f 3823/2824/2663 3814/2815/2654 3824/2825/2664
f 3824/2825/2664 3814/2815/2654 3815/2816/2655
f 3824/2825/2664 3815/2816/2655 3825/2826/2665
f 3826/2827/2666 3824/2825/2664 3825/2826/2665
f 3825/2826/2665 3827/2826/2667 3826/2827/2666
f 3827/2826/2667 3828/2827/2668 3826/2827/2666
f 3826/2827/2666 3828/2827/2668 3829/2828/2669
f 3828/2827/2668 3830/2828/2670 3829/2828/2669
f 3829/2828/2669 3830/2828/2670 3831/2829/2671
f 3830/2828/2670 3832/2829/2672 3831/2829/2671
f 3831/2829/2671 3832/2829/2672 3833/2830/2673
f 3832/2829/2672 3834/2830/2674 3833/2830/2673
f 3833/2830/2673 3834/2830/2674 3835/2831/2675
f 3829/2828/2669 3836/2832/2676 3826/2827/2666
f 3836/2832/2676 3823/2824/2663 3824/2825/2664
f 3836/2832/2676 3824/2825/2664 3826/2827/2666
f 3837/2833/2677 3836/2832/2676 3829/2828/2669
f 3831/2829/2671 3837/2833/2677 3829/2828/2669
f 3833/2830/2673 3838/2834/2678 3831/2829/2671
f 3838/2834/2678 3837/2833/2677 3831/2829/2671
f 3839/2835/2679 3838/2834/2678 3833/2830/2673
f 3835/2831/2675 3839/2835/2679 3833/2830/2673
f 3840/2836/2680 3839/2835/2679 3835/2831/2675
f 3841/2837/2681 3840/2836/2680 3835/2831/2675
f 3842/2838/2682 3840/2836/2680 3841/2837/2681
f 3843/2839/2683 3842/2838/2682 3841/2837/2681
f 3844/2840/2655 3842/2838/2682 3843/2839/2683
f 3845/2841/2684 3844/2840/2655 3843/2839/2683
f 3834/2830/2674 3846/2831/2685 3835/2831/2675
f 3835/2831/2675 3846/2831/2685 3841/2837/2681
f 3846/2831/2685 3847/2837/2686 3841/2837/2681
f 3841/2837/2681 3847/2837/2686 3843/2839/2683
f 3847/2837/2686 3848/2839/2687 3843/2839/2683
f 3843/2839/2683 3848/2839/2687 3845/2841/2684
f 3848/2839/2687 3849/2841/2688 3845/2841/2684
f 3837/2833/2677 3850/2842/2689 3836/2832/2676
f 3850/2842/2689 3822/2823/2662 3823/2824/2663
f 3850/2842/2689 3823/2824/2663 3836/2832/2676
f 3851/2843/2690 3850/2842/2689 3837/2833/2677
f 3838/2834/2678 3851/2843/2690 3837/2833/2677
f 3852/2844/2691 3851/2843/2690 3838/2834/2678
f 3839/2835/2679 3852/2844/2691 3838/2834/2678
f 3840/2836/2680 3853/2845/2692 3839/2835/2679
f 3853/2845/2692 3852/2844/2691 3839/2835/2679
f 3854/2846/2693 3853/2845/2692 3840/2836/2680
f 3842/2838/2682 3854/2846/2693 3840/2836/2680
f 3855/2847/2694 3821/2822/2661 3822/2823/2662
f 3855/2847/2694 3822/2823/2662 3850/2842/2689
f 3851/2843/2690 3855/2847/2694 3850/2842/2689
f 3856/2848/2695 3855/2847/2694 3851/2843/2690
f 3852/2844/2691 3856/2848/2695 3851/2843/2690
f 3857/2849/2696 3856/2848/2695 3852/2844/2691
f 3853/2845/2692 3857/2849/2696 3852/2844/2691
f 3858/2850/2697 3821/2822/2661 3855/2847/2694
f 3856/2848/2695 3858/2850/2697 3855/2847/2694
f 3857/2849/2696 3859/2851/2698 3856/2848/2695
f 3859/2851/2698 3858/2850/2697 3856/2848/2695
f 3859/2851/2698 3860/2852/2699 3858/2850/2697
f 3854/2846/2693 3861/2853/2700 3853/2845/2692
f 3861/2853/2700 3857/2849/2696 3853/2845/2692
f 3862/2854/2701 3859/2851/2698 3857/2849/2696
f 3861/2853/2700 3862/2854/2701 3857/2849/2696
f 3863/2855/2702 3860/2852/2699 3859/2851/2698
f 3862/2854/2701 3863/2855/2702 3859/2851/2698
f 3863/2855/2702 3864/2856/2703 3860/2852/2699
f 3864/2856/2703 3865/2857/2704 3860/2852/2699
f 3865/2857/2704 3820/2821/2660 3819/2820/2659
f 3858/2850/2697 3866/2858/2705 3821/2822/2661
f 3860/2852/2699 3865/2857/2704 3866/2858/2705
f 3865/2857/2704 3819/2820/2659 3866/2858/2705
f 3866/2858/2705 3818/2819/2658 3821/2822/2661
f 3866/2858/2705 3819/2820/2659 3818/2819/2658
f 3860/2852/2699 3866/2858/2705 3858/2850/2697
f 3867/2859/2706 3854/2846/2693 3842/2838/2682
f 3844/2840/2655 3867/2859/2706 3842/2838/2682
f 3868/2860/2644 3861/2853/2700 3854/2846/2693
f 3867/2859/2706 3868/2860/2644 3854/2846/2693
f 3868/2860/2644 3869/2861/2707 3861/2853/2700
f 3869/2861/2707 3862/2854/2701 3861/2853/2700
f 3870/2862/2637 3863/2855/2702 3862/2854/2701
f 3869/2861/2707 3870/2862/2637 3862/2854/2701
f 3870/2862/2637 3871/2863/2708 3863/2855/2702
f 3871/2863/2708 3864/2856/2703 3863/2855/2702
f 3871/2863/2708 3872/2864/2634 3864/2856/2703
f 3873/2865/2709 3820/2821/2660 3865/2857/2704
f 3872/2864/2634 3873/2865/2709 3864/2856/2703
f 3864/2856/2703 3873/2865/2709 3865/2857/2704
f 3874/2866/2710 3875/2867/2711 3876/2868/2712
f 3876/2868/2712 3875/2867/2711 3877/2869/2713
f 3876/2868/2712 3877/2869/2713 3878/2870/2714
f 3878/2870/2714 3877/2869/2713 3879/2871/2715
f 3880/2872/2716 3879/2871/2715 3877/2869/2713
f 3881/2873/2717 3879/2871/2715 3880/2872/2716
f 3882/2874/2471 3883/2875/2718 3884/2876/2719
f 3884/2876/2719 3883/2875/2718 3885/2877/2720
f 3884/2876/2719 3885/2877/2720 3886/2878/2721
f 3886/2878/2721 3885/2877/2720 3887/2879/2722
f 3888/2880/2474 3887/2879/2722 3885/2877/2720
f 3889/2881/2723 3887/2879/2722 3888/2880/2474
f 3890/2882/2724 3891/2883/2725 3892/2884/2726
f 3892/2884/2726 3891/2883/2725 3893/2885/2727
f 3892/2884/2726 3893/2885/2727 3894/2886/2154
f 3894/2886/2154 3893/2885/2727 3895/2887/2728
f 3896/2888/2729 3895/2887/2728 3893/2885/2727
f 3897/2889/2730 3895/2887/2728 3896/2888/2729
f 3898/2890/2731 3899/2891/2732 3900/2892/2733
f 3901/2893/2734 3898/2890/2731 3900/2892/2733
f 3902/2894/2735 3898/2890/2731 3901/2893/2734
f 3903/2895/2736 3902/2894/2735 3901/2893/2734
f 3903/2895/2736 3901/2893/2734 3904/2896/2737
f 3905/2897/2738 3903/2895/2736 3904/2896/2737
f 3905/2897/2738 3904/2896/2737 3906/2898/2739
f 3907/2899/2740 3905/2897/2738 3906/2898/2739
f 3907/2899/2740 3906/2898/2739 3908/2900/2741
f 3909/2901/2742 3907/2899/2740 3908/2900/2741
f 3909/2901/2742 3908/2900/2741 3910/2902/2743
f 3911/2903/2744 3909/2901/2742 3910/2902/2743
f 3911/2903/2744 3910/2902/2743 3912/2904/2745
f 3913/2905/2746 3911/2903/2744 3912/2904/2745
f 3912/2904/2745 3914/2904/2747 3913/2905/2746
f 3914/2904/2747 3915/2905/2748 3913/2905/2746
f 3913/2905/2746 3915/2905/2748 3916/2906/2749
f 3915/2905/2748 3917/2906/2750 3916/2906/2749
f 3918/2907/2751 3902/2894/2735 3903/2895/2736
f 3919/2908/2752 3918/2907/2751 3903/2895/2736
f 3919/2908/2752 3903/2895/2736 3905/2897/2738
f 3920/2909/2753 3905/2897/2738 3907/2899/2740
f 3920/2909/2753 3919/2908/2752 3905/2897/2738
f 3921/2910/2754 3907/2899/2740 3909/2901/2742
f 3921/2910/2754 3920/2909/2753 3907/2899/2740
f 3922/2911/2755 3921/2910/2754 3909/2901/2742
f 3922/2911/2755 3909/2901/2742 3911/2903/2744
f 3923/2912/2756 3922/2911/2755 3911/2903/2744
f 3923/2912/2756 3911/2903/2744 3913/2905/2746
f 3916/2906/2749 3923/2912/2756 3913/2905/2746
f 3924/2913/2757 3914/2904/2747 3912/2904/2745
f 3912/2904/2745 3910/2902/2743 3925/2913/2758
f 3925/2913/2758 3924/2913/2757 3912/2904/2745
f 3910/2902/2743 3926/2914/2759 3925/2913/2758
f 3910/2902/2743 3908/2900/2741 3926/2914/2759
f 3908/2900/2741 3927/2915/2760 3926/2914/2759
f 3908/2900/2741 3906/2898/2739 3927/2915/2760
f 3906/2898/2739 3904/2896/2737 3928/2916/2761
f 3906/2898/2739 3928/2916/2761 3927/2915/2760
f 3904/2896/2737 3929/2917/2762 3928/2916/2761
f 3904/2896/2737 3901/2893/2734 3929/2917/2762
f 3901/2893/2734 3900/2892/2733 3929/2917/2762
f 3898/2890/2731 3930/2918/2763 3899/2891/2732
f 3930/2918/2763 3931/2919/2764 3899/2891/2732
f 3932/2920/2765 3930/2918/2763 3898/2890/2731
f 3902/2894/2735 3932/2920/2765 3898/2890/2731
f 3918/2907/2751 3933/2921/2766 3902/2894/2735
f 3933/2921/2766 3932/2920/2765 3902/2894/2735
f 3934/2922/2767 3933/2921/2766 3918/2907/2751
f 3935/2923/2768 3934/2922/2767 3918/2907/2751
f 3935/2923/2768 3918/2907/2751 3919/2908/2752
f 3936/2924/2769 3935/2923/2768 3919/2908/2752
f 3936/2924/2769 3919/2908/2752 3920/2909/2753
f 3937/2925/2770 3936/2924/2769 3920/2909/2753
f 3937/2925/2770 3920/2909/2753 3921/2910/2754
f 3938/2926/2771 3921/2910/2754 3922/2911/2755
f 3938/2926/2771 3937/2925/2770 3921/2910/2754
f 3939/2927/2772 3922/2911/2755 3923/2912/2756
f 3939/2927/2772 3938/2926/2771 3922/2911/2755
f 3940/2928/2773 3939/2927/2772 3923/2912/2756
f 3940/2928/2773 3923/2912/2756 3916/2906/2749
f 3941/2929/2774 3942/2930/2775 3943/2931/2776
f 3942/2930/2775 3944/2932/2777 3943/2931/2776
f 3943/2931/2776 3944/2932/2777 3945/2933/2778
f 3944/2932/2777 3946/2934/2779 3945/2933/2778
f 3945/2933/2778 3946/2934/2779 3947/2935/2780
f 3946/2934/2779 3948/2936/2781 3947/2935/2780
f 3948/2936/2781 3940/2928/2773 3949/2937/2782
f 3947/2935/2780 3948/2936/2781 3949/2937/2782
f 3949/2937/2782 3940/2928/2773 3916/2906/2749
f 3916/2906/2749 3917/2906/2750 3949/2937/2782
f 3948/2936/2781 3950/2938/2783 3940/2928/2773
f 3950/2938/2783 3939/2927/2772 3940/2928/2773
f 3950/2938/2783 3951/2939/2784 3939/2927/2772
f 3951/2939/2784 3938/2926/2771 3939/2927/2772
f 3952/2940/2785 3937/2925/2770 3938/2926/2771
f 3951/2939/2784 3952/2940/2785 3938/2926/2771
f 3952/2940/2785 3953/2941/2786 3937/2925/2770
f 3953/2941/2786 3936/2924/2769 3937/2925/2770
f 3953/2941/2786 3954/2942/2787 3936/2924/2769
f 3954/2942/2787 3935/2923/2768 3936/2924/2769
f 3954/2942/2787 3955/2943/2788 3935/2923/2768
f 3955/2943/2788 3934/2922/2767 3935/2923/2768
f 3956/2944/2789 3955/2943/2788 3954/2942/2787
f 3957/2945/2790 3956/2944/2789 3954/2942/2787
f 3957/2945/2790 3954/2942/2787 3953/2941/2786
f 3958/2946/2791 3953/2941/2786 3952/2940/2785
f 3958/2946/2791 3957/2945/2790 3953/2941/2786
f 3959/2947/2792 3952/2940/2785 3951/2939/2784
f 3959/2947/2792 3958/2946/2791 3952/2940/2785
f 3960/2948/2793 3951/2939/2784 3950/2938/2783
f 3960/2948/2793 3959/2947/2792 3951/2939/2784
f 3961/2949/2794 3960/2948/2793 3950/2938/2783
f 3961/2949/2794 3950/2938/2783 3948/2936/2781
f 3946/2934/2779 3961/2949/2794 3948/2936/2781
f 3944/2932/2777 3962/2950/2795 3946/2934/2779
f 3962/2950/2795 3961/2949/2794 3946/2934/2779
f 3963/2951/2796 3962/2950/2795 3944/2932/2777
f 3942/2930/2775 3963/2951/2796 3944/2932/2777
f 3963/2951/2796 3964/2952/2797 3962/2950/2795
f 3964/2952/2797 3965/2953/2798 3966/2954/2799
f 3962/2950/2795 3966/2954/2799 3961/2949/2794
f 3964/2952/2797 3966/2954/2799 3962/2950/2795
f 3966/2954/2799 3960/2948/2793 3961/2949/2794
f 3966/2954/2799 3967/2955/2800 3960/2948/2793
f 3965/2953/2798 3967/2955/2800 3966/2954/2799
f 3967/2955/2800 3959/2947/2792 3960/2948/2793
f 3968/2956/2801 3958/2946/2791 3959/2947/2792
f 3967/2955/2800 3968/2956/2801 3959/2947/2792
f 3969/2957/2802 3957/2945/2790 3958/2946/2791
f 3968/2956/2801 3969/2957/2802 3958/2946/2791
f 3970/2958/2803 3956/2944/2789 3957/2945/2790
f 3969/2957/2802 3970/2958/2803 3957/2945/2790
f 3971/2959/2804 3968/2956/2801 3967/2955/2800
f 3965/2953/2798 3971/2959/2804 3967/2955/2800
f 3971/2959/2804 3972/2960/2805 3968/2956/2801
f 3972/2960/2805 3969/2957/2802 3968/2956/2801
f 3972/2960/2805 3973/2961/2764 3969/2957/2802
f 3973/2961/2764 3970/2958/2803 3969/2957/2802
f 3974/2962/2806 3975/2963/2807 3976/2964/2808
f 3977/2965/2809 3974/2962/2806 3976/2964/2808
f 3978/2966/2810 3974/2962/2806 3977/2965/2809
f 3979/2967/2715 3978/2966/2810 3977/2965/2809
f 3976/2964/2808 3975/2963/2807 3980/2968/2811
f 3980/2968/2811 3981/2969/2812 3982/2970/2813
f 3976/2964/2808 3980/2968/2811 3983/2971/2814
f 3983/2971/2814 3980/2968/2811 3982/2970/2813
f 3977/2965/2809 3976/2964/2808 3984/2972/2815
f 3984/2972/2815 3976/2964/2808 3983/2971/2814
f 3985/2973/2816 3977/2965/2809 3984/2972/2815
f 3979/2967/2715 3977/2965/2809 3985/2973/2816
f 3986/2974/2817 3979/2967/2715 3985/2973/2816
f 3987/2975/2818 3988/2976/2819 3989/2977/2820
f 3990/2978/2821 3987/2975/2818 3989/2977/2820
f 3990/2978/2821 3989/2977/2820 3991/2979/2822
f 3992/2980/2823 3990/2978/2821 3991/2979/2822
f 3992/2980/2823 3991/2979/2822 3993/2981/2824
f 3994/2982/2825 3992/2980/2823 3993/2981/2824
f 3994/2982/2825 3993/2981/2824 3995/2983/2826
f 3996/2984/2827 3994/2982/2825 3995/2983/2826
f 3996/2984/2827 3995/2983/2826 3997/2985/2828
f 3998/2986/2829 3996/2984/2827 3997/2985/2828
f 3998/2986/2829 3997/2985/2828 3999/2987/2830
f 4000/2988/2831 3998/2986/2829 3999/2987/2830
f 3981/2969/2812 4000/2988/2831 4001/2989/2832
f 4000/2988/2831 3999/2987/2830 4001/2989/2832
f 3975/2963/2807 4002/2990/2833 3980/2968/2811
f 4002/2990/2833 4000/2988/2831 3981/2969/2812
f 3980/2968/2811 4002/2990/2833 3981/2969/2812
f 4003/2991/2834 3987/2975/2818 3990/2978/2821
f 4004/2992/2835 3990/2978/2821 3992/2980/2823
f 4004/2992/2835 4003/2991/2834 3990/2978/2821
f 4005/2993/2836 3992/2980/2823 3994/2982/2825
f 4005/2993/2836 4004/2992/2835 3992/2980/2823
f 4006/2994/2837 4005/2993/2836 3994/2982/2825
f 4006/2994/2837 3994/2982/2825 3996/2984/2827
f 4007/2995/2838 3996/2984/2827 3998/2986/2829
f 4007/2995/2838 4006/2994/2837 3996/2984/2827
f 4002/2990/2833 4008/2996/2839 4000/2988/2831
f 4008/2996/2839 4007/2995/2838 3998/2986/2829
f 4008/2996/2839 3998/2986/2829 4000/2988/2831
f 4009/2997/2840 4008/2996/2839 4002/2990/2833
f 3975/2963/2807 4009/2997/2840 4002/2990/2833
f 3974/2962/2806 4010/2998/2841 3975/2963/2807
f 4010/2998/2841 4009/2997/2840 3975/2963/2807
f 4011/2999/2842 4010/2998/2841 3974/2962/2806
f 3978/2966/2810 4011/2999/2842 3974/2962/2806
f 4012/3000/2843 4003/2991/2834 4004/2992/2835
f 4013/3001/2844 4004/2992/2835 4005/2993/2836
f 4013/3001/2844 4012/3000/2843 4004/2992/2835
f 4014/3002/2845 4013/3001/2844 4005/2993/2836
f 4014/3002/2845 4005/2993/2836 4006/2994/2837
f 4015/3003/2846 4014/3002/2845 4006/2994/2837
f 4015/3003/2846 4006/2994/2837 4007/2995/2838
f 4009/2997/2840 4016/3004/2847 4008/2996/2839
f 4016/3004/2847 4015/3003/2846 4007/2995/2838
f 4016/3004/2847 4007/2995/2838 4008/2996/2839
f 4017/3005/2848 4016/3004/2847 4009/2997/2840
f 4010/2998/2841 4017/3005/2848 4009/2997/2840
f 4018/3006/2849 4017/3005/2848 4010/2998/2841
f 4011/2999/2842 4018/3006/2849 4010/2998/2841
f 4019/3007/2850 4012/3000/2843 4013/3001/2844
f 4020/3008/2851 4019/3007/2850 4013/3001/2844
f 4020/3008/2851 4013/3001/2844 4014/3002/2845
f 4021/3009/2852 4020/3008/2851 4014/3002/2845
f 4021/3009/2852 4014/3002/2845 4015/3003/2846
f 4022/3010/2853 4021/3009/2852 4015/3003/2846
f 4022/3010/2853 4015/3003/2846 4016/3004/2847
f 4017/3005/2848 4022/3010/2853 4016/3004/2847
f 4018/3006/2849 4023/3011/2854 4017/3005/2848
f 4023/3011/2854 4022/3010/2853 4017/3005/2848
f 4024/3012/2714 4019/3007/2850 4020/3008/2851
f 4025/3013/2855 4024/3012/2714 4020/3008/2851
f 4025/3013/2855 4020/3008/2851 4021/3009/2852
f 4026/3014/2710 4025/3013/2855 4021/3009/2852
f 4026/3014/2710 4021/3009/2852 4022/3010/2853
f 4023/3011/2854 4026/3014/2710 4022/3010/2853
f 3988/2976/2819 4027/3015/2856 4028/3016/2857
f 3989/2977/2820 3988/2976/2819 4028/3016/2857
f 3989/2977/2820 4028/3016/2857 4029/3017/2858
f 3991/2979/2822 3989/2977/2820 4029/3017/2858
f 3993/2981/2824 3991/2979/2822 4030/3018/2859
f 3991/2979/2822 4029/3017/2858 4030/3018/2859
f 3993/2981/2824 4030/3018/2859 4031/3019/2860
f 3995/2983/2826 3993/2981/2824 4031/3019/2860
f 3995/2983/2826 4031/3019/2860 4032/3020/2861
f 3997/2985/2828 3995/2983/2826 4032/3020/2861
f 3999/2987/2830 3997/2985/2828 4033/3021/2862
f 3997/2985/2828 4032/3020/2861 4033/3021/2862
f 4001/2989/2832 3999/2987/2830 4034/3022/2863
f 3999/2987/2830 4033/3021/2862 4034/3022/2863
f 4001/2989/2832 4034/3022/2863 4035/3023/2864
f 3982/2970/2813 3981/2969/2812 4036/3024/2865
f 3981/2969/2812 4001/2989/2832 4036/3024/2865
f 4036/3024/2865 4001/2989/2832 4035/3023/2864
f 4028/3016/2857 4027/3015/2856 4037/3025/2866
f 4028/3016/2857 4037/3025/2866 4038/3026/2867
f 4029/3017/2858 4028/3016/2857 4038/3026/2867
f 4030/3018/2859 4029/3017/2858 4039/3027/2868
f 4029/3017/2858 4038/3026/2867 4039/3027/2868
f 4031/3019/2860 4030/3018/2859 4040/3028/2869
f 4030/3018/2859 4039/3027/2868 4040/3028/2869
f 4031/3019/2860 4040/3028/2869 4041/3029/2870
f 4032/3020/2861 4031/3019/2860 4041/3029/2870
f 4033/3021/2862 4032/3020/2861 4042/3030/2871
f 4032/3020/2861 4041/3029/2870 4042/3030/2871
f 4033/3021/2862 4042/3030/2871 4043/3031/2872
f 4034/3022/2863 4033/3021/2862 4043/3031/2872
f 4034/3022/2863 4043/3031/2872 4044/3032/2873
f 4035/3023/2864 4034/3022/2863 4044/3032/2873
f 4043/3031/2872 4045/3031/2874 4044/3032/2873
f 4045/3031/2874 4046/3032/2875 4044/3032/2873
f 4042/3030/2871 4047/3030/2876 4043/3031/2872
f 4047/3030/2876 4045/3031/2874 4043/3031/2872
f 4041/3029/2870 4048/3029/2877 4042/3030/2871
f 4048/3029/2877 4047/3030/2876 4042/3030/2871
f 4049/3028/2878 4048/3029/2877 4041/3029/2870
f 4040/3028/2869 4049/3028/2878 4041/3029/2870
f 4039/3027/2868 4050/3027/2879 4040/3028/2869
f 4050/3027/2879 4049/3028/2878 4040/3028/2869
f 4051/3026/2880 4050/3027/2879 4039/3027/2868
f 4038/3026/2867 4051/3026/2880 4039/3027/2868
f 4037/3025/2866 4052/3025/2881 4038/3026/2867
f 4052/3025/2881 4051/3026/2880 4038/3026/2867
f 4053/3033/2882 4052/3025/2881 4037/3025/2866
f 4027/3015/2856 4054/3033/2883 4037/3025/2866
f 4054/3033/2883 4053/3033/2882 4037/3025/2866
f 3167/2231/2051 3169/2233/2053 4055/3034/2884
f 4055/3034/2884 3171/2235/2055 3108/2172/1996
f 4055/3034/2884 3108/2172/1996 3089/2153/1977
f 3169/2233/2053 3171/2235/2055 4055/3034/2884
f 3167/2231/2051 4055/3034/2884 4056/3035/2885
f 4056/3035/2885 4055/3034/2884 3089/2153/1977
f 4056/3035/2885 3089/2153/1977 3088/2152/1976
f 3165/2229/2049 3167/2231/2051 4056/3035/2885
f 4057/3036/2886 4056/3035/2885 3088/2152/1976
f 4057/3036/2886 3088/2152/1976 3087/2151/1975
f 3165/2229/2049 4056/3035/2885 4057/3036/2886
f 3163/2227/2047 3165/2229/2049 4057/3036/2886
f 4058/3037/2887 4057/3036/2886 3087/2151/1975
f 3161/2225/2045 3163/2227/2047 4058/3037/2887
f 4058/3037/2887 3087/2151/1975 3086/2150/1974
f 3163/2227/2047 4057/3036/2886 4058/3037/2887
f 4059/3038/2888 4058/3037/2887 3086/2150/1974
f 4059/3038/2888 3086/2150/1974 3085/2149/1973
f 3161/2225/2045 4058/3037/2887 4059/3038/2888
f 3159/2223/2043 3161/2225/2045 4059/3038/2888
f 3158/2222/2042 3159/2223/2043 4060/3039/2889
f 4060/3039/2889 4059/3038/2888 3085/2149/1973
f 3159/2223/2043 4059/3038/2888 4060/3039/2889
f 4061/3040/2890 4062/3041/2891 4063/3042/2892
f 4062/3041/2891 4061/3040/2890 4064/3043/2893
f 4065/3044/2316 4064/3043/2893 4061/3040/2890
f 4066/3045/2315 4064/3043/2893 4065/3044/2316
f 4066/3045/2315 4067/3046/2894 4064/3043/2893
f 4068/3047/2313 4067/3046/2894 4066/3045/2315
f 3124/2188/2012 4069/3048/2895 3125/2189/2013
f 4069/3048/2895 4070/3049/2896 3125/2189/2013
f 3123/2187/2011 4071/3050/2897 3124/2188/2012
f 4071/3050/2897 4069/3048/2895 3124/2188/2012
f 4072/3051/2898 4071/3050/2897 3123/2187/2011
f 3122/2186/2010 4072/3051/2898 3123/2187/2011
f 3121/2185/2009 4073/3052/2899 3122/2186/2010
f 4073/3052/2899 4072/3051/2898 3122/2186/2010
f 3120/2184/2008 4074/3053/2900 3121/2185/2009
f 4074/3053/2900 4073/3052/2899 3121/2185/2009
f 4075/3054/2901 4074/3053/2900 3120/2184/2008
f 3143/2207/2031 4075/3054/2901 3120/2184/2008
f 3142/2206/2030 4076/3055/2902 3143/2207/2031
f 4076/3055/2902 4075/3054/2901 3143/2207/2031
f 4077/3056/2896 4076/3055/2902 3142/2206/2030
f 4078/3057/2903 4077/3056/2896 3142/2206/2030
f 4078/3057/2903 3142/2206/2030 3141/2205/2029
f 3144/2208/1998 4078/3057/2903 3141/2205/2029
f 4079/3058/2904 4080/3059/2905 4081/3060/2906
f 4080/3059/2905 4079/3058/2904 4082/3061/2907
f 4083/3062/2709 4082/3061/2907 4079/3058/2904
f 4084/3063/2634 4082/3061/2907 4083/3062/2709
f 4084/3063/2634 4085/3064/2638 4082/3061/2907
f 4086/3065/2908 4085/3064/2638 4084/3063/2634
f 3917/2906/2750 4087/2937/2909 3949/2937/2782
f 3949/2937/2782 4087/2937/2909 3947/2935/2780
f 3947/2935/2780 4088/2935/2910 3945/2933/2778
f 4087/2937/2909 4088/2935/2910 3947/2935/2780
f 4088/2935/2910 4089/2933/2911 3945/2933/2778
f 3945/2933/2778 4089/2933/2911 3943/2931/2776
f 4089/2933/2911 4090/2931/2912 3943/2931/2776
f 3943/2931/2776 4090/2931/2912 3941/2929/2774
f 4090/2931/2912 4091/2929/2913 3941/2929/2774
f 4092/3066/2914 4093/3067/2915 4094/3068/2916
f 4093/3067/2915 4092/3066/2914 4095/3069/2917
f 4096/3070/2896 4095/3069/2917 4092/3066/2914
f 4097/3071/2895 4095/3069/2917 4096/3070/2896
f 4097/3071/2895 4098/3072/2898 4095/3069/2917
f 4099/3073/2897 4098/3072/2898 4097/3071/2895
f 4100/3074/2918 3584/2609/2440 3568/2596/2424
f 3575/2603/2431 4101/3075/2919 3569/2597/2425
f 4101/3075/2919 3568/2596/2424 3569/2597/2425
f 4101/3075/2919 4100/3074/2918 3568/2596/2424
f 4102/3076/2480 4100/3074/2918 4101/3075/2919
f 4103/3077/2920 4101/3075/2919 3575/2603/2431
f 4103/3077/2920 4102/3076/2480 4101/3075/2919
f 3573/2601/2429 4103/3077/2920 3575/2603/2431
f 4104/3078/2468 4102/3076/2480 4103/3077/2920
f 4105/3079/2921 4103/3077/2920 3573/2601/2429
f 4105/3079/2921 4104/3078/2468 4103/3077/2920
f 3571/2599/2427 4105/3079/2921 3573/2601/2429
f 4106/3080/2469 4104/3078/2468 4105/3079/2921
f 4107/3081/2922 4105/3079/2921 3571/2599/2427
f 4107/3081/2922 4106/3080/2469 4105/3079/2921
f 4108/3082/2475 4106/3080/2469 4107/3081/2922
f 4109/3083/2722 4108/3082/2475 4107/3081/2922
f 4109/3083/2722 4107/3081/2922 4110/3084/2923
f 4110/3084/2923 4107/3081/2922 3571/2599/2427
f 4110/3084/2923 3571/2599/2427 3570/2598/2426
f 4111/3085/2924 4109/3083/2722 4110/3084/2923
f 3617/2636/2470 4112/3086/2925 3589/2613/2445
f 4112/3086/2925 3570/2598/2426 3589/2613/2445
f 4111/3085/2924 4110/3084/2923 4112/3086/2925
f 4112/3086/2925 4110/3084/2923 3570/2598/2426
f 4113/3087/2719 4111/3085/2924 4112/3086/2925
f 4113/3087/2719 4112/3086/2925 3617/2636/2470
f 3618/2637/2471 4113/3087/2719 3617/2636/2470
f 4114/3088/2926 4115/3089/2927 4116/3090/2928
f 4115/3089/2927 4114/3088/2926 4117/3091/2929
f 4118/3092/2930 4117/3091/2929 4114/3088/2926
f 4119/3093/2763 4117/3091/2929 4118/3092/2930
f 4119/3093/2763 4120/3094/2931 4117/3091/2929
f 4121/3095/2932 4120/3094/2931 4119/3093/2763
f 4122/3096/2933 4123/3097/2934 4124/3098/2935
f 4123/3097/2934 4122/3096/2933 4125/3099/2936
f 4126/3100/2229 4125/3099/2936 4122/3096/2933
f 4127/3101/2228 4125/3099/2936 4126/3100/2229
f 4127/3101/2228 4128/3102/2937 4125/3099/2936
f 4129/3103/2191 4128/3102/2937 4127/3101/2228
